frame,x,y,width,height,box_area,smoothed_area,area_ratio,overtake_chance,status,tracking
1,884,500,72,42,3024,3024.0,1.0,28,📉 LOW OVERTAKE CHANCE,success
2,885,500,72,42,3024,3024.0,1.0,28,📉 LOW OVERTAKE CHANCE,success
3,885,500,72,42,3024,3024.0,1.0,28,📉 LOW OVERTAKE CHANCE,success
4,886,500,72,42,3024,3024.0,1.0,28,📉 LOW OVERTAKE CHANCE,success
5,886,500,72,42,3024,3024.0,1.0,28,📉 LOW OVERTAKE CHANCE,success
6,886,500,72,42,3024,3024.0,1.0,28,📉 LOW OVERTAKE CHANCE,success
7,886,501,72,42,3024,3024.0,1.0,28,📉 LOW OVERTAKE CHANCE,success
8,886,501,72,42,3024,3024.0,1.0,28,📉 LOW OVERTAKE CHANCE,success
9,886,501,72,42,3024,3024.0,1.0,28,📉 LOW OVERTAKE CHANCE,success
10,886,501,72,42,3024,3024.0,1.0,28,📉 LOW OVERTAKE CHANCE,success
11,886,501,72,42,3024,3024.0,1.0,28,📉 LOW OVERTAKE CHANCE,success
12,886,500,72,42,3024,3024.0,1.0,28,📉 LOW OVERTAKE CHANCE,success
13,886,499,72,42,3024,3024.0,1.0,28,📉 LOW OVERTAKE CHANCE,success
14,886,500,72,42,3024,3024.0,1.0,28,📉 LOW OVERTAKE CHANCE,success
15,884,499,76,44,3344,3045.3333333333335,1.0070546737213404,29,📉 LOW OVERTAKE CHANCE,success
16,886,501,72,42,3024,3045.3333333333335,1.0070546737213404,29,📉 LOW OVERTAKE CHANCE,success
17,886,501,72,42,3024,3045.3333333333335,1.0070546737213404,29,📉 LOW OVERTAKE CHANCE,success
18,885,501,72,42,3024,3045.3333333333335,1.0070546737213404,29,📉 LOW OVERTAKE CHANCE,success
19,885,501,72,42,3024,3045.3333333333335,1.0070546737213404,29,📉 LOW OVERTAKE CHANCE,success
20,887,503,69,40,2760,3027.733333333333,1.0012345679012344,28,📉 LOW OVERTAKE CHANCE,success
21,885,501,72,42,3024,3027.733333333333,1.0012345679012344,28,📉 LOW OVERTAKE CHANCE,success
22,884,501,72,42,3024,3027.733333333333,1.0012345679012344,28,📉 LOW OVERTAKE CHANCE,success
23,885,501,69,40,2760,3010.133333333333,0.9954144620811287,27,📉 LOW OVERTAKE CHANCE,success
24,884,501,69,40,2760,2992.5333333333333,0.9895943562610229,27,📉 LOW OVERTAKE CHANCE,success
25,880,499,76,44,3344,3013.866666666667,0.9966490299823634,28,📉 LOW OVERTAKE CHANCE,success
26,881,500,72,42,3024,3013.866666666667,0.9966490299823634,28,📉 LOW OVERTAKE CHANCE,success
27,880,501,72,42,3024,3013.866666666667,0.9966490299823634,28,📉 LOW OVERTAKE CHANCE,success
28,880,503,69,40,2760,2996.266666666667,0.9908289241622575,27,📉 LOW OVERTAKE CHANCE,success
29,880,503,69,40,2760,2978.6666666666665,0.9850088183421516,26,📉 LOW OVERTAKE CHANCE,success
30,880,503,69,40,2760,2939.733333333333,0.9721340388007054,24,📉 LOW OVERTAKE CHANCE,success
31,875,500,76,44,3344,2961.0666666666666,0.9791887125220459,25,📉 LOW OVERTAKE CHANCE,success
32,872,499,79,46,3634,3001.733333333333,0.992636684303351,27,📉 LOW OVERTAKE CHANCE,success
33,872,497,79,46,3634,3042.4,1.0060846560846561,29,📉 LOW OVERTAKE CHANCE,success
34,870,495,79,46,3634,3083.0666666666666,1.019532627865961,31,📉 LOW OVERTAKE CHANCE,success
35,869,495,79,46,3634,3141.3333333333335,1.0388007054673722,34,📉 LOW OVERTAKE CHANCE,success
36,868,494,76,44,3344,3162.6666666666665,1.0458553791887124,35,📉 LOW OVERTAKE CHANCE,success
37,866,494,76,44,3344,3184.0,1.052910052910053,36,📉 LOW OVERTAKE CHANCE,success
38,861,494,79,46,3634,3242.266666666667,1.072178130511464,38,📉 LOW OVERTAKE CHANCE,success
39,862,494,76,44,3344,3281.2,1.08505291005291,40,⚡ MEDIUM OVERTAKE CHANCE,success
40,860,495,79,46,3634,3300.5333333333333,1.0914462081128748,41,⚡ MEDIUM OVERTAKE CHANCE,success
41,856,496,79,46,3634,3341.2,1.1048941798941798,43,⚡ MEDIUM OVERTAKE CHANCE,success
42,855,496,79,46,3634,3381.866666666667,1.118342151675485,45,⚡ MEDIUM OVERTAKE CHANCE,success
43,853,496,79,46,3634,3440.133333333333,1.137610229276896,48,⚡ MEDIUM OVERTAKE CHANCE,success
44,851,497,79,46,3634,3498.4,1.1568783068783068,50,⚡ MEDIUM OVERTAKE CHANCE,success
45,851,498,76,44,3344,3537.3333333333335,1.1697530864197532,52,⚡ MEDIUM OVERTAKE CHANCE,success
46,847,497,79,46,3634,3556.6666666666665,1.1761463844797178,53,⚡ MEDIUM OVERTAKE CHANCE,success
47,846,497,79,46,3634,3556.6666666666665,1.1761463844797178,53,⚡ MEDIUM OVERTAKE CHANCE,success
48,843,496,79,46,3634,3556.6666666666665,1.1761463844797178,53,⚡ MEDIUM OVERTAKE CHANCE,success
49,842,497,79,46,3634,3556.6666666666665,1.1761463844797178,53,⚡ MEDIUM OVERTAKE CHANCE,success
50,843,498,76,44,3344,3537.3333333333335,1.1697530864197532,52,⚡ MEDIUM OVERTAKE CHANCE,success
51,840,499,79,46,3634,3556.6666666666665,1.1761463844797178,53,⚡ MEDIUM OVERTAKE CHANCE,success
52,840,500,76,44,3344,3556.6666666666665,1.1761463844797178,53,⚡ MEDIUM OVERTAKE CHANCE,success
53,838,499,79,46,3634,3556.6666666666665,1.1761463844797178,53,⚡ MEDIUM OVERTAKE CHANCE,success
54,840,500,76,44,3344,3556.6666666666665,1.1761463844797178,53,⚡ MEDIUM OVERTAKE CHANCE,success
55,839,500,76,44,3344,3537.3333333333335,1.1697530864197532,52,⚡ MEDIUM OVERTAKE CHANCE,success
56,839,499,76,44,3344,3518.0,1.1633597883597884,51,⚡ MEDIUM OVERTAKE CHANCE,success
57,840,498,76,44,3344,3498.6666666666665,1.1569664902998236,50,⚡ MEDIUM OVERTAKE CHANCE,success
58,838,497,79,46,3634,3498.6666666666665,1.1569664902998236,50,⚡ MEDIUM OVERTAKE CHANCE,success
59,838,497,79,46,3634,3498.6666666666665,1.1569664902998236,50,⚡ MEDIUM OVERTAKE CHANCE,success
60,836,496,83,49,4067,3546.866666666667,1.172905643738977,53,⚡ MEDIUM OVERTAKE CHANCE,success
61,836,497,79,46,3634,3546.866666666667,1.172905643738977,53,⚡ MEDIUM OVERTAKE CHANCE,success
62,835,497,79,46,3634,3546.866666666667,1.172905643738977,53,⚡ MEDIUM OVERTAKE CHANCE,success
63,833,498,76,44,3344,3527.5333333333333,1.1665123456790123,52,⚡ MEDIUM OVERTAKE CHANCE,success
64,832,499,76,44,3344,3508.2,1.1601190476190475,51,⚡ MEDIUM OVERTAKE CHANCE,success
65,829,497,79,46,3634,3527.5333333333333,1.1665123456790123,52,⚡ MEDIUM OVERTAKE CHANCE,success
66,826,497,79,46,3634,3527.5333333333333,1.1665123456790123,52,⚡ MEDIUM OVERTAKE CHANCE,success
67,825,497,79,46,3634,3546.866666666667,1.172905643738977,53,⚡ MEDIUM OVERTAKE CHANCE,success
68,824,497,79,46,3634,3546.866666666667,1.172905643738977,53,⚡ MEDIUM OVERTAKE CHANCE,success
69,823,495,79,46,3634,3566.2,1.1792989417989417,54,⚡ MEDIUM OVERTAKE CHANCE,success
70,822,496,79,46,3634,3585.5333333333333,1.1856922398589065,55,⚡ MEDIUM OVERTAKE CHANCE,success
71,822,496,79,46,3634,3604.866666666667,1.1920855379188713,56,⚡ MEDIUM OVERTAKE CHANCE,success
72,823,496,79,46,3634,3624.2,1.1984788359788359,56,⚡ MEDIUM OVERTAKE CHANCE,success
73,824,496,79,46,3634,3624.2,1.1984788359788359,56,⚡ MEDIUM OVERTAKE CHANCE,success
74,825,496,79,46,3634,3624.2,1.1984788359788359,56,⚡ MEDIUM OVERTAKE CHANCE,success
75,826,496,79,46,3634,3595.3333333333335,1.1889329805996474,55,⚡ MEDIUM OVERTAKE CHANCE,success
76,832,497,76,44,3344,3576.0,1.1825396825396826,54,⚡ MEDIUM OVERTAKE CHANCE,success
77,830,497,79,46,3634,3576.0,1.1825396825396826,54,⚡ MEDIUM OVERTAKE CHANCE,success
78,833,495,79,46,3634,3595.3333333333335,1.1889329805996474,55,⚡ MEDIUM OVERTAKE CHANCE,success
79,833,495,79,46,3634,3614.6666666666665,1.195326278659612,56,⚡ MEDIUM OVERTAKE CHANCE,success
80,834,495,79,46,3634,3614.6666666666665,1.195326278659612,56,⚡ MEDIUM OVERTAKE CHANCE,success
81,837,497,76,44,3344,3595.3333333333335,1.1889329805996474,55,⚡ MEDIUM OVERTAKE CHANCE,success
82,837,497,79,46,3634,3595.3333333333335,1.1889329805996474,55,⚡ MEDIUM OVERTAKE CHANCE,success
83,837,497,79,46,3634,3595.3333333333335,1.1889329805996474,55,⚡ MEDIUM OVERTAKE CHANCE,success
84,839,498,76,44,3344,3576.0,1.1825396825396826,54,⚡ MEDIUM OVERTAKE CHANCE,success
85,836,498,79,46,3634,3576.0,1.1825396825396826,54,⚡ MEDIUM OVERTAKE CHANCE,success
86,838,498,76,44,3344,3556.6666666666665,1.1761463844797178,53,⚡ MEDIUM OVERTAKE CHANCE,success
87,836,498,79,46,3634,3556.6666666666665,1.1761463844797178,53,⚡ MEDIUM OVERTAKE CHANCE,success
88,836,498,79,46,3634,3556.6666666666665,1.1761463844797178,53,⚡ MEDIUM OVERTAKE CHANCE,success
89,837,498,79,46,3634,3556.6666666666665,1.1761463844797178,53,⚡ MEDIUM OVERTAKE CHANCE,success
90,839,499,76,44,3344,3537.3333333333335,1.1697530864197532,52,⚡ MEDIUM OVERTAKE CHANCE,success
91,841,499,79,46,3634,3556.6666666666665,1.1761463844797178,53,⚡ MEDIUM OVERTAKE CHANCE,success
92,841,498,79,46,3634,3556.6666666666665,1.1761463844797178,53,⚡ MEDIUM OVERTAKE CHANCE,success
93,844,498,79,46,3634,3556.6666666666665,1.1761463844797178,53,⚡ MEDIUM OVERTAKE CHANCE,success
94,844,498,79,46,3634,3556.6666666666665,1.1761463844797178,53,⚡ MEDIUM OVERTAKE CHANCE,success
95,844,498,79,46,3634,3556.6666666666665,1.1761463844797178,53,⚡ MEDIUM OVERTAKE CHANCE,success
96,848,501,76,44,3344,3556.6666666666665,1.1761463844797178,53,⚡ MEDIUM OVERTAKE CHANCE,success
97,846,501,79,46,3634,3556.6666666666665,1.1761463844797178,53,⚡ MEDIUM OVERTAKE CHANCE,success
98,850,501,79,46,3634,3556.6666666666665,1.1761463844797178,53,⚡ MEDIUM OVERTAKE CHANCE,success
99,850,501,79,46,3634,3576.0,1.1825396825396826,54,⚡ MEDIUM OVERTAKE CHANCE,success
100,850,499,83,49,4067,3604.866666666667,1.1920855379188713,56,⚡ MEDIUM OVERTAKE CHANCE,success
101,853,500,79,46,3634,3624.2,1.1984788359788359,56,⚡ MEDIUM OVERTAKE CHANCE,success
102,853,499,79,46,3634,3624.2,1.1984788359788359,56,⚡ MEDIUM OVERTAKE CHANCE,success
103,853,500,79,46,3634,3624.2,1.1984788359788359,56,⚡ MEDIUM OVERTAKE CHANCE,success
104,854,501,79,46,3634,3624.2,1.1984788359788359,56,⚡ MEDIUM OVERTAKE CHANCE,success
105,854,502,79,46,3634,3643.5333333333333,1.2048721340388007,57,⚡ MEDIUM OVERTAKE CHANCE,success
106,854,503,79,46,3634,3643.5333333333333,1.2048721340388007,57,⚡ MEDIUM OVERTAKE CHANCE,success
107,855,503,79,46,3634,3643.5333333333333,1.2048721340388007,57,⚡ MEDIUM OVERTAKE CHANCE,success
108,857,503,79,46,3634,3643.5333333333333,1.2048721340388007,57,⚡ MEDIUM OVERTAKE CHANCE,success
109,858,502,79,46,3634,3643.5333333333333,1.2048721340388007,57,⚡ MEDIUM OVERTAKE CHANCE,success
110,858,503,79,46,3634,3643.5333333333333,1.2048721340388007,57,⚡ MEDIUM OVERTAKE CHANCE,success
111,858,501,83,49,4067,3691.733333333333,1.220811287477954,60,⚡ MEDIUM OVERTAKE CHANCE,success
112,859,501,83,49,4067,3720.6,1.230357142857143,61,⚡ MEDIUM OVERTAKE CHANCE,success
113,860,499,83,49,4067,3749.4666666666667,1.2399029982363317,62,⚡ MEDIUM OVERTAKE CHANCE,success
114,860,500,83,49,4067,3778.3333333333335,1.2494488536155204,64,⚡ MEDIUM OVERTAKE CHANCE,success
115,863,500,79,46,3634,3749.4666666666667,1.2399029982363317,62,⚡ MEDIUM OVERTAKE CHANCE,success
116,862,499,83,49,4067,3778.3333333333335,1.2494488536155204,64,⚡ MEDIUM OVERTAKE CHANCE,success
117,863,500,83,49,4067,3807.2,1.2589947089947089,65,⚡ MEDIUM OVERTAKE CHANCE,success
118,865,500,79,46,3634,3807.2,1.2589947089947089,65,⚡ MEDIUM OVERTAKE CHANCE,success
119,865,500,79,46,3634,3807.2,1.2589947089947089,65,⚡ MEDIUM OVERTAKE CHANCE,success
120,865,500,79,46,3634,3807.2,1.2589947089947089,65,⚡ MEDIUM OVERTAKE CHANCE,success
121,865,499,79,46,3634,3807.2,1.2589947089947089,65,⚡ MEDIUM OVERTAKE CHANCE,success
122,864,499,79,46,3634,3807.2,1.2589947089947089,65,⚡ MEDIUM OVERTAKE CHANCE,success
123,863,500,79,46,3634,3807.2,1.2589947089947089,65,⚡ MEDIUM OVERTAKE CHANCE,success
124,863,499,79,46,3634,3807.2,1.2589947089947089,65,⚡ MEDIUM OVERTAKE CHANCE,success
125,861,499,79,46,3634,3807.2,1.2589947089947089,65,⚡ MEDIUM OVERTAKE CHANCE,success
126,861,499,79,46,3634,3778.3333333333335,1.2494488536155204,64,⚡ MEDIUM OVERTAKE CHANCE,success
127,860,499,79,46,3634,3749.4666666666667,1.2399029982363317,62,⚡ MEDIUM OVERTAKE CHANCE,success
128,858,499,79,46,3634,3720.6,1.230357142857143,61,⚡ MEDIUM OVERTAKE CHANCE,success
129,857,499,79,46,3634,3691.733333333333,1.220811287477954,60,⚡ MEDIUM OVERTAKE CHANCE,success
130,856,499,79,46,3634,3691.733333333333,1.220811287477954,60,⚡ MEDIUM OVERTAKE CHANCE,success
131,854,500,79,46,3634,3662.866666666667,1.2112654320987655,58,⚡ MEDIUM OVERTAKE CHANCE,success
132,850,499,83,49,4067,3662.866666666667,1.2112654320987655,58,⚡ MEDIUM OVERTAKE CHANCE,success
133,849,499,83,49,4067,3691.733333333333,1.220811287477954,60,⚡ MEDIUM OVERTAKE CHANCE,success
134,848,499,83,49,4067,3720.6,1.230357142857143,61,⚡ MEDIUM OVERTAKE CHANCE,success
135,848,499,83,49,4067,3749.4666666666667,1.2399029982363317,62,⚡ MEDIUM OVERTAKE CHANCE,success
136,846,499,83,49,4067,3778.3333333333335,1.2494488536155204,64,⚡ MEDIUM OVERTAKE CHANCE,success
137,843,498,88,51,4488,3835.266666666667,1.2682760141093474,66,⚡ MEDIUM OVERTAKE CHANCE,success
138,840,498,92,54,4968,3924.2,1.2976851851851852,71,🚀 HIGH OVERTAKE CHANCE!,success
139,840,498,92,54,4968,4013.133333333333,1.327094356261023,75,🚀 HIGH OVERTAKE CHANCE!,success
140,839,498,92,54,4968,4102.066666666667,1.3565035273368606,79,🚀 HIGH OVERTAKE CHANCE!,success
141,839,497,92,54,4968,4191.0,1.3859126984126984,83,🚀 HIGH OVERTAKE CHANCE!,success
142,838,498,92,54,4968,4279.933333333333,1.415321869488536,87,🚀 HIGH OVERTAKE CHANCE!,success
143,837,497,92,54,4968,4368.866666666667,1.4447310405643738,92,🚀 HIGH OVERTAKE CHANCE!,success
144,837,497,92,54,4968,4457.8,1.4741402116402118,96,🚀 HIGH OVERTAKE CHANCE!,success
145,837,496,92,54,4968,4546.733333333334,1.5035493827160495,100,🚀 HIGH OVERTAKE CHANCE!,success
146,834,494,96,56,5376,4662.866666666667,1.5419532627865962,100,🚀 HIGH OVERTAKE CHANCE!,success
147,834,493,96,56,5376,4750.133333333333,1.570811287477954,100,🚀 HIGH OVERTAKE CHANCE!,success
148,833,492,96,56,5376,4837.4,1.599669312169312,100,🚀 HIGH OVERTAKE CHANCE!,success
149,833,491,96,56,5376,4924.666666666667,1.6285273368606703,100,🚀 HIGH OVERTAKE CHANCE!,success
150,833,490,96,56,5376,5011.933333333333,1.6573853615520282,100,🚀 HIGH OVERTAKE CHANCE!,success
151,833,488,96,56,5376,5099.2,1.686243386243386,100,🚀 HIGH OVERTAKE CHANCE!,success
152,833,487,96,56,5376,5158.4,1.7058201058201057,100,🚀 HIGH OVERTAKE CHANCE!,success
153,833,485,96,56,5376,5185.6,1.714814814814815,100,🚀 HIGH OVERTAKE CHANCE!,success
154,833,484,96,56,5376,5212.8,1.723809523809524,100,🚀 HIGH OVERTAKE CHANCE!,success
155,833,484,96,56,5376,5240.0,1.7328042328042328,100,🚀 HIGH OVERTAKE CHANCE!,success
156,833,483,96,56,5376,5267.2,1.7417989417989417,100,🚀 HIGH OVERTAKE CHANCE!,success
157,830,482,101,59,5959,5333.266666666666,1.7636463844797177,100,🚀 HIGH OVERTAKE CHANCE!,success
158,831,481,101,59,5959,5399.333333333333,1.7854938271604937,100,🚀 HIGH OVERTAKE CHANCE!,success
159,828,479,106,62,6572,5506.266666666666,1.8208553791887125,100,🚀 HIGH OVERTAKE CHANCE!,success
160,831,480,101,59,5959,5572.333333333333,1.8427028218694885,100,🚀 HIGH OVERTAKE CHANCE!,success
161,828,478,106,62,6572,5652.066666666667,1.8690696649029983,100,🚀 HIGH OVERTAKE CHANCE!,success
162,829,477,106,62,6572,5731.8,1.895436507936508,100,🚀 HIGH OVERTAKE CHANCE!,success
163,830,477,106,62,6572,5811.533333333334,1.9218033509700179,100,🚀 HIGH OVERTAKE CHANCE!,success
164,830,476,106,62,6572,5891.266666666666,1.9481701940035272,100,🚀 HIGH OVERTAKE CHANCE!,success
165,830,476,106,62,6572,5971.0,1.974537037037037,100,🚀 HIGH OVERTAKE CHANCE!,success
166,830,475,106,62,6572,6050.733333333334,2.0009038800705468,100,🚀 HIGH OVERTAKE CHANCE!,success
167,830,476,106,62,6572,6130.466666666666,2.0272707231040563,100,🚀 HIGH OVERTAKE CHANCE!,success
168,830,475,106,62,6572,6210.2,2.053637566137566,100,🚀 HIGH OVERTAKE CHANCE!,success
169,831,476,106,62,6572,6289.933333333333,2.080004409171076,100,🚀 HIGH OVERTAKE CHANCE!,success
170,831,477,106,62,6572,6369.666666666667,2.1063712522045854,100,🚀 HIGH OVERTAKE CHANCE!,success
171,831,476,106,62,6572,6449.4,2.132738095238095,100,🚀 HIGH OVERTAKE CHANCE!,success
172,832,475,106,62,6572,6490.266666666666,2.146252204585538,100,🚀 HIGH OVERTAKE CHANCE!,success
173,833,476,106,62,6572,6531.133333333333,2.1597663139329804,100,🚀 HIGH OVERTAKE CHANCE!,success
174,833,476,106,62,6572,6531.133333333333,2.1597663139329804,100,🚀 HIGH OVERTAKE CHANCE!,success
175,834,477,106,62,6572,6572.0,2.1732804232804233,100,🚀 HIGH OVERTAKE CHANCE!,success
176,833,476,112,65,7280,6619.2,2.1888888888888887,100,🚀 HIGH OVERTAKE CHANCE!,success
177,833,476,112,65,7280,6666.4,2.2044973544973545,100,🚀 HIGH OVERTAKE CHANCE!,success
178,834,476,112,65,7280,6713.6,2.2201058201058204,100,🚀 HIGH OVERTAKE CHANCE!,success
179,835,476,112,65,7280,6760.8,2.2357142857142858,100,🚀 HIGH OVERTAKE CHANCE!,success
180,835,476,112,65,7280,6808.0,2.251322751322751,100,🚀 HIGH OVERTAKE CHANCE!,success
181,836,476,112,65,7280,6855.2,2.266931216931217,100,🚀 HIGH OVERTAKE CHANCE!,success
182,836,476,112,65,7280,6902.4,2.2825396825396824,100,🚀 HIGH OVERTAKE CHANCE!,success
183,833,474,117,68,7956,6994.666666666667,2.31305114638448,100,🚀 HIGH OVERTAKE CHANCE!,success
184,836,475,112,65,7280,7041.866666666667,2.3286596119929452,100,🚀 HIGH OVERTAKE CHANCE!,success
185,833,474,117,68,7956,7134.133333333333,2.3591710758377427,100,🚀 HIGH OVERTAKE CHANCE!,success
186,834,472,117,68,7956,7226.4,2.3896825396825396,100,🚀 HIGH OVERTAKE CHANCE!,success
187,834,471,117,68,7956,7318.666666666667,2.420194003527337,100,🚀 HIGH OVERTAKE CHANCE!,success
188,834,470,117,68,7956,7410.933333333333,2.450705467372134,100,🚀 HIGH OVERTAKE CHANCE!,success
189,834,470,117,68,7956,7503.2,2.481216931216931,100,🚀 HIGH OVERTAKE CHANCE!,success
190,838,473,112,65,7280,7550.4,2.496825396825397,100,🚀 HIGH OVERTAKE CHANCE!,success
191,835,473,117,68,7956,7595.466666666666,2.5117283950617284,100,🚀 HIGH OVERTAKE CHANCE!,success
192,835,474,117,68,7956,7640.533333333334,2.52663139329806,100,🚀 HIGH OVERTAKE CHANCE!,success
193,836,474,117,68,7956,7685.6,2.5415343915343915,100,🚀 HIGH OVERTAKE CHANCE!,success
194,836,474,117,68,7956,7730.666666666667,2.556437389770723,100,🚀 HIGH OVERTAKE CHANCE!,success
195,839,476,112,65,7280,7730.666666666667,2.556437389770723,100,🚀 HIGH OVERTAKE CHANCE!,success
196,838,475,117,68,7956,7775.733333333334,2.5713403880070547,100,🚀 HIGH OVERTAKE CHANCE!,success
197,839,474,117,68,7956,7820.8,2.5862433862433862,100,🚀 HIGH OVERTAKE CHANCE!,success
198,839,474,117,68,7956,7820.8,2.5862433862433862,100,🚀 HIGH OVERTAKE CHANCE!,success
199,843,475,112,65,7280,7820.8,2.5862433862433862,100,🚀 HIGH OVERTAKE CHANCE!,success
200,841,474,117,68,7956,7820.8,2.5862433862433862,100,🚀 HIGH OVERTAKE CHANCE!,success
201,844,475,112,65,7280,7775.733333333334,2.5713403880070547,100,🚀 HIGH OVERTAKE CHANCE!,success
202,842,474,117,68,7956,7775.733333333334,2.5713403880070547,100,🚀 HIGH OVERTAKE CHANCE!,success
203,843,474,117,68,7956,7775.733333333334,2.5713403880070547,100,🚀 HIGH OVERTAKE CHANCE!,success
204,843,474,117,68,7956,7775.733333333334,2.5713403880070547,100,🚀 HIGH OVERTAKE CHANCE!,success
205,846,476,112,65,7280,7775.733333333334,2.5713403880070547,100,🚀 HIGH OVERTAKE CHANCE!,success
206,847,477,112,65,7280,7730.666666666667,2.556437389770723,100,🚀 HIGH OVERTAKE CHANCE!,success
207,845,477,117,68,7956,7730.666666666667,2.556437389770723,100,🚀 HIGH OVERTAKE CHANCE!,success
208,846,477,117,68,7956,7730.666666666667,2.556437389770723,100,🚀 HIGH OVERTAKE CHANCE!,success
209,847,477,117,68,7956,7730.666666666667,2.556437389770723,100,🚀 HIGH OVERTAKE CHANCE!,success
210,848,477,117,68,7956,7775.733333333334,2.5713403880070547,100,🚀 HIGH OVERTAKE CHANCE!,success
211,851,478,112,65,7280,7730.666666666667,2.556437389770723,100,🚀 HIGH OVERTAKE CHANCE!,success
212,849,476,117,68,7956,7730.666666666667,2.556437389770723,100,🚀 HIGH OVERTAKE CHANCE!,success
213,850,475,117,68,7956,7730.666666666667,2.556437389770723,100,🚀 HIGH OVERTAKE CHANCE!,success
214,850,475,117,68,7956,7775.733333333334,2.5713403880070547,100,🚀 HIGH OVERTAKE CHANCE!,success
215,853,476,112,65,7280,7730.666666666667,2.556437389770723,100,🚀 HIGH OVERTAKE CHANCE!,success
216,851,475,117,68,7956,7775.733333333334,2.5713403880070547,100,🚀 HIGH OVERTAKE CHANCE!,success
217,850,476,117,68,7956,7775.733333333334,2.5713403880070547,100,🚀 HIGH OVERTAKE CHANCE!,success
218,847,476,123,72,8856,7835.733333333334,2.5911816578483244,100,🚀 HIGH OVERTAKE CHANCE!,success
219,849,476,123,72,8856,7895.733333333334,2.6110229276895947,100,🚀 HIGH OVERTAKE CHANCE!,success
220,845,476,129,75,9675,8055.4,2.6638227513227513,100,🚀 HIGH OVERTAKE CHANCE!,success
221,845,477,129,75,9675,8215.066666666668,2.7166225749559088,100,🚀 HIGH OVERTAKE CHANCE!,success
222,842,476,136,79,10744,8400.933333333332,2.778086419753086,100,🚀 HIGH OVERTAKE CHANCE!,success
223,841,477,136,79,10744,8586.8,2.8395502645502644,100,🚀 HIGH OVERTAKE CHANCE!,success
224,840,477,136,79,10744,8772.666666666666,2.9010141093474426,100,🚀 HIGH OVERTAKE CHANCE!,success
225,836,476,143,83,11869,9033.533333333333,2.987279541446208,100,🚀 HIGH OVERTAKE CHANCE!,success
226,834,476,143,83,11869,9339.466666666667,3.088447971781305,100,🚀 HIGH OVERTAKE CHANCE!,success
227,833,475,143,83,11869,9600.333333333334,3.174713403880071,100,🚀 HIGH OVERTAKE CHANCE!,success
228,830,475,143,83,11869,9861.2,3.260978835978836,100,🚀 HIGH OVERTAKE CHANCE!,success
229,829,475,143,83,11869,10122.066666666668,3.347244268077602,100,🚀 HIGH OVERTAKE CHANCE!,success
230,828,475,143,83,11869,10428.0,3.4484126984126986,100,🚀 HIGH OVERTAKE CHANCE!,success
231,826,475,143,83,11869,10688.866666666667,3.534678130511464,100,🚀 HIGH OVERTAKE CHANCE!,success
232,826,474,143,83,11869,10949.733333333334,3.6209435626102295,100,🚀 HIGH OVERTAKE CHANCE!,success
233,824,474,143,83,11869,11150.6,3.687367724867725,100,🚀 HIGH OVERTAKE CHANCE!,success
234,826,476,136,79,10744,11276.466666666667,3.7289902998236335,100,🚀 HIGH OVERTAKE CHANCE!,success
235,821,475,143,83,11869,11422.733333333334,3.7773589065255733,100,🚀 HIGH OVERTAKE CHANCE!,success
236,821,476,143,83,11869,11569.0,3.825727513227513,100,🚀 HIGH OVERTAKE CHANCE!,success
237,823,478,136,79,10744,11569.0,3.825727513227513,100,🚀 HIGH OVERTAKE CHANCE!,success
238,819,477,143,83,11869,11644.0,3.8505291005291005,100,🚀 HIGH OVERTAKE CHANCE!,success
239,822,479,136,79,10744,11644.0,3.8505291005291005,100,🚀 HIGH OVERTAKE CHANCE!,success
240,818,479,143,83,11869,11644.0,3.8505291005291005,100,🚀 HIGH OVERTAKE CHANCE!,success
241,817,479,143,83,11869,11644.0,3.8505291005291005,100,🚀 HIGH OVERTAKE CHANCE!,success
242,816,479,143,83,11869,11644.0,3.8505291005291005,100,🚀 HIGH OVERTAKE CHANCE!,success
243,816,479,143,83,11869,11644.0,3.8505291005291005,100,🚀 HIGH OVERTAKE CHANCE!,success
244,816,479,143,83,11869,11644.0,3.8505291005291005,100,🚀 HIGH OVERTAKE CHANCE!,success
245,816,479,143,83,11869,11644.0,3.8505291005291005,100,🚀 HIGH OVERTAKE CHANCE!,success
246,812,477,150,87,13050,11722.733333333334,3.8765652557319226,100,🚀 HIGH OVERTAKE CHANCE!,success
247,813,478,150,87,13050,11801.466666666667,3.902601410934744,100,🚀 HIGH OVERTAKE CHANCE!,success
248,813,478,150,87,13050,11880.2,3.9286375661375663,100,🚀 HIGH OVERTAKE CHANCE!,success
249,814,479,150,87,13050,12033.933333333332,3.979475308641975,100,🚀 HIGH OVERTAKE CHANCE!,success
250,814,479,150,87,13050,12112.666666666666,4.005511463844797,100,🚀 HIGH OVERTAKE CHANCE!,success
251,815,480,150,87,13050,12191.4,4.031547619047619,100,🚀 HIGH OVERTAKE CHANCE!,success
252,815,480,150,87,13050,12345.133333333333,4.082385361552028,100,🚀 HIGH OVERTAKE CHANCE!,success
253,812,478,157,92,14444,12516.8,4.139153439153439,100,🚀 HIGH OVERTAKE CHANCE!,success
254,812,479,157,92,14444,12763.466666666667,4.220723104056438,100,🚀 HIGH OVERTAKE CHANCE!,success
255,820,484,143,83,11869,12763.466666666667,4.220723104056438,100,🚀 HIGH OVERTAKE CHANCE!,success
256,815,480,150,87,13050,12842.2,4.246759259259259,100,🚀 HIGH OVERTAKE CHANCE!,success
257,813,478,157,92,14444,13013.866666666667,4.30352733686067,100,🚀 HIGH OVERTAKE CHANCE!,success
258,813,479,157,92,14444,13185.533333333333,4.360295414462081,100,🚀 HIGH OVERTAKE CHANCE!,success
259,814,480,157,92,14444,13357.2,4.417063492063492,100,🚀 HIGH OVERTAKE CHANCE!,success
260,810,478,165,96,15840,13621.933333333332,4.50460758377425,100,🚀 HIGH OVERTAKE CHANCE!,success
261,816,481,157,92,14444,13714.866666666667,4.535339506172839,100,🚀 HIGH OVERTAKE CHANCE!,success
262,812,479,165,96,15840,13900.866666666667,4.596847442680776,100,🚀 HIGH OVERTAKE CHANCE!,success
263,818,482,157,92,14444,13993.8,4.627579365079365,100,🚀 HIGH OVERTAKE CHANCE!,success
264,815,480,165,96,15840,14179.8,4.689087301587302,100,🚀 HIGH OVERTAKE CHANCE!,success
265,815,480,165,96,15840,14365.8,4.750595238095237,100,🚀 HIGH OVERTAKE CHANCE!,success
266,818,480,165,96,15840,14551.8,4.812103174603174,100,🚀 HIGH OVERTAKE CHANCE!,success
267,819,481,165,96,15840,14737.8,4.873611111111111,100,🚀 HIGH OVERTAKE CHANCE!,success
268,832,488,143,83,11869,14566.133333333333,4.8168430335097,100,🚀 HIGH OVERTAKE CHANCE!,success
269,827,482,150,87,13050,14473.2,4.786111111111111,100,🚀 HIGH OVERTAKE CHANCE!,success
270,831,484,143,83,11869,14473.2,4.786111111111111,100,🚀 HIGH OVERTAKE CHANCE!,success
271,831,484,143,83,11869,14394.466666666667,4.76007495590829,100,🚀 HIGH OVERTAKE CHANCE!,success
272,836,485,136,79,10744,14147.8,4.6785052910052904,100,🚀 HIGH OVERTAKE CHANCE!,success
273,835,483,143,83,11869,13976.133333333333,4.62173721340388,100,🚀 HIGH OVERTAKE CHANCE!,success
274,839,485,136,79,10744,13729.466666666667,4.540167548500882,100,🚀 HIGH OVERTAKE CHANCE!,success
275,837,484,143,83,11869,13464.733333333334,4.452623456790124,100,🚀 HIGH OVERTAKE CHANCE!,success
276,842,486,136,79,10744,13218.066666666668,4.3710537918871255,100,🚀 HIGH OVERTAKE CHANCE!,success
277,844,486,136,79,10744,12878.333333333334,4.25870811287478,100,🚀 HIGH OVERTAKE CHANCE!,success
278,844,484,143,83,11869,12706.666666666666,4.201940035273369,100,🚀 HIGH OVERTAKE CHANCE!,success
279,845,484,143,83,11869,12441.933333333332,4.11439594356261,100,🚀 HIGH OVERTAKE CHANCE!,success
280,847,484,143,83,11869,12177.2,4.026851851851852,100,🚀 HIGH OVERTAKE CHANCE!,success
281,853,485,136,79,10744,11837.466666666667,3.9145061728395065,100,🚀 HIGH OVERTAKE CHANCE!,success
282,852,484,143,83,11869,11572.733333333334,3.8269620811287477,100,🚀 HIGH OVERTAKE CHANCE!,success
283,861,485,136,79,10744,11497.733333333334,3.8021604938271607,100,🚀 HIGH OVERTAKE CHANCE!,success
284,860,484,143,83,11869,11419.0,3.7761243386243386,100,🚀 HIGH OVERTAKE CHANCE!,success
285,860,483,143,83,11869,11419.0,3.7761243386243386,100,🚀 HIGH OVERTAKE CHANCE!,success
286,867,485,136,79,10744,11344.0,3.751322751322751,100,🚀 HIGH OVERTAKE CHANCE!,success
287,870,485,136,79,10744,11344.0,3.751322751322751,100,🚀 HIGH OVERTAKE CHANCE!,success
288,869,484,143,83,11869,11344.0,3.751322751322751,100,🚀 HIGH OVERTAKE CHANCE!,success
289,874,485,136,79,10744,11344.0,3.751322751322751,100,🚀 HIGH OVERTAKE CHANCE!,success
290,875,485,136,79,10744,11269.0,3.726521164021164,100,🚀 HIGH OVERTAKE CHANCE!,success
291,879,484,136,79,10744,11269.0,3.726521164021164,100,🚀 HIGH OVERTAKE CHANCE!,success
292,880,484,136,79,10744,11269.0,3.726521164021164,100,🚀 HIGH OVERTAKE CHANCE!,success
293,880,482,143,83,11869,11269.0,3.726521164021164,100,🚀 HIGH OVERTAKE CHANCE!,success
294,884,483,136,79,10744,11194.0,3.7017195767195767,100,🚀 HIGH OVERTAKE CHANCE!,success
295,889,483,136,79,10744,11119.0,3.6769179894179893,100,🚀 HIGH OVERTAKE CHANCE!,success
296,891,483,136,79,10744,11119.0,3.6769179894179893,100,🚀 HIGH OVERTAKE CHANCE!,success
297,895,483,136,79,10744,11044.0,3.6521164021164023,100,🚀 HIGH OVERTAKE CHANCE!,success
298,899,483,136,79,10744,11044.0,3.6521164021164023,100,🚀 HIGH OVERTAKE CHANCE!,success
299,902,483,136,79,10744,10969.0,3.627314814814815,100,🚀 HIGH OVERTAKE CHANCE!,success
300,903,483,136,79,10744,10894.0,3.6025132275132274,100,🚀 HIGH OVERTAKE CHANCE!,success
301,908,483,136,79,10744,10894.0,3.6025132275132274,100,🚀 HIGH OVERTAKE CHANCE!,success
302,909,483,136,79,10744,10894.0,3.6025132275132274,100,🚀 HIGH OVERTAKE CHANCE!,success
303,915,483,136,79,10744,10819.0,3.57771164021164,100,🚀 HIGH OVERTAKE CHANCE!,success
304,917,483,136,79,10744,10819.0,3.57771164021164,100,🚀 HIGH OVERTAKE CHANCE!,success
305,922,483,136,79,10744,10819.0,3.57771164021164,100,🚀 HIGH OVERTAKE CHANCE!,success
306,925,483,136,79,10744,10819.0,3.57771164021164,100,🚀 HIGH OVERTAKE CHANCE!,success
307,928,483,136,79,10744,10819.0,3.57771164021164,100,🚀 HIGH OVERTAKE CHANCE!,success
308,931,482,136,79,10744,10744.0,3.552910052910053,100,🚀 HIGH OVERTAKE CHANCE!,success
309,939,484,129,75,9675,10672.733333333334,3.5293430335097002,100,🚀 HIGH OVERTAKE CHANCE!,success
310,937,483,136,79,10744,10672.733333333334,3.5293430335097002,100,🚀 HIGH OVERTAKE CHANCE!,success
311,941,483,136,79,10744,10672.733333333334,3.5293430335097002,100,🚀 HIGH OVERTAKE CHANCE!,success
312,942,483,136,79,10744,10672.733333333334,3.5293430335097002,100,🚀 HIGH OVERTAKE CHANCE!,success
313,947,483,136,79,10744,10672.733333333334,3.5293430335097002,100,🚀 HIGH OVERTAKE CHANCE!,success
314,948,483,136,79,10744,10672.733333333334,3.5293430335097002,100,🚀 HIGH OVERTAKE CHANCE!,success
315,950,483,136,79,10744,10672.733333333334,3.5293430335097002,100,🚀 HIGH OVERTAKE CHANCE!,success
316,955,483,136,79,10744,10672.733333333334,3.5293430335097002,100,🚀 HIGH OVERTAKE CHANCE!,success
317,954,482,143,83,11869,10747.733333333334,3.5541446208112877,100,🚀 HIGH OVERTAKE CHANCE!,success
318,961,483,136,79,10744,10747.733333333334,3.5541446208112877,100,🚀 HIGH OVERTAKE CHANCE!,success
319,961,482,143,83,11869,10822.733333333334,3.5789462081128747,100,🚀 HIGH OVERTAKE CHANCE!,success
320,963,482,143,83,11869,10897.733333333334,3.603747795414462,100,🚀 HIGH OVERTAKE CHANCE!,success
321,967,481,143,83,11869,10972.733333333334,3.6285493827160495,100,🚀 HIGH OVERTAKE CHANCE!,success
322,972,483,136,79,10744,10972.733333333334,3.6285493827160495,100,🚀 HIGH OVERTAKE CHANCE!,success
323,969,480,150,87,13050,11126.466666666667,3.6793871252204586,100,🚀 HIGH OVERTAKE CHANCE!,success
324,972,482,143,83,11869,11272.733333333334,3.727755731922399,100,🚀 HIGH OVERTAKE CHANCE!,success
325,972,482,143,83,11869,11347.733333333334,3.752557319223986,100,🚀 HIGH OVERTAKE CHANCE!,success
326,973,482,143,83,11869,11422.733333333334,3.7773589065255733,100,🚀 HIGH OVERTAKE CHANCE!,success
327,974,482,143,83,11869,11497.733333333334,3.8021604938271607,100,🚀 HIGH OVERTAKE CHANCE!,success
328,976,482,143,83,11869,11572.733333333334,3.8269620811287477,100,🚀 HIGH OVERTAKE CHANCE!,success
329,976,482,143,83,11869,11647.733333333334,3.851763668430335,100,🚀 HIGH OVERTAKE CHANCE!,success
330,980,483,136,79,10744,11647.733333333334,3.851763668430335,100,🚀 HIGH OVERTAKE CHANCE!,success
331,980,482,143,83,11869,11722.733333333334,3.8765652557319226,100,🚀 HIGH OVERTAKE CHANCE!,success
332,980,482,143,83,11869,11722.733333333334,3.8765652557319226,100,🚀 HIGH OVERTAKE CHANCE!,success
333,982,481,143,83,11869,11797.733333333334,3.90136684303351,100,🚀 HIGH OVERTAKE CHANCE!,success
334,983,481,143,83,11869,11797.733333333334,3.90136684303351,100,🚀 HIGH OVERTAKE CHANCE!,success
335,984,481,143,83,11869,11797.733333333334,3.90136684303351,100,🚀 HIGH OVERTAKE CHANCE!,success
336,987,481,143,83,11869,11797.733333333334,3.90136684303351,100,🚀 HIGH OVERTAKE CHANCE!,success
337,993,482,136,79,10744,11797.733333333334,3.90136684303351,100,🚀 HIGH OVERTAKE CHANCE!,success
338,993,481,143,83,11869,11719.0,3.875330687830688,100,🚀 HIGH OVERTAKE CHANCE!,success
339,994,481,143,83,11869,11719.0,3.875330687830688,100,🚀 HIGH OVERTAKE CHANCE!,success
340,995,481,143,83,11869,11719.0,3.875330687830688,100,🚀 HIGH OVERTAKE CHANCE!,success
341,997,480,143,83,11869,11719.0,3.875330687830688,100,🚀 HIGH OVERTAKE CHANCE!,success
342,997,480,143,83,11869,11719.0,3.875330687830688,100,🚀 HIGH OVERTAKE CHANCE!,success
343,996,480,143,83,11869,11719.0,3.875330687830688,100,🚀 HIGH OVERTAKE CHANCE!,success
344,996,480,143,83,11869,11719.0,3.875330687830688,100,🚀 HIGH OVERTAKE CHANCE!,success
345,995,480,143,83,11869,11794.0,3.9001322751322753,100,🚀 HIGH OVERTAKE CHANCE!,success
346,995,480,143,83,11869,11794.0,3.9001322751322753,100,🚀 HIGH OVERTAKE CHANCE!,success
347,995,480,143,83,11869,11794.0,3.9001322751322753,100,🚀 HIGH OVERTAKE CHANCE!,success
348,995,480,143,83,11869,11794.0,3.9001322751322753,100,🚀 HIGH OVERTAKE CHANCE!,success
349,997,481,143,83,11869,11794.0,3.9001322751322753,100,🚀 HIGH OVERTAKE CHANCE!,success
350,1000,483,136,79,10744,11719.0,3.875330687830688,100,🚀 HIGH OVERTAKE CHANCE!,success
351,1003,484,136,79,10744,11644.0,3.8505291005291005,100,🚀 HIGH OVERTAKE CHANCE!,success
352,1000,483,143,83,11869,11719.0,3.875330687830688,100,🚀 HIGH OVERTAKE CHANCE!,success
353,1003,485,136,79,10744,11644.0,3.8505291005291005,100,🚀 HIGH OVERTAKE CHANCE!,success
354,1000,484,143,83,11869,11644.0,3.8505291005291005,100,🚀 HIGH OVERTAKE CHANCE!,success
355,1000,483,143,83,11869,11644.0,3.8505291005291005,100,🚀 HIGH OVERTAKE CHANCE!,success
356,1001,483,143,83,11869,11644.0,3.8505291005291005,100,🚀 HIGH OVERTAKE CHANCE!,success
357,998,481,150,87,13050,11722.733333333334,3.8765652557319226,100,🚀 HIGH OVERTAKE CHANCE!,success
358,998,480,150,87,13050,11801.466666666667,3.902601410934744,100,🚀 HIGH OVERTAKE CHANCE!,success
359,994,477,157,92,14444,11973.133333333333,3.9593694885361552,100,🚀 HIGH OVERTAKE CHANCE!,success
360,994,477,157,92,14444,12144.8,4.016137566137566,100,🚀 HIGH OVERTAKE CHANCE!,success
361,993,475,157,92,14444,12316.466666666667,4.072905643738977,100,🚀 HIGH OVERTAKE CHANCE!,success
362,992,474,157,92,14444,12488.133333333333,4.129673721340388,100,🚀 HIGH OVERTAKE CHANCE!,success
363,991,473,157,92,14444,12659.8,4.186441798941798,100,🚀 HIGH OVERTAKE CHANCE!,success
364,991,472,157,92,14444,12831.466666666667,4.24320987654321,100,🚀 HIGH OVERTAKE CHANCE!,success
365,991,473,157,92,14444,13078.133333333333,4.324779541446208,100,🚀 HIGH OVERTAKE CHANCE!,success
366,998,476,150,87,13050,13231.866666666667,4.375617283950617,100,🚀 HIGH OVERTAKE CHANCE!,success
367,1001,477,143,83,11869,13231.866666666667,4.375617283950617,100,🚀 HIGH OVERTAKE CHANCE!,success
368,1007,479,143,83,11869,13306.866666666667,4.400418871252205,100,🚀 HIGH OVERTAKE CHANCE!,success
369,1013,480,143,83,11869,13306.866666666667,4.400418871252205,100,🚀 HIGH OVERTAKE CHANCE!,success
370,1014,479,143,83,11869,13306.866666666667,4.400418871252205,100,🚀 HIGH OVERTAKE CHANCE!,success
371,1018,478,143,83,11869,13306.866666666667,4.400418871252205,100,🚀 HIGH OVERTAKE CHANCE!,success
372,1015,476,150,87,13050,13306.866666666667,4.400418871252205,100,🚀 HIGH OVERTAKE CHANCE!,success
373,1017,477,143,83,11869,13228.133333333333,4.374382716049383,100,🚀 HIGH OVERTAKE CHANCE!,success
374,1018,478,143,83,11869,13056.466666666667,4.317614638447972,100,🚀 HIGH OVERTAKE CHANCE!,success
375,1019,479,143,83,11869,12884.8,4.26084656084656,100,🚀 HIGH OVERTAKE CHANCE!,success
376,1019,480,143,83,11869,12713.133333333333,4.20407848324515,100,🚀 HIGH OVERTAKE CHANCE!,success
377,1020,482,143,83,11869,12541.466666666667,4.147310405643739,100,🚀 HIGH OVERTAKE CHANCE!,success
378,1018,488,143,83,11869,12369.8,4.090542328042328,100,🚀 HIGH OVERTAKE CHANCE!,success
379,1018,490,143,83,11869,12198.133333333333,4.033774250440917,100,🚀 HIGH OVERTAKE CHANCE!,success
380,1011,495,150,87,13050,12105.2,4.003042328042328,100,🚀 HIGH OVERTAKE CHANCE!,success
381,1003,502,150,87,13050,12105.2,4.003042328042328,100,🚀 HIGH OVERTAKE CHANCE!,success
382,997,504,150,87,13050,12183.933333333332,4.02907848324515,100,🚀 HIGH OVERTAKE CHANCE!,success
383,989,507,150,87,13050,12262.666666666666,4.0551146384479715,100,🚀 HIGH OVERTAKE CHANCE!,success
384,987,510,143,83,11869,12262.666666666666,4.0551146384479715,100,🚀 HIGH OVERTAKE CHANCE!,success
385,984,511,143,83,11869,12262.666666666666,4.0551146384479715,100,🚀 HIGH OVERTAKE CHANCE!,success
386,978,513,136,79,10744,12187.666666666666,4.0303130511463845,100,🚀 HIGH OVERTAKE CHANCE!,success
387,971,512,136,79,10744,12033.933333333332,3.979475308641975,100,🚀 HIGH OVERTAKE CHANCE!,success
388,960,506,136,79,10744,11958.933333333332,3.9546737213403875,100,🚀 HIGH OVERTAKE CHANCE!,success
389,948,502,143,83,11869,11958.933333333332,3.9546737213403875,100,🚀 HIGH OVERTAKE CHANCE!,success
390,944,500,143,83,11869,11958.933333333332,3.9546737213403875,100,🚀 HIGH OVERTAKE CHANCE!,success
391,929,490,150,87,13050,12037.666666666666,3.9807098765432096,100,🚀 HIGH OVERTAKE CHANCE!,success
392,924,486,143,83,11869,12037.666666666666,3.9807098765432096,100,🚀 HIGH OVERTAKE CHANCE!,success
393,912,478,143,83,11869,12037.666666666666,3.9807098765432096,100,🚀 HIGH OVERTAKE CHANCE!,success
394,901,472,150,87,13050,12116.4,4.006746031746031,100,🚀 HIGH OVERTAKE CHANCE!,success
395,894,469,157,92,14444,12209.333333333334,4.037477954144621,100,🚀 HIGH OVERTAKE CHANCE!,success
396,883,463,157,92,14444,12302.266666666666,4.06820987654321,100,🚀 HIGH OVERTAKE CHANCE!,success
397,875,461,157,92,14444,12395.2,4.098941798941799,100,🚀 HIGH OVERTAKE CHANCE!,success
398,867,465,165,96,15840,12581.2,4.160449735449736,100,🚀 HIGH OVERTAKE CHANCE!,success
399,862,472,165,96,15840,12845.933333333332,4.247993827160493,100,🚀 HIGH OVERTAKE CHANCE!,success
400,863,473,165,96,15840,13110.666666666666,4.335537918871252,100,🚀 HIGH OVERTAKE CHANCE!,success
401,857,483,165,96,15840,13450.4,4.447883597883598,100,🚀 HIGH OVERTAKE CHANCE!,success
402,855,489,165,96,15840,13790.133333333333,4.560229276895943,100,🚀 HIGH OVERTAKE CHANCE!,success
403,849,494,165,96,15840,14129.866666666667,4.672574955908289,100,🚀 HIGH OVERTAKE CHANCE!,success
404,847,495,165,96,15840,14394.6,4.760119047619048,100,🚀 HIGH OVERTAKE CHANCE!,success
405,846,495,165,96,15840,14659.333333333334,4.847663139329806,100,🚀 HIGH OVERTAKE CHANCE!,success
406,839,497,165,96,15840,14845.333333333334,4.909171075837743,100,🚀 HIGH OVERTAKE CHANCE!,success
407,837,498,165,96,15840,15110.066666666668,4.996715167548501,100,🚀 HIGH OVERTAKE CHANCE!,success
408,827,499,165,96,15840,15374.8,5.084259259259259,100,🚀 HIGH OVERTAKE CHANCE!,success
409,823,498,165,96,15840,15560.8,5.1457671957671955,100,🚀 HIGH OVERTAKE CHANCE!,success
410,819,497,165,96,15840,15653.866666666667,5.176543209876543,100,🚀 HIGH OVERTAKE CHANCE!,success
411,810,493,165,96,15840,15746.933333333332,5.20731922398589,100,🚀 HIGH OVERTAKE CHANCE!,success
412,799,487,173,101,17473,15948.866666666667,5.274096119929453,100,🚀 HIGH OVERTAKE CHANCE!,success
413,794,480,165,96,15840,15948.866666666667,5.274096119929453,100,🚀 HIGH OVERTAKE CHANCE!,success
414,784,475,173,101,17473,16057.733333333334,5.310097001763668,100,🚀 HIGH OVERTAKE CHANCE!,success
415,783,474,173,101,17473,16166.6,5.346097883597884,100,🚀 HIGH OVERTAKE CHANCE!,success
416,775,470,173,101,17473,16275.466666666667,5.382098765432099,100,🚀 HIGH OVERTAKE CHANCE!,success
417,775,468,173,101,17473,16384.333333333332,5.418099647266313,100,🚀 HIGH OVERTAKE CHANCE!,success
418,774,468,173,101,17473,16493.2,5.454100529100529,100,🚀 HIGH OVERTAKE CHANCE!,success
419,772,468,173,101,17473,16602.066666666666,5.490101410934744,100,🚀 HIGH OVERTAKE CHANCE!,success
420,772,470,173,101,17473,16710.933333333334,5.52610229276896,100,🚀 HIGH OVERTAKE CHANCE!,success
421,777,475,165,96,15840,16710.933333333334,5.52610229276896,100,🚀 HIGH OVERTAKE CHANCE!,success
422,778,477,165,96,15840,16710.933333333334,5.52610229276896,100,🚀 HIGH OVERTAKE CHANCE!,success
423,779,483,165,96,15840,16710.933333333334,5.52610229276896,100,🚀 HIGH OVERTAKE CHANCE!,success
424,780,485,165,96,15840,16710.933333333334,5.52610229276896,100,🚀 HIGH OVERTAKE CHANCE!,success
425,781,486,165,96,15840,16710.933333333334,5.52610229276896,100,🚀 HIGH OVERTAKE CHANCE!,success
426,785,491,157,92,14444,16617.866666666665,5.495326278659611,100,🚀 HIGH OVERTAKE CHANCE!,success
427,788,494,150,87,13050,16323.0,5.3978174603174605,100,🚀 HIGH OVERTAKE CHANCE!,success
428,786,494,150,87,13050,16137.0,5.336309523809524,100,🚀 HIGH OVERTAKE CHANCE!,success
429,784,493,150,87,13050,15842.133333333333,5.238800705467372,100,🚀 HIGH OVERTAKE CHANCE!,success
430,783,493,150,87,13050,15547.266666666666,5.14129188712522,100,🚀 HIGH OVERTAKE CHANCE!,success
431,775,489,157,92,14444,15345.333333333334,5.074514991181658,100,🚀 HIGH OVERTAKE CHANCE!,success
432,775,489,157,92,14444,15143.4,5.007738095238095,100,🚀 HIGH OVERTAKE CHANCE!,success
433,769,485,165,96,15840,15034.533333333333,4.9717372134038795,100,🚀 HIGH OVERTAKE CHANCE!,success
434,771,487,157,92,14444,14832.6,4.904960317460318,100,🚀 HIGH OVERTAKE CHANCE!,success
435,771,487,157,92,14444,14630.666666666666,4.838183421516755,100,🚀 HIGH OVERTAKE CHANCE!,success
436,771,486,157,92,14444,14537.6,4.807407407407408,100,🚀 HIGH OVERTAKE CHANCE!,success
437,774,488,150,87,13050,14351.6,4.745899470899471,100,🚀 HIGH OVERTAKE CHANCE!,success
438,774,488,150,87,13050,14165.6,4.684391534391534,100,🚀 HIGH OVERTAKE CHANCE!,success
439,777,490,143,83,11869,13900.866666666667,4.596847442680776,100,🚀 HIGH OVERTAKE CHANCE!,success
440,778,491,143,83,11869,13636.133333333333,4.5093033509700176,100,🚀 HIGH OVERTAKE CHANCE!,success
441,781,493,136,79,10744,13389.466666666667,4.42773368606702,100,🚀 HIGH OVERTAKE CHANCE!,success
442,782,493,136,79,10744,13235.733333333334,4.3768959435626105,100,🚀 HIGH OVERTAKE CHANCE!,success
443,786,495,129,75,9675,13010.733333333334,4.302491181657849,100,🚀 HIGH OVERTAKE CHANCE!,success
444,786,495,129,75,9675,12785.733333333334,4.228086419753087,100,🚀 HIGH OVERTAKE CHANCE!,success
445,786,495,129,75,9675,12560.733333333334,4.153681657848325,100,🚀 HIGH OVERTAKE CHANCE!,success
446,787,495,129,75,9675,12242.8,4.048544973544973,100,🚀 HIGH OVERTAKE CHANCE!,success
447,787,494,129,75,9675,11924.866666666667,3.9434082892416225,100,🚀 HIGH OVERTAKE CHANCE!,success
448,790,496,123,72,8856,11459.266666666666,3.7894400352733686,100,🚀 HIGH OVERTAKE CHANCE!,success
449,791,496,123,72,8856,11086.733333333334,3.666247795414462,100,🚀 HIGH OVERTAKE CHANCE!,success
450,791,495,123,72,8856,10714.2,3.5430555555555556,100,🚀 HIGH OVERTAKE CHANCE!,success
451,796,497,117,68,7956,10281.666666666666,3.400022045855379,100,🚀 HIGH OVERTAKE CHANCE!,success
452,796,496,117,68,7956,9942.066666666668,3.287720458553792,100,🚀 HIGH OVERTAKE CHANCE!,success
453,798,496,117,68,7956,9602.466666666667,3.1754188712522047,100,🚀 HIGH OVERTAKE CHANCE!,success
454,799,496,117,68,7956,9341.6,3.0891534391534394,100,🚀 HIGH OVERTAKE CHANCE!,success
455,799,496,117,68,7956,9080.733333333334,3.0028880070546737,100,🚀 HIGH OVERTAKE CHANCE!,success
456,797,494,123,72,8856,8954.866666666667,2.9612654320987657,100,🚀 HIGH OVERTAKE CHANCE!,success
457,798,495,123,72,8856,8829.0,2.919642857142857,100,🚀 HIGH OVERTAKE CHANCE!,success
458,800,495,123,72,8856,8774.4,2.9015873015873015,100,🚀 HIGH OVERTAKE CHANCE!,success
459,800,495,123,72,8856,8719.8,2.883531746031746,100,🚀 HIGH OVERTAKE CHANCE!,success
460,803,497,117,68,7956,8605.2,2.8456349206349207,100,🚀 HIGH OVERTAKE CHANCE!,success
461,806,496,117,68,7956,8490.6,2.8077380952380953,100,🚀 HIGH OVERTAKE CHANCE!,success
462,806,496,117,68,7956,8376.0,2.7698412698412698,100,🚀 HIGH OVERTAKE CHANCE!,success
463,807,496,117,68,7956,8316.0,2.75,100,🚀 HIGH OVERTAKE CHANCE!,success
464,807,495,117,68,7956,8256.0,2.7301587301587302,100,🚀 HIGH OVERTAKE CHANCE!,success
465,809,495,117,68,7956,8196.0,2.7103174603174605,100,🚀 HIGH OVERTAKE CHANCE!,success
466,811,495,117,68,7956,8196.0,2.7103174603174605,100,🚀 HIGH OVERTAKE CHANCE!,success
467,818,498,106,62,6572,8103.733333333334,2.679805996472663,100,🚀 HIGH OVERTAKE CHANCE!,success
468,822,499,106,62,6572,8011.466666666666,2.6492945326278656,100,🚀 HIGH OVERTAKE CHANCE!,success
469,825,500,101,59,5959,7878.333333333333,2.605268959435626,100,🚀 HIGH OVERTAKE CHANCE!,success
470,826,500,101,59,5959,7745.2,2.5612433862433863,100,🚀 HIGH OVERTAKE CHANCE!,success
471,827,500,106,62,6572,7592.933333333333,2.510890652557319,100,🚀 HIGH OVERTAKE CHANCE!,success
472,828,500,106,62,6572,7440.666666666667,2.4605379188712524,100,🚀 HIGH OVERTAKE CHANCE!,success
473,831,501,106,62,6572,7288.4,2.410185185185185,100,🚀 HIGH OVERTAKE CHANCE!,success
474,834,503,101,59,5959,7095.266666666666,2.3463183421516756,100,🚀 HIGH OVERTAKE CHANCE!,success
475,836,503,101,59,5959,6962.133333333333,2.3022927689594357,100,🚀 HIGH OVERTAKE CHANCE!,success
476,840,503,101,59,5959,6829.0,2.258267195767196,100,🚀 HIGH OVERTAKE CHANCE!,success
477,840,503,101,59,5959,6695.866666666667,2.214241622574956,100,🚀 HIGH OVERTAKE CHANCE!,success
478,843,503,101,59,5959,6562.733333333334,2.170216049382716,100,🚀 HIGH OVERTAKE CHANCE!,success
479,842,501,106,62,6572,6470.466666666666,2.1397045855379186,100,🚀 HIGH OVERTAKE CHANCE!,success
480,843,501,106,62,6572,6378.2,2.1091931216931217,100,🚀 HIGH OVERTAKE CHANCE!,success
481,846,501,106,62,6572,6285.933333333333,2.0786816578483247,100,🚀 HIGH OVERTAKE CHANCE!,success
482,847,499,112,65,7280,6333.133333333333,2.09429012345679,100,🚀 HIGH OVERTAKE CHANCE!,success
483,845,497,117,68,7956,6425.4,2.124801587301587,100,🚀 HIGH OVERTAKE CHANCE!,success
484,847,497,117,68,7956,6558.533333333334,2.1688271604938274,100,🚀 HIGH OVERTAKE CHANCE!,success
485,850,496,117,68,7956,6691.666666666667,2.2128527336860673,100,🚀 HIGH OVERTAKE CHANCE!,success
486,857,496,117,68,7956,6783.933333333333,2.2433641975308642,100,🚀 HIGH OVERTAKE CHANCE!,success
487,864,497,112,65,7280,6831.133333333333,2.2589726631393297,100,🚀 HIGH OVERTAKE CHANCE!,success
488,869,495,117,68,7956,6923.4,2.289484126984127,100,🚀 HIGH OVERTAKE CHANCE!,success
489,870,495,117,68,7956,7056.533333333334,2.333509700176367,100,🚀 HIGH OVERTAKE CHANCE!,success
490,875,496,112,65,7280,7144.6,2.3626322751322753,100,🚀 HIGH OVERTAKE CHANCE!,success
491,886,497,112,65,7280,7232.666666666667,2.3917548500881836,100,🚀 HIGH OVERTAKE CHANCE!,success
492,888,496,112,65,7280,7320.733333333334,2.420877425044092,100,🚀 HIGH OVERTAKE CHANCE!,success
493,900,497,106,62,6572,7361.6,2.4343915343915343,100,🚀 HIGH OVERTAKE CHANCE!,success
494,901,496,112,65,7280,7408.8,2.45,100,🚀 HIGH OVERTAKE CHANCE!,success
495,911,497,106,62,6572,7408.8,2.45,100,🚀 HIGH OVERTAKE CHANCE!,success
496,918,497,106,62,6572,7408.8,2.45,100,🚀 HIGH OVERTAKE CHANCE!,success
497,925,497,106,62,6572,7361.6,2.4343915343915343,100,🚀 HIGH OVERTAKE CHANCE!,success
498,931,497,106,62,6572,7269.333333333333,2.403880070546737,100,🚀 HIGH OVERTAKE CHANCE!,success
499,936,497,106,62,6572,7177.066666666667,2.37336860670194,100,🚀 HIGH OVERTAKE CHANCE!,success
500,939,497,106,62,6572,7084.8,2.342857142857143,100,🚀 HIGH OVERTAKE CHANCE!,success
501,947,496,106,62,6572,6992.533333333334,2.312345679012346,100,🚀 HIGH OVERTAKE CHANCE!,success
502,951,496,106,62,6572,6945.333333333333,2.29673721340388,100,🚀 HIGH OVERTAKE CHANCE!,success
503,962,498,101,59,5959,6812.2,2.2527116402116403,100,🚀 HIGH OVERTAKE CHANCE!,success
504,964,498,101,59,5959,6679.066666666667,2.2086860670194004,100,🚀 HIGH OVERTAKE CHANCE!,success
505,970,499,101,59,5959,6591.0,2.179563492063492,100,🚀 HIGH OVERTAKE CHANCE!,success
506,978,500,96,56,5376,6464.066666666667,2.1375881834215167,100,🚀 HIGH OVERTAKE CHANCE!,success
507,977,499,101,59,5959,6376.0,2.1084656084656084,100,🚀 HIGH OVERTAKE CHANCE!,success
508,982,498,101,59,5959,6335.133333333333,2.094951499118166,100,🚀 HIGH OVERTAKE CHANCE!,success
509,985,500,96,56,5376,6208.2,2.0529761904761905,100,🚀 HIGH OVERTAKE CHANCE!,success
510,986,499,96,56,5376,6128.466666666666,2.0266093474426805,100,🚀 HIGH OVERTAKE CHANCE!,success
511,987,499,96,56,5376,6048.733333333334,2.000242504409171,100,🚀 HIGH OVERTAKE CHANCE!,success
512,986,497,101,59,5959,6007.866666666667,1.9867283950617285,100,🚀 HIGH OVERTAKE CHANCE!,success
513,986,497,101,59,5959,5967.0,1.9732142857142858,100,🚀 HIGH OVERTAKE CHANCE!,success
514,986,496,101,59,5959,5926.133333333333,1.959700176366843,100,🚀 HIGH OVERTAKE CHANCE!,success
515,986,496,101,59,5959,5885.266666666666,1.9461860670194002,100,🚀 HIGH OVERTAKE CHANCE!,success
516,983,495,106,62,6572,5885.266666666666,1.9461860670194002,100,🚀 HIGH OVERTAKE CHANCE!,success
517,984,496,101,59,5959,5844.4,1.9326719576719575,100,🚀 HIGH OVERTAKE CHANCE!,success
518,982,495,106,62,6572,5885.266666666666,1.9461860670194002,100,🚀 HIGH OVERTAKE CHANCE!,success
519,981,495,106,62,6572,5926.133333333333,1.959700176366843,100,🚀 HIGH OVERTAKE CHANCE!,success
520,980,495,106,62,6572,5967.0,1.9732142857142858,100,🚀 HIGH OVERTAKE CHANCE!,success
521,977,495,106,62,6572,6046.733333333334,1.9995811287477956,100,🚀 HIGH OVERTAKE CHANCE!,success
522,978,495,106,62,6572,6087.6,2.013095238095238,100,🚀 HIGH OVERTAKE CHANCE!,success
523,977,495,106,62,6572,6128.466666666666,2.0266093474426805,100,🚀 HIGH OVERTAKE CHANCE!,success
524,976,495,106,62,6572,6208.2,2.0529761904761905,100,🚀 HIGH OVERTAKE CHANCE!,success
525,975,495,106,62,6572,6287.933333333333,2.0793430335097,100,🚀 HIGH OVERTAKE CHANCE!,success
526,974,495,106,62,6572,6367.666666666667,2.10570987654321,100,🚀 HIGH OVERTAKE CHANCE!,success
527,973,495,106,62,6572,6408.533333333334,2.1192239858906525,100,🚀 HIGH OVERTAKE CHANCE!,success
528,970,494,112,65,7280,6496.6,2.148346560846561,100,🚀 HIGH OVERTAKE CHANCE!,success
529,969,494,112,65,7280,6584.666666666667,2.177469135802469,100,🚀 HIGH OVERTAKE CHANCE!,success
530,968,494,112,65,7280,6672.733333333334,2.2065917107583775,100,🚀 HIGH OVERTAKE CHANCE!,success
531,965,494,112,65,7280,6719.933333333333,2.222200176366843,100,🚀 HIGH OVERTAKE CHANCE!,success
532,965,494,112,65,7280,6808.0,2.251322751322751,100,🚀 HIGH OVERTAKE CHANCE!,success
533,963,494,112,65,7280,6855.2,2.266931216931217,100,🚀 HIGH OVERTAKE CHANCE!,success
534,960,492,117,68,7956,6947.466666666666,2.297442680776014,100,🚀 HIGH OVERTAKE CHANCE!,success
535,958,492,117,68,7956,7039.733333333334,2.3279541446208114,100,🚀 HIGH OVERTAKE CHANCE!,success
536,959,493,112,65,7280,7086.933333333333,2.343562610229277,100,🚀 HIGH OVERTAKE CHANCE!,success
537,960,493,112,65,7280,7134.133333333333,2.3591710758377427,100,🚀 HIGH OVERTAKE CHANCE!,success
538,954,491,117,68,7956,7226.4,2.3896825396825396,100,🚀 HIGH OVERTAKE CHANCE!,success
539,957,492,112,65,7280,7273.6,2.4052910052910055,100,🚀 HIGH OVERTAKE CHANCE!,success
540,953,490,117,68,7956,7365.866666666667,2.4358024691358025,100,🚀 HIGH OVERTAKE CHANCE!,success
541,952,488,117,68,7956,7458.133333333333,2.4663139329805994,100,🚀 HIGH OVERTAKE CHANCE!,success
542,951,488,117,68,7956,7550.4,2.496825396825397,100,🚀 HIGH OVERTAKE CHANCE!,success
543,954,488,112,65,7280,7550.4,2.496825396825397,100,🚀 HIGH OVERTAKE CHANCE!,success
544,953,488,112,65,7280,7550.4,2.496825396825397,100,🚀 HIGH OVERTAKE CHANCE!,success
545,950,487,117,68,7956,7595.466666666666,2.5117283950617284,100,🚀 HIGH OVERTAKE CHANCE!,success
546,947,484,123,72,8856,7700.533333333334,2.5464726631393297,100,🚀 HIGH OVERTAKE CHANCE!,success
547,947,484,123,72,8856,7805.6,2.5812169312169315,100,🚀 HIGH OVERTAKE CHANCE!,success
548,946,484,123,72,8856,7910.666666666667,2.615961199294533,100,🚀 HIGH OVERTAKE CHANCE!,success
549,946,484,123,72,8856,7970.666666666667,2.6358024691358026,100,🚀 HIGH OVERTAKE CHANCE!,success
550,948,486,117,68,7956,7970.666666666667,2.6358024691358026,100,🚀 HIGH OVERTAKE CHANCE!,success
551,950,488,112,65,7280,7970.666666666667,2.6358024691358026,100,🚀 HIGH OVERTAKE CHANCE!,success
552,950,488,112,65,7280,7970.666666666667,2.6358024691358026,100,🚀 HIGH OVERTAKE CHANCE!,success
553,946,487,117,68,7956,7970.666666666667,2.6358024691358026,100,🚀 HIGH OVERTAKE CHANCE!,success
554,947,487,117,68,7956,8015.733333333334,2.650705467372134,100,🚀 HIGH OVERTAKE CHANCE!,success
555,946,487,117,68,7956,8015.733333333334,2.650705467372134,100,🚀 HIGH OVERTAKE CHANCE!,success
556,947,487,117,68,7956,8015.733333333334,2.650705467372134,100,🚀 HIGH OVERTAKE CHANCE!,success
557,950,488,112,65,7280,7970.666666666667,2.6358024691358026,100,🚀 HIGH OVERTAKE CHANCE!,success
558,948,487,117,68,7956,8015.733333333334,2.650705467372134,100,🚀 HIGH OVERTAKE CHANCE!,success
559,948,487,117,68,7956,8060.8,2.6656084656084658,100,🚀 HIGH OVERTAKE CHANCE!,success
560,949,487,117,68,7956,8060.8,2.6656084656084658,100,🚀 HIGH OVERTAKE CHANCE!,success
561,948,487,117,68,7956,8000.8,2.645767195767196,100,🚀 HIGH OVERTAKE CHANCE!,success
562,948,488,117,68,7956,7940.8,2.6259259259259258,100,🚀 HIGH OVERTAKE CHANCE!,success
563,949,489,117,68,7956,7880.8,2.606084656084656,100,🚀 HIGH OVERTAKE CHANCE!,success
564,949,489,117,68,7956,7820.8,2.5862433862433862,100,🚀 HIGH OVERTAKE CHANCE!,success
565,949,489,117,68,7956,7820.8,2.5862433862433862,100,🚀 HIGH OVERTAKE CHANCE!,success
566,952,489,117,68,7956,7865.866666666667,2.601146384479718,100,🚀 HIGH OVERTAKE CHANCE!,success
567,955,490,112,65,7280,7865.866666666667,2.601146384479718,100,🚀 HIGH OVERTAKE CHANCE!,success
568,955,491,112,65,7280,7820.8,2.5862433862433862,100,🚀 HIGH OVERTAKE CHANCE!,success
569,956,492,112,65,7280,7775.733333333334,2.5713403880070547,100,🚀 HIGH OVERTAKE CHANCE!,success
570,957,492,112,65,7280,7730.666666666667,2.556437389770723,100,🚀 HIGH OVERTAKE CHANCE!,success
571,959,493,112,65,7280,7685.6,2.5415343915343915,100,🚀 HIGH OVERTAKE CHANCE!,success
572,960,493,112,65,7280,7685.6,2.5415343915343915,100,🚀 HIGH OVERTAKE CHANCE!,success
573,961,493,112,65,7280,7640.533333333334,2.52663139329806,100,🚀 HIGH OVERTAKE CHANCE!,success
574,962,493,112,65,7280,7595.466666666666,2.5117283950617284,100,🚀 HIGH OVERTAKE CHANCE!,success
575,963,493,112,65,7280,7550.4,2.496825396825397,100,🚀 HIGH OVERTAKE CHANCE!,success
576,965,494,112,65,7280,7505.333333333333,2.4819223985890653,100,🚀 HIGH OVERTAKE CHANCE!,success
577,965,494,112,65,7280,7460.266666666666,2.4670194003527337,100,🚀 HIGH OVERTAKE CHANCE!,success
578,966,495,112,65,7280,7415.2,2.452116402116402,100,🚀 HIGH OVERTAKE CHANCE!,success
579,967,496,112,65,7280,7370.133333333333,2.4372134038800706,100,🚀 HIGH OVERTAKE CHANCE!,success
580,968,496,112,65,7280,7325.066666666667,2.422310405643739,100,🚀 HIGH OVERTAKE CHANCE!,success
581,968,497,112,65,7280,7280.0,2.4074074074074074,100,🚀 HIGH OVERTAKE CHANCE!,success
582,972,499,106,62,6572,7232.8,2.391798941798942,100,🚀 HIGH OVERTAKE CHANCE!,success
583,973,499,106,62,6572,7185.6,2.376190476190476,100,🚀 HIGH OVERTAKE CHANCE!,success
584,973,499,106,62,6572,7138.4,2.3605820105820103,100,🚀 HIGH OVERTAKE CHANCE!,success
585,974,499,106,62,6572,7091.2,2.344973544973545,100,🚀 HIGH OVERTAKE CHANCE!,success
586,976,501,101,59,5959,7003.133333333333,2.3158509700176366,100,🚀 HIGH OVERTAKE CHANCE!,success
587,976,501,101,59,5959,6915.066666666667,2.2867283950617283,100,🚀 HIGH OVERTAKE CHANCE!,success
588,979,503,96,56,5376,6788.133333333333,2.244753086419753,100,🚀 HIGH OVERTAKE CHANCE!,success
589,977,502,101,59,5959,6700.066666666667,2.2156305114638446,100,🚀 HIGH OVERTAKE CHANCE!,success
590,977,502,101,59,5959,6612.0,2.1865079365079363,100,🚀 HIGH OVERTAKE CHANCE!,success
591,975,502,101,59,5959,6523.933333333333,2.1573853615520284,100,🚀 HIGH OVERTAKE CHANCE!,success
592,972,501,106,62,6572,6476.733333333334,2.1417768959435626,100,🚀 HIGH OVERTAKE CHANCE!,success
593,973,502,101,59,5959,6388.666666666667,2.1126543209876543,100,🚀 HIGH OVERTAKE CHANCE!,success
594,972,502,101,59,5959,6300.6,2.083531746031746,100,🚀 HIGH OVERTAKE CHANCE!,success
595,971,502,101,59,5959,6212.533333333334,2.054409171075838,100,🚀 HIGH OVERTAKE CHANCE!,success
596,963,500,106,62,6572,6165.333333333333,2.0388007054673722,100,🚀 HIGH OVERTAKE CHANCE!,success
597,965,501,101,59,5959,6124.466666666666,2.0252865961199293,100,🚀 HIGH OVERTAKE CHANCE!,success
598,960,501,101,59,5959,6083.6,2.011772486772487,100,🚀 HIGH OVERTAKE CHANCE!,success
599,960,502,96,56,5376,6003.866666666667,1.985405643738977,100,🚀 HIGH OVERTAKE CHANCE!,success
600,957,500,101,59,5959,5963.0,1.9718915343915344,100,🚀 HIGH OVERTAKE CHANCE!,success
601,949,498,106,62,6572,6003.866666666667,1.985405643738977,100,🚀 HIGH OVERTAKE CHANCE!,success
602,948,499,101,59,5959,6003.866666666667,1.985405643738977,100,🚀 HIGH OVERTAKE CHANCE!,success
603,941,497,106,62,6572,6083.6,2.011772486772487,100,🚀 HIGH OVERTAKE CHANCE!,success
604,936,497,106,62,6572,6124.466666666666,2.0252865961199293,100,🚀 HIGH OVERTAKE CHANCE!,success
605,934,497,106,62,6572,6165.333333333333,2.0388007054673722,100,🚀 HIGH OVERTAKE CHANCE!,success
606,923,495,112,65,7280,6253.4,2.06792328042328,100,🚀 HIGH OVERTAKE CHANCE!,success
607,917,494,117,68,7956,6345.666666666667,2.0984347442680775,100,🚀 HIGH OVERTAKE CHANCE!,success
608,909,494,117,68,7956,6478.8,2.1424603174603174,100,🚀 HIGH OVERTAKE CHANCE!,success
609,897,491,129,75,9675,6726.533333333334,2.2243827160493828,100,🚀 HIGH OVERTAKE CHANCE!,success
610,894,491,129,75,9675,6974.266666666666,2.3063051146384477,100,🚀 HIGH OVERTAKE CHANCE!,success
611,884,492,129,75,9675,7181.133333333333,2.3747134038800706,100,🚀 HIGH OVERTAKE CHANCE!,success
612,881,492,129,75,9675,7428.866666666667,2.456635802469136,100,🚀 HIGH OVERTAKE CHANCE!,success
613,877,492,129,75,9675,7676.6,2.5385582010582013,100,🚀 HIGH OVERTAKE CHANCE!,success
614,873,492,129,75,9675,7963.2,2.6333333333333333,100,🚀 HIGH OVERTAKE CHANCE!,success
615,869,492,129,75,9675,8210.933333333332,2.715255731922398,100,🚀 HIGH OVERTAKE CHANCE!,success
616,863,492,129,75,9675,8417.8,2.783664021164021,100,🚀 HIGH OVERTAKE CHANCE!,success
617,861,491,129,75,9675,8665.533333333333,2.8655864197530865,100,🚀 HIGH OVERTAKE CHANCE!,success
618,859,492,123,72,8856,8817.8,2.915939153439153,100,🚀 HIGH OVERTAKE CHANCE!,success
619,857,491,123,72,8856,8970.066666666668,2.966291887125221,100,🚀 HIGH OVERTAKE CHANCE!,success
620,854,490,123,72,8856,9122.333333333334,3.0166446208112876,100,🚀 HIGH OVERTAKE CHANCE!,success
621,851,489,123,72,8856,9227.4,3.051388888888889,100,🚀 HIGH OVERTAKE CHANCE!,success
622,850,488,123,72,8856,9287.4,3.0712301587301587,100,🚀 HIGH OVERTAKE CHANCE!,success
623,848,488,123,72,8856,9347.4,3.0910714285714285,100,🚀 HIGH OVERTAKE CHANCE!,success
624,847,488,123,72,8856,9292.8,3.0730158730158728,100,🚀 HIGH OVERTAKE CHANCE!,success
625,845,487,123,72,8856,9238.2,3.0549603174603175,100,🚀 HIGH OVERTAKE CHANCE!,success
626,843,485,123,72,8856,9183.6,3.036904761904762,100,🚀 HIGH OVERTAKE CHANCE!,success
627,841,484,123,72,8856,9129.0,3.0188492063492065,100,🚀 HIGH OVERTAKE CHANCE!,success
628,839,483,123,72,8856,9074.4,3.000793650793651,100,🚀 HIGH OVERTAKE CHANCE!,success
629,834,480,129,75,9675,9074.4,3.000793650793651,100,🚀 HIGH OVERTAKE CHANCE!,success
630,833,480,129,75,9675,9074.4,3.000793650793651,100,🚀 HIGH OVERTAKE CHANCE!,success
631,829,479,129,75,9675,9074.4,3.000793650793651,100,🚀 HIGH OVERTAKE CHANCE!,success
632,828,478,129,75,9675,9074.4,3.000793650793651,100,🚀 HIGH OVERTAKE CHANCE!,success
633,825,478,129,75,9675,9129.0,3.0188492063492065,100,🚀 HIGH OVERTAKE CHANCE!,success
634,824,479,129,75,9675,9183.6,3.036904761904762,100,🚀 HIGH OVERTAKE CHANCE!,success
635,823,478,129,75,9675,9238.2,3.0549603174603175,100,🚀 HIGH OVERTAKE CHANCE!,success
636,820,479,129,75,9675,9292.8,3.0730158730158728,100,🚀 HIGH OVERTAKE CHANCE!,success
637,820,480,129,75,9675,9347.4,3.0910714285714285,100,🚀 HIGH OVERTAKE CHANCE!,success
638,819,482,129,75,9675,9402.0,3.109126984126984,100,🚀 HIGH OVERTAKE CHANCE!,success
639,818,483,129,75,9675,9456.6,3.12718253968254,100,🚀 HIGH OVERTAKE CHANCE!,success
640,817,485,129,75,9675,9511.2,3.1452380952380956,100,🚀 HIGH OVERTAKE CHANCE!,success
641,817,488,129,75,9675,9565.8,3.1632936507936504,100,🚀 HIGH OVERTAKE CHANCE!,success
642,816,488,129,75,9675,9620.4,3.181349206349206,100,🚀 HIGH OVERTAKE CHANCE!,success
643,816,489,129,75,9675,9675.0,3.199404761904762,100,🚀 HIGH OVERTAKE CHANCE!,success
644,816,490,129,75,9675,9675.0,3.199404761904762,100,🚀 HIGH OVERTAKE CHANCE!,success
645,816,491,129,75,9675,9675.0,3.199404761904762,100,🚀 HIGH OVERTAKE CHANCE!,success
646,815,492,129,75,9675,9675.0,3.199404761904762,100,🚀 HIGH OVERTAKE CHANCE!,success
647,815,493,129,75,9675,9675.0,3.199404761904762,100,🚀 HIGH OVERTAKE CHANCE!,success
648,815,493,129,75,9675,9675.0,3.199404761904762,100,🚀 HIGH OVERTAKE CHANCE!,success
649,815,493,129,75,9675,9675.0,3.199404761904762,100,🚀 HIGH OVERTAKE CHANCE!,success
650,814,494,129,75,9675,9675.0,3.199404761904762,100,🚀 HIGH OVERTAKE CHANCE!,success
651,814,494,129,75,9675,9675.0,3.199404761904762,100,🚀 HIGH OVERTAKE CHANCE!,success
652,815,495,129,75,9675,9675.0,3.199404761904762,100,🚀 HIGH OVERTAKE CHANCE!,success
653,816,495,129,75,9675,9675.0,3.199404761904762,100,🚀 HIGH OVERTAKE CHANCE!,success
654,815,495,129,75,9675,9675.0,3.199404761904762,100,🚀 HIGH OVERTAKE CHANCE!,success
655,817,495,129,75,9675,9675.0,3.199404761904762,100,🚀 HIGH OVERTAKE CHANCE!,success
656,816,494,129,75,9675,9675.0,3.199404761904762,100,🚀 HIGH OVERTAKE CHANCE!,success
657,817,493,129,75,9675,9675.0,3.199404761904762,100,🚀 HIGH OVERTAKE CHANCE!,success
658,821,495,123,72,8856,9620.4,3.181349206349206,100,🚀 HIGH OVERTAKE CHANCE!,success
659,821,495,123,72,8856,9565.8,3.1632936507936504,100,🚀 HIGH OVERTAKE CHANCE!,success
660,822,495,123,72,8856,9511.2,3.1452380952380956,100,🚀 HIGH OVERTAKE CHANCE!,success
661,822,495,123,72,8856,9456.6,3.12718253968254,100,🚀 HIGH OVERTAKE CHANCE!,success
662,823,496,123,72,8856,9402.0,3.109126984126984,100,🚀 HIGH OVERTAKE CHANCE!,success
663,822,497,123,72,8856,9347.4,3.0910714285714285,100,🚀 HIGH OVERTAKE CHANCE!,success
664,822,497,123,72,8856,9292.8,3.0730158730158728,100,🚀 HIGH OVERTAKE CHANCE!,success
665,824,499,117,68,7956,9178.2,3.0351190476190477,100,🚀 HIGH OVERTAKE CHANCE!,success
666,823,498,117,68,7956,9063.6,2.9972222222222222,100,🚀 HIGH OVERTAKE CHANCE!,success
667,824,497,117,68,7956,8949.0,2.9593253968253967,100,🚀 HIGH OVERTAKE CHANCE!,success
668,825,496,117,68,7956,8834.4,2.9214285714285713,100,🚀 HIGH OVERTAKE CHANCE!,success
669,827,495,117,68,7956,8719.8,2.883531746031746,100,🚀 HIGH OVERTAKE CHANCE!,success
670,828,495,117,68,7956,8605.2,2.8456349206349207,100,🚀 HIGH OVERTAKE CHANCE!,success
671,835,496,117,68,7956,8490.6,2.8077380952380953,100,🚀 HIGH OVERTAKE CHANCE!,success
672,837,497,117,68,7956,8376.0,2.7698412698412698,100,🚀 HIGH OVERTAKE CHANCE!,success
673,842,497,117,68,7956,8316.0,2.75,100,🚀 HIGH OVERTAKE CHANCE!,success
674,843,497,117,68,7956,8256.0,2.7301587301587302,100,🚀 HIGH OVERTAKE CHANCE!,success
675,847,499,112,65,7280,8150.933333333333,2.695414462081129,100,🚀 HIGH OVERTAKE CHANCE!,success
676,849,499,112,65,7280,8045.866666666667,2.6606701940035276,100,🚀 HIGH OVERTAKE CHANCE!,success
677,849,499,112,65,7280,7940.8,2.6259259259259258,100,🚀 HIGH OVERTAKE CHANCE!,success
678,850,499,112,65,7280,7835.733333333334,2.5911816578483244,100,🚀 HIGH OVERTAKE CHANCE!,success
679,851,500,112,65,7280,7730.666666666667,2.556437389770723,100,🚀 HIGH OVERTAKE CHANCE!,success
680,851,500,112,65,7280,7685.6,2.5415343915343915,100,🚀 HIGH OVERTAKE CHANCE!,success
681,852,499,112,65,7280,7640.533333333334,2.52663139329806,100,🚀 HIGH OVERTAKE CHANCE!,success
682,853,499,112,65,7280,7595.466666666666,2.5117283950617284,100,🚀 HIGH OVERTAKE CHANCE!,success
683,854,499,112,65,7280,7550.4,2.496825396825397,100,🚀 HIGH OVERTAKE CHANCE!,success
684,854,498,112,65,7280,7505.333333333333,2.4819223985890653,100,🚀 HIGH OVERTAKE CHANCE!,success
685,855,498,112,65,7280,7460.266666666666,2.4670194003527337,100,🚀 HIGH OVERTAKE CHANCE!,success
686,856,496,112,65,7280,7415.2,2.452116402116402,100,🚀 HIGH OVERTAKE CHANCE!,success
687,857,495,112,65,7280,7370.133333333333,2.4372134038800706,100,🚀 HIGH OVERTAKE CHANCE!,success
688,859,493,112,65,7280,7325.066666666667,2.422310405643739,100,🚀 HIGH OVERTAKE CHANCE!,success
689,860,493,112,65,7280,7280.0,2.4074074074074074,100,🚀 HIGH OVERTAKE CHANCE!,success
690,862,492,112,65,7280,7280.0,2.4074074074074074,100,🚀 HIGH OVERTAKE CHANCE!,success
691,863,491,112,65,7280,7280.0,2.4074074074074074,100,🚀 HIGH OVERTAKE CHANCE!,success
692,865,491,112,65,7280,7280.0,2.4074074074074074,100,🚀 HIGH OVERTAKE CHANCE!,success
693,867,491,112,65,7280,7280.0,2.4074074074074074,100,🚀 HIGH OVERTAKE CHANCE!,success
694,869,490,112,65,7280,7280.0,2.4074074074074074,100,🚀 HIGH OVERTAKE CHANCE!,success
695,869,490,112,65,7280,7280.0,2.4074074074074074,100,🚀 HIGH OVERTAKE CHANCE!,success
696,868,488,112,65,7280,7280.0,2.4074074074074074,100,🚀 HIGH OVERTAKE CHANCE!,success
697,868,488,112,65,7280,7280.0,2.4074074074074074,100,🚀 HIGH OVERTAKE CHANCE!,success
698,865,486,112,65,7280,7280.0,2.4074074074074074,100,🚀 HIGH OVERTAKE CHANCE!,success
699,864,486,112,65,7280,7280.0,2.4074074074074074,100,🚀 HIGH OVERTAKE CHANCE!,success
700,863,485,112,65,7280,7280.0,2.4074074074074074,100,🚀 HIGH OVERTAKE CHANCE!,success
701,861,485,112,65,7280,7280.0,2.4074074074074074,100,🚀 HIGH OVERTAKE CHANCE!,success
702,861,484,112,65,7280,7280.0,2.4074074074074074,100,🚀 HIGH OVERTAKE CHANCE!,success
703,859,485,112,65,7280,7280.0,2.4074074074074074,100,🚀 HIGH OVERTAKE CHANCE!,success
704,858,484,112,65,7280,7280.0,2.4074074074074074,100,🚀 HIGH OVERTAKE CHANCE!,success
705,856,485,112,65,7280,7280.0,2.4074074074074074,100,🚀 HIGH OVERTAKE CHANCE!,success
706,857,487,106,62,6572,7232.8,2.391798941798942,100,🚀 HIGH OVERTAKE CHANCE!,success
707,855,487,106,62,6572,7185.6,2.376190476190476,100,🚀 HIGH OVERTAKE CHANCE!,success
708,855,489,101,59,5959,7097.533333333334,2.347067901234568,100,🚀 HIGH OVERTAKE CHANCE!,success
709,851,489,101,59,5959,7009.466666666666,2.3179453262786596,100,🚀 HIGH OVERTAKE CHANCE!,success
710,850,489,101,59,5959,6921.4,2.2888227513227513,100,🚀 HIGH OVERTAKE CHANCE!,success
711,845,489,101,59,5959,6833.333333333333,2.259700176366843,100,🚀 HIGH OVERTAKE CHANCE!,success
712,843,489,101,59,5959,6745.266666666666,2.2305776014109346,100,🚀 HIGH OVERTAKE CHANCE!,success
713,838,488,101,59,5959,6657.2,2.2014550264550263,100,🚀 HIGH OVERTAKE CHANCE!,success
714,837,489,101,59,5959,6569.133333333333,2.172332451499118,100,🚀 HIGH OVERTAKE CHANCE!,success
715,836,489,101,59,5959,6481.066666666667,2.1432098765432097,100,🚀 HIGH OVERTAKE CHANCE!,success
716,831,489,101,59,5959,6393.0,2.1140873015873014,100,🚀 HIGH OVERTAKE CHANCE!,success
717,830,489,101,59,5959,6304.933333333333,2.0849647266313935,100,🚀 HIGH OVERTAKE CHANCE!,success
718,826,489,101,59,5959,6216.866666666667,2.0558421516754852,100,🚀 HIGH OVERTAKE CHANCE!,success
719,826,489,101,59,5959,6128.8,2.026719576719577,100,🚀 HIGH OVERTAKE CHANCE!,success
720,825,489,101,59,5959,6040.733333333334,1.9975970017636686,100,🚀 HIGH OVERTAKE CHANCE!,success
721,824,489,101,59,5959,5999.866666666667,1.9840828924162257,100,🚀 HIGH OVERTAKE CHANCE!,success
722,824,489,101,59,5959,5959.0,1.970568783068783,100,🚀 HIGH OVERTAKE CHANCE!,success
723,824,490,101,59,5959,5959.0,1.970568783068783,100,🚀 HIGH OVERTAKE CHANCE!,success
724,826,491,96,56,5376,5920.133333333333,1.957716049382716,100,🚀 HIGH OVERTAKE CHANCE!,success
725,826,491,96,56,5376,5881.266666666666,1.944863315696649,100,🚀 HIGH OVERTAKE CHANCE!,success
726,826,491,96,56,5376,5842.4,1.932010582010582,100,🚀 HIGH OVERTAKE CHANCE!,success
727,825,490,96,56,5376,5803.533333333334,1.919157848324515,100,🚀 HIGH OVERTAKE CHANCE!,success
728,822,492,92,54,4968,5737.466666666666,1.8973104056437389,100,🚀 HIGH OVERTAKE CHANCE!,success
729,819,491,96,56,5376,5698.6,1.884457671957672,100,🚀 HIGH OVERTAKE CHANCE!,success
730,821,492,92,54,4968,5632.533333333334,1.862610229276896,100,🚀 HIGH OVERTAKE CHANCE!,success
731,813,491,96,56,5376,5593.666666666667,1.849757495590829,100,🚀 HIGH OVERTAKE CHANCE!,success
732,812,491,96,56,5376,5554.8,1.836904761904762,100,🚀 HIGH OVERTAKE CHANCE!,success
733,809,493,92,54,4968,5488.733333333334,1.815057319223986,100,🚀 HIGH OVERTAKE CHANCE!,success
734,807,492,96,56,5376,5449.866666666667,1.802204585537919,100,🚀 HIGH OVERTAKE CHANCE!,success
735,805,492,96,56,5376,5411.0,1.7893518518518519,100,🚀 HIGH OVERTAKE CHANCE!,success
736,805,494,92,54,4968,5344.933333333333,1.7675044091710759,100,🚀 HIGH OVERTAKE CHANCE!,success
737,802,493,96,56,5376,5306.066666666667,1.7546516754850088,100,🚀 HIGH OVERTAKE CHANCE!,success
738,798,494,96,56,5376,5267.2,1.7417989417989417,100,🚀 HIGH OVERTAKE CHANCE!,success
739,795,493,101,59,5959,5306.066666666667,1.7546516754850088,100,🚀 HIGH OVERTAKE CHANCE!,success
740,792,493,101,59,5959,5344.933333333333,1.7675044091710759,100,🚀 HIGH OVERTAKE CHANCE!,success
741,789,494,101,59,5959,5383.8,1.780357142857143,100,🚀 HIGH OVERTAKE CHANCE!,success
742,792,495,96,56,5376,5383.8,1.780357142857143,100,🚀 HIGH OVERTAKE CHANCE!,success
743,792,496,96,56,5376,5411.0,1.7893518518518519,100,🚀 HIGH OVERTAKE CHANCE!,success
744,794,498,92,54,4968,5383.8,1.780357142857143,100,🚀 HIGH OVERTAKE CHANCE!,success
745,792,497,96,56,5376,5411.0,1.7893518518518519,100,🚀 HIGH OVERTAKE CHANCE!,success
746,795,500,92,54,4968,5383.8,1.780357142857143,100,🚀 HIGH OVERTAKE CHANCE!,success
747,796,500,92,54,4968,5356.6,1.771362433862434,100,🚀 HIGH OVERTAKE CHANCE!,success
748,796,500,92,54,4968,5356.6,1.771362433862434,100,🚀 HIGH OVERTAKE CHANCE!,success
749,796,501,92,54,4968,5329.4,1.7623677248677247,100,🚀 HIGH OVERTAKE CHANCE!,success
750,799,502,88,51,4488,5270.2,1.7427910052910052,100,🚀 HIGH OVERTAKE CHANCE!,success
751,799,502,88,51,4488,5238.2,1.7322089947089947,100,🚀 HIGH OVERTAKE CHANCE!,success
752,797,501,92,54,4968,5211.0,1.7232142857142858,100,🚀 HIGH OVERTAKE CHANCE!,success
753,801,502,88,51,4488,5151.8,1.7036375661375662,100,🚀 HIGH OVERTAKE CHANCE!,success
754,799,501,92,54,4968,5085.733333333334,1.6817901234567902,100,🚀 HIGH OVERTAKE CHANCE!,success
755,799,501,92,54,4968,5019.666666666667,1.6599426807760143,100,🚀 HIGH OVERTAKE CHANCE!,success
756,803,503,88,51,4488,4921.6,1.6275132275132276,100,🚀 HIGH OVERTAKE CHANCE!,success
757,806,504,83,49,4067,4834.333333333333,1.5986552028218695,100,🚀 HIGH OVERTAKE CHANCE!,success
758,807,504,83,49,4067,4747.066666666667,1.5697971781305113,100,🚀 HIGH OVERTAKE CHANCE!,success
759,809,505,83,49,4067,4687.0,1.5499338624338623,100,🚀 HIGH OVERTAKE CHANCE!,success
760,810,505,83,49,4067,4599.733333333334,1.5210758377425044,100,🚀 HIGH OVERTAKE CHANCE!,success
761,814,504,83,49,4067,4539.666666666667,1.5012125220458554,100,🚀 HIGH OVERTAKE CHANCE!,success
762,816,506,79,46,3634,4450.733333333334,1.4718033509700177,95,🚀 HIGH OVERTAKE CHANCE!,success
763,820,505,79,46,3634,4361.8,1.44239417989418,91,🚀 HIGH OVERTAKE CHANCE!,success
764,821,504,79,46,3634,4272.866666666667,1.4129850088183422,87,🚀 HIGH OVERTAKE CHANCE!,success
765,823,504,79,46,3634,4215.933333333333,1.394157848324515,84,🚀 HIGH OVERTAKE CHANCE!,success
766,827,503,79,46,3634,4159.0,1.375330687830688,82,🚀 HIGH OVERTAKE CHANCE!,success
767,829,503,79,46,3634,4070.0666666666666,1.3459215167548502,77,🚀 HIGH OVERTAKE CHANCE!,success
768,833,503,79,46,3634,4013.133333333333,1.327094356261023,75,🚀 HIGH OVERTAKE CHANCE!,success
769,836,504,76,44,3344,3904.866666666667,1.2912918871252206,70,🚀 HIGH OVERTAKE CHANCE!,success
770,839,503,79,46,3634,3815.9333333333334,1.2618827160493828,65,⚡ MEDIUM OVERTAKE CHANCE,success
771,843,504,76,44,3344,3739.6666666666665,1.2366622574955908,62,⚡ MEDIUM OVERTAKE CHANCE,success
772,848,505,72,42,3024,3670.133333333333,1.2136684303350969,59,⚡ MEDIUM OVERTAKE CHANCE,success
773,850,505,72,42,3024,3600.6,1.1906746031746032,55,⚡ MEDIUM OVERTAKE CHANCE,success
774,853,504,72,42,3024,3531.0666666666666,1.1676807760141092,52,⚡ MEDIUM OVERTAKE CHANCE,success
775,854,504,72,42,3024,3461.5333333333333,1.1446869488536155,49,⚡ MEDIUM OVERTAKE CHANCE,success
776,855,503,76,44,3344,3413.3333333333335,1.1287477954144622,46,⚡ MEDIUM OVERTAKE CHANCE,success
777,857,503,79,46,3634,3413.3333333333335,1.1287477954144622,46,⚡ MEDIUM OVERTAKE CHANCE,success
778,859,503,79,46,3634,3413.3333333333335,1.1287477954144622,46,⚡ MEDIUM OVERTAKE CHANCE,success
779,863,503,76,44,3344,3394.0,1.1223544973544974,46,⚡ MEDIUM OVERTAKE CHANCE,success
780,865,503,76,44,3344,3374.6666666666665,1.1159611992945326,45,⚡ MEDIUM OVERTAKE CHANCE,success
781,868,502,79,46,3634,3374.6666666666665,1.1159611992945326,45,⚡ MEDIUM OVERTAKE CHANCE,success
782,871,503,76,44,3344,3355.3333333333335,1.109567901234568,44,⚡ MEDIUM OVERTAKE CHANCE,success
783,875,503,76,44,3344,3336.0,1.1031746031746033,43,⚡ MEDIUM OVERTAKE CHANCE,success
784,876,503,76,44,3344,3336.0,1.1031746031746033,43,⚡ MEDIUM OVERTAKE CHANCE,success
785,877,502,76,44,3344,3316.6666666666665,1.0967813051146384,42,⚡ MEDIUM OVERTAKE CHANCE,success
786,881,502,76,44,3344,3316.6666666666665,1.0967813051146384,42,⚡ MEDIUM OVERTAKE CHANCE,success
787,884,503,76,44,3344,3338.0,1.1038359788359788,43,⚡ MEDIUM OVERTAKE CHANCE,success
788,887,503,76,44,3344,3359.3333333333335,1.1108906525573192,44,⚡ MEDIUM OVERTAKE CHANCE,success
789,889,504,76,44,3344,3380.6666666666665,1.1179453262786596,45,⚡ MEDIUM OVERTAKE CHANCE,success
790,890,504,76,44,3344,3402.0,1.125,46,⚡ MEDIUM OVERTAKE CHANCE,success
791,895,505,72,42,3024,3380.6666666666665,1.1179453262786596,45,⚡ MEDIUM OVERTAKE CHANCE,success
792,896,503,76,44,3344,3361.3333333333335,1.111552028218695,44,⚡ MEDIUM OVERTAKE CHANCE,success
793,900,503,76,44,3344,3342.0,1.1051587301587302,43,⚡ MEDIUM OVERTAKE CHANCE,success
794,901,503,76,44,3344,3342.0,1.1051587301587302,43,⚡ MEDIUM OVERTAKE CHANCE,success
795,905,504,72,42,3024,3320.6666666666665,1.0981040564373896,42,⚡ MEDIUM OVERTAKE CHANCE,success
796,909,503,72,42,3024,3280.0,1.0846560846560847,40,⚡ MEDIUM OVERTAKE CHANCE,success
797,912,504,69,40,2760,3241.0666666666666,1.0717813051146385,38,📉 LOW OVERTAKE CHANCE,success
798,917,504,69,40,2760,3202.133333333333,1.0589065255731922,36,📉 LOW OVERTAKE CHANCE,success
799,918,503,72,42,3024,3180.8,1.0518518518518518,35,📉 LOW OVERTAKE CHANCE,success
800,921,503,69,40,2760,3141.866666666667,1.0389770723104057,34,📉 LOW OVERTAKE CHANCE,success
801,926,503,69,40,2760,3102.9333333333334,1.0261022927689594,32,📉 LOW OVERTAKE CHANCE,success
802,929,504,65,38,2470,3044.6666666666665,1.0068342151675485,29,📉 LOW OVERTAKE CHANCE,success
803,932,504,69,40,2760,3005.733333333333,0.9939594356261022,27,📉 LOW OVERTAKE CHANCE,success
804,936,504,69,40,2760,2966.8,0.9810846560846561,25,📉 LOW OVERTAKE CHANCE,success
805,937,504,69,40,2760,2927.866666666667,0.9682098765432099,24,📉 LOW OVERTAKE CHANCE,success
806,940,504,72,42,3024,2927.866666666667,0.9682098765432099,24,📉 LOW OVERTAKE CHANCE,success
807,945,505,69,40,2760,2888.9333333333334,0.9553350970017637,22,📉 LOW OVERTAKE CHANCE,success
808,947,504,72,42,3024,2867.6,0.9482804232804233,21,📉 LOW OVERTAKE CHANCE,success
809,950,505,69,40,2760,2828.6666666666665,0.935405643738977,19,🔒 NO OVERTAKE OPPORTUNITY,success
810,952,504,72,42,3024,2828.6666666666665,0.935405643738977,19,🔒 NO OVERTAKE OPPORTUNITY,success
811,956,504,69,40,2760,2811.0666666666666,0.9295855379188712,18,🔒 NO OVERTAKE OPPORTUNITY,success
812,958,505,69,40,2760,2811.0666666666666,0.9295855379188712,18,🔒 NO OVERTAKE OPPORTUNITY,success
813,960,503,72,42,3024,2828.6666666666665,0.935405643738977,19,🔒 NO OVERTAKE OPPORTUNITY,success
814,961,504,69,40,2760,2811.0666666666666,0.9295855379188712,18,🔒 NO OVERTAKE OPPORTUNITY,success
815,963,503,69,40,2760,2811.0666666666666,0.9295855379188712,18,🔒 NO OVERTAKE OPPORTUNITY,success
816,964,502,72,42,3024,2828.6666666666665,0.935405643738977,19,🔒 NO OVERTAKE OPPORTUNITY,success
817,964,502,72,42,3024,2865.6,0.9476190476190476,21,📉 LOW OVERTAKE CHANCE,success
818,964,501,72,42,3024,2883.2,0.9534391534391534,21,📉 LOW OVERTAKE CHANCE,success
819,964,501,72,42,3024,2900.8,0.9592592592592594,22,📉 LOW OVERTAKE CHANCE,success
820,966,502,69,40,2760,2900.8,0.9592592592592594,22,📉 LOW OVERTAKE CHANCE,success
821,966,503,69,40,2760,2883.2,0.9534391534391534,21,📉 LOW OVERTAKE CHANCE,success
822,964,502,72,42,3024,2900.8,0.9592592592592594,22,📉 LOW OVERTAKE CHANCE,success
823,965,503,69,40,2760,2883.2,0.9534391534391534,21,📉 LOW OVERTAKE CHANCE,success
824,965,503,69,40,2760,2883.2,0.9534391534391534,21,📉 LOW OVERTAKE CHANCE,success
825,964,504,69,40,2760,2865.6,0.9476190476190476,21,📉 LOW OVERTAKE CHANCE,success
826,962,504,69,40,2760,2865.6,0.9476190476190476,21,📉 LOW OVERTAKE CHANCE,success
827,960,503,72,42,3024,2883.2,0.9534391534391534,21,📉 LOW OVERTAKE CHANCE,success
828,959,503,69,40,2760,2865.6,0.9476190476190476,21,📉 LOW OVERTAKE CHANCE,success
829,959,504,69,40,2760,2865.6,0.9476190476190476,21,📉 LOW OVERTAKE CHANCE,success
830,958,503,69,40,2760,2865.6,0.9476190476190476,21,📉 LOW OVERTAKE CHANCE,success
831,954,502,72,42,3024,2865.6,0.9476190476190476,21,📉 LOW OVERTAKE CHANCE,success
832,953,502,72,42,3024,2865.6,0.9476190476190476,21,📉 LOW OVERTAKE CHANCE,success
833,952,502,69,40,2760,2848.0,0.9417989417989417,20,📉 LOW OVERTAKE CHANCE,success
834,951,502,69,40,2760,2830.4,0.935978835978836,19,🔒 NO OVERTAKE OPPORTUNITY,success
835,951,503,69,40,2760,2830.4,0.935978835978836,19,🔒 NO OVERTAKE OPPORTUNITY,success
836,948,502,69,40,2760,2830.4,0.935978835978836,19,🔒 NO OVERTAKE OPPORTUNITY,success
837,947,502,69,40,2760,2812.8,0.9301587301587302,18,🔒 NO OVERTAKE OPPORTUNITY,success
838,944,502,69,40,2760,2812.8,0.9301587301587302,18,🔒 NO OVERTAKE OPPORTUNITY,success
839,943,502,69,40,2760,2812.8,0.9301587301587302,18,🔒 NO OVERTAKE OPPORTUNITY,success
840,941,502,69,40,2760,2812.8,0.9301587301587302,18,🔒 NO OVERTAKE OPPORTUNITY,success
841,940,502,69,40,2760,2812.8,0.9301587301587302,18,🔒 NO OVERTAKE OPPORTUNITY,success
842,937,502,69,40,2760,2795.2,0.9243386243386242,17,🔒 NO OVERTAKE OPPORTUNITY,success
843,935,500,72,42,3024,2812.8,0.9301587301587302,18,🔒 NO OVERTAKE OPPORTUNITY,success
844,934,499,72,42,3024,2830.4,0.935978835978836,19,🔒 NO OVERTAKE OPPORTUNITY,success
845,933,498,72,42,3024,2848.0,0.9417989417989417,20,📉 LOW OVERTAKE CHANCE,success
846,933,498,69,40,2760,2830.4,0.935978835978836,19,🔒 NO OVERTAKE OPPORTUNITY,success
847,933,498,69,40,2760,2812.8,0.9301587301587302,18,🔒 NO OVERTAKE OPPORTUNITY,success
848,931,496,72,42,3024,2830.4,0.935978835978836,19,🔒 NO OVERTAKE OPPORTUNITY,success
849,930,495,72,42,3024,2848.0,0.9417989417989417,20,📉 LOW OVERTAKE CHANCE,success
850,930,495,72,42,3024,2865.6,0.9476190476190476,21,📉 LOW OVERTAKE CHANCE,success
851,931,493,69,40,2760,2865.6,0.9476190476190476,21,📉 LOW OVERTAKE CHANCE,success
852,929,491,72,42,3024,2883.2,0.9534391534391534,21,📉 LOW OVERTAKE CHANCE,success
853,929,489,72,42,3024,2900.8,0.9592592592592594,22,📉 LOW OVERTAKE CHANCE,success
854,930,489,69,40,2760,2900.8,0.9592592592592594,22,📉 LOW OVERTAKE CHANCE,success
855,928,488,72,42,3024,2918.4,0.9650793650793651,23,📉 LOW OVERTAKE CHANCE,success
856,927,485,72,42,3024,2936.0,0.9708994708994709,24,📉 LOW OVERTAKE CHANCE,success
857,927,485,72,42,3024,2953.6,0.9767195767195767,25,📉 LOW OVERTAKE CHANCE,success
858,927,484,72,42,3024,2953.6,0.9767195767195767,25,📉 LOW OVERTAKE CHANCE,success
859,925,483,76,44,3344,2974.9333333333334,0.9837742504409172,26,📉 LOW OVERTAKE CHANCE,success
860,924,483,76,44,3344,2996.266666666667,0.9908289241622575,27,📉 LOW OVERTAKE CHANCE,success
861,923,484,76,44,3344,3035.2,1.0037037037037035,29,📉 LOW OVERTAKE CHANCE,success
862,923,484,76,44,3344,3074.133333333333,1.0165784832451499,30,📉 LOW OVERTAKE CHANCE,success
863,922,484,76,44,3344,3095.4666666666667,1.0236331569664903,31,📉 LOW OVERTAKE CHANCE,success
864,922,484,76,44,3344,3116.8,1.0306878306878307,32,📉 LOW OVERTAKE CHANCE,success
865,921,484,76,44,3344,3138.133333333333,1.037742504409171,33,📉 LOW OVERTAKE CHANCE,success
866,919,482,79,46,3634,3196.4,1.057010582010582,36,📉 LOW OVERTAKE CHANCE,success
867,920,481,76,44,3344,3217.733333333333,1.0640652557319223,37,📉 LOW OVERTAKE CHANCE,success
868,921,480,76,44,3344,3239.0666666666666,1.0711199294532627,38,📉 LOW OVERTAKE CHANCE,success
869,921,479,76,44,3344,3278.0,1.083994708994709,40,⚡ MEDIUM OVERTAKE CHANCE,success
870,922,478,76,44,3344,3299.3333333333335,1.0910493827160495,41,⚡ MEDIUM OVERTAKE CHANCE,success
871,923,477,76,44,3344,3320.6666666666665,1.0981040564373896,42,⚡ MEDIUM OVERTAKE CHANCE,success
872,924,476,76,44,3344,3342.0,1.1051587301587302,43,⚡ MEDIUM OVERTAKE CHANCE,success
873,925,474,76,44,3344,3363.3333333333335,1.1122134038800706,44,⚡ MEDIUM OVERTAKE CHANCE,success
874,925,474,76,44,3344,3363.3333333333335,1.1122134038800706,44,⚡ MEDIUM OVERTAKE CHANCE,success
875,926,474,76,44,3344,3363.3333333333335,1.1122134038800706,44,⚡ MEDIUM OVERTAKE CHANCE,success
876,926,473,76,44,3344,3363.3333333333335,1.1122134038800706,44,⚡ MEDIUM OVERTAKE CHANCE,success
877,925,474,76,44,3344,3363.3333333333335,1.1122134038800706,44,⚡ MEDIUM OVERTAKE CHANCE,success
878,922,474,79,46,3634,3382.6666666666665,1.1186067019400352,45,⚡ MEDIUM OVERTAKE CHANCE,success
879,924,475,76,44,3344,3382.6666666666665,1.1186067019400352,45,⚡ MEDIUM OVERTAKE CHANCE,success
880,923,476,76,44,3344,3382.6666666666665,1.1186067019400352,45,⚡ MEDIUM OVERTAKE CHANCE,success
881,924,479,72,42,3024,3342.0,1.1051587301587302,43,⚡ MEDIUM OVERTAKE CHANCE,success
882,925,480,69,40,2760,3303.0666666666666,1.092283950617284,41,⚡ MEDIUM OVERTAKE CHANCE,success
883,926,482,69,40,2760,3264.133333333333,1.0794091710758378,39,📉 LOW OVERTAKE CHANCE,success
884,924,481,72,42,3024,3242.8,1.0723544973544974,38,📉 LOW OVERTAKE CHANCE,success
885,923,481,72,42,3024,3221.4666666666667,1.065299823633157,37,📉 LOW OVERTAKE CHANCE,success
886,924,482,72,42,3024,3200.133333333333,1.0582451499118166,36,📉 LOW OVERTAKE CHANCE,success
887,924,482,72,42,3024,3178.8,1.0511904761904762,35,📉 LOW OVERTAKE CHANCE,success
888,925,483,72,42,3024,3157.4666666666667,1.0441358024691358,34,📉 LOW OVERTAKE CHANCE,success
889,926,483,72,42,3024,3136.133333333333,1.0370811287477955,33,📉 LOW OVERTAKE CHANCE,success
890,926,484,72,42,3024,3114.8,1.030026455026455,32,📉 LOW OVERTAKE CHANCE,success
891,927,485,72,42,3024,3093.4666666666667,1.0229717813051147,31,📉 LOW OVERTAKE CHANCE,success
892,927,484,72,42,3024,3072.133333333333,1.0159171075837743,30,📉 LOW OVERTAKE CHANCE,success
893,928,485,72,42,3024,3031.4666666666667,1.002469135802469,28,📉 LOW OVERTAKE CHANCE,success
894,929,485,72,42,3024,3010.133333333333,0.9954144620811287,27,📉 LOW OVERTAKE CHANCE,success
895,929,485,72,42,3024,2988.8,0.9883597883597884,26,📉 LOW OVERTAKE CHANCE,success
896,929,487,72,42,3024,2988.8,0.9883597883597884,26,📉 LOW OVERTAKE CHANCE,success
897,930,488,72,42,3024,3006.4,0.9941798941798942,27,📉 LOW OVERTAKE CHANCE,success
898,930,489,72,42,3024,3024.0,1.0,28,📉 LOW OVERTAKE CHANCE,success
899,931,490,72,42,3024,3024.0,1.0,28,📉 LOW OVERTAKE CHANCE,success
900,931,491,72,42,3024,3024.0,1.0,28,📉 LOW OVERTAKE CHANCE,success
901,931,492,72,42,3024,3024.0,1.0,28,📉 LOW OVERTAKE CHANCE,success
902,931,493,72,42,3024,3024.0,1.0,28,📉 LOW OVERTAKE CHANCE,success
903,931,495,72,42,3024,3024.0,1.0,28,📉 LOW OVERTAKE CHANCE,success
904,932,495,72,42,3024,3024.0,1.0,28,📉 LOW OVERTAKE CHANCE,success
905,931,494,76,44,3344,3045.3333333333335,1.0070546737213404,29,📉 LOW OVERTAKE CHANCE,success
906,931,495,76,44,3344,3066.6666666666665,1.0141093474426808,30,📉 LOW OVERTAKE CHANCE,success
907,932,495,76,44,3344,3088.0,1.0211640211640212,31,📉 LOW OVERTAKE CHANCE,success
908,932,496,76,44,3344,3109.3333333333335,1.0282186948853616,32,📉 LOW OVERTAKE CHANCE,success
909,932,496,76,44,3344,3130.6666666666665,1.035273368606702,33,📉 LOW OVERTAKE CHANCE,success
910,932,496,76,44,3344,3152.0,1.0423280423280423,34,📉 LOW OVERTAKE CHANCE,success
911,932,496,76,44,3344,3173.3333333333335,1.0493827160493827,35,📉 LOW OVERTAKE CHANCE,success
912,932,496,76,44,3344,3194.6666666666665,1.056437389770723,36,📉 LOW OVERTAKE CHANCE,success
913,929,494,79,46,3634,3235.3333333333335,1.0698853615520283,38,📉 LOW OVERTAKE CHANCE,success
914,927,494,79,46,3634,3276.0,1.0833333333333333,40,⚡ MEDIUM OVERTAKE CHANCE,success
915,926,494,79,46,3634,3316.6666666666665,1.0967813051146384,42,⚡ MEDIUM OVERTAKE CHANCE,success
916,924,495,76,44,3344,3338.0,1.1038359788359788,43,⚡ MEDIUM OVERTAKE CHANCE,success
917,923,494,76,44,3344,3359.3333333333335,1.1108906525573192,44,⚡ MEDIUM OVERTAKE CHANCE,success
918,918,493,79,46,3634,3400.0,1.1243386243386244,46,⚡ MEDIUM OVERTAKE CHANCE,success
919,916,494,79,46,3634,3440.6666666666665,1.1377865961199294,48,⚡ MEDIUM OVERTAKE CHANCE,success
920,915,494,79,46,3634,3460.0,1.1441798941798942,49,⚡ MEDIUM OVERTAKE CHANCE,success
921,910,494,79,46,3634,3479.3333333333335,1.150573192239859,50,⚡ MEDIUM OVERTAKE CHANCE,success
922,906,494,79,46,3634,3498.6666666666665,1.1569664902998236,50,⚡ MEDIUM OVERTAKE CHANCE,success
923,902,494,79,46,3634,3518.0,1.1633597883597884,51,⚡ MEDIUM OVERTAKE CHANCE,success
924,898,494,79,46,3634,3537.3333333333335,1.1697530864197532,52,⚡ MEDIUM OVERTAKE CHANCE,success
925,895,494,79,46,3634,3556.6666666666665,1.1761463844797178,53,⚡ MEDIUM OVERTAKE CHANCE,success
926,890,494,79,46,3634,3576.0,1.1825396825396826,54,⚡ MEDIUM OVERTAKE CHANCE,success
927,885,494,79,46,3634,3595.3333333333335,1.1889329805996474,55,⚡ MEDIUM OVERTAKE CHANCE,success
928,880,493,79,46,3634,3595.3333333333335,1.1889329805996474,55,⚡ MEDIUM OVERTAKE CHANCE,success
929,876,493,79,46,3634,3595.3333333333335,1.1889329805996474,55,⚡ MEDIUM OVERTAKE CHANCE,success
930,874,493,79,46,3634,3595.3333333333335,1.1889329805996474,55,⚡ MEDIUM OVERTAKE CHANCE,success
931,865,493,79,46,3634,3614.6666666666665,1.195326278659612,56,⚡ MEDIUM OVERTAKE CHANCE,success
932,864,493,79,46,3634,3634.0,1.2017195767195767,57,⚡ MEDIUM OVERTAKE CHANCE,success
933,857,493,79,46,3634,3634.0,1.2017195767195767,57,⚡ MEDIUM OVERTAKE CHANCE,success
934,852,494,79,46,3634,3634.0,1.2017195767195767,57,⚡ MEDIUM OVERTAKE CHANCE,success
935,848,495,79,46,3634,3634.0,1.2017195767195767,57,⚡ MEDIUM OVERTAKE CHANCE,success
936,843,496,79,46,3634,3634.0,1.2017195767195767,57,⚡ MEDIUM OVERTAKE CHANCE,success
937,839,497,79,46,3634,3634.0,1.2017195767195767,57,⚡ MEDIUM OVERTAKE CHANCE,success
938,835,499,79,46,3634,3634.0,1.2017195767195767,57,⚡ MEDIUM OVERTAKE CHANCE,success
939,834,501,76,44,3344,3614.6666666666665,1.195326278659612,56,⚡ MEDIUM OVERTAKE CHANCE,success
940,832,501,79,46,3634,3614.6666666666665,1.195326278659612,56,⚡ MEDIUM OVERTAKE CHANCE,success
941,828,501,79,46,3634,3614.6666666666665,1.195326278659612,56,⚡ MEDIUM OVERTAKE CHANCE,success
942,827,501,79,46,3634,3614.6666666666665,1.195326278659612,56,⚡ MEDIUM OVERTAKE CHANCE,success
943,826,501,79,46,3634,3614.6666666666665,1.195326278659612,56,⚡ MEDIUM OVERTAKE CHANCE,success
944,826,501,79,46,3634,3614.6666666666665,1.195326278659612,56,⚡ MEDIUM OVERTAKE CHANCE,success
945,826,501,79,46,3634,3614.6666666666665,1.195326278659612,56,⚡ MEDIUM OVERTAKE CHANCE,success
946,826,501,79,46,3634,3614.6666666666665,1.195326278659612,56,⚡ MEDIUM OVERTAKE CHANCE,success
947,826,501,79,46,3634,3614.6666666666665,1.195326278659612,56,⚡ MEDIUM OVERTAKE CHANCE,success
948,826,501,79,46,3634,3614.6666666666665,1.195326278659612,56,⚡ MEDIUM OVERTAKE CHANCE,success
949,827,500,79,46,3634,3614.6666666666665,1.195326278659612,56,⚡ MEDIUM OVERTAKE CHANCE,success
950,827,499,79,46,3634,3614.6666666666665,1.195326278659612,56,⚡ MEDIUM OVERTAKE CHANCE,success
951,828,498,79,46,3634,3614.6666666666665,1.195326278659612,56,⚡ MEDIUM OVERTAKE CHANCE,success
952,829,498,79,46,3634,3614.6666666666665,1.195326278659612,56,⚡ MEDIUM OVERTAKE CHANCE,success
953,830,497,79,46,3634,3614.6666666666665,1.195326278659612,56,⚡ MEDIUM OVERTAKE CHANCE,success
954,831,497,79,46,3634,3634.0,1.2017195767195767,57,⚡ MEDIUM OVERTAKE CHANCE,success
955,832,496,79,46,3634,3634.0,1.2017195767195767,57,⚡ MEDIUM OVERTAKE CHANCE,success
956,835,495,79,46,3634,3634.0,1.2017195767195767,57,⚡ MEDIUM OVERTAKE CHANCE,success
957,837,494,79,46,3634,3634.0,1.2017195767195767,57,⚡ MEDIUM OVERTAKE CHANCE,success
958,841,493,79,46,3634,3634.0,1.2017195767195767,57,⚡ MEDIUM OVERTAKE CHANCE,success
959,841,494,79,46,3634,3634.0,1.2017195767195767,57,⚡ MEDIUM OVERTAKE CHANCE,success
960,843,493,79,46,3634,3634.0,1.2017195767195767,57,⚡ MEDIUM OVERTAKE CHANCE,success
961,846,492,83,49,4067,3662.866666666667,1.2112654320987655,58,⚡ MEDIUM OVERTAKE CHANCE,success
962,846,492,83,49,4067,3691.733333333333,1.220811287477954,60,⚡ MEDIUM OVERTAKE CHANCE,success
963,853,493,79,46,3634,3691.733333333333,1.220811287477954,60,⚡ MEDIUM OVERTAKE CHANCE,success
964,856,494,79,46,3634,3691.733333333333,1.220811287477954,60,⚡ MEDIUM OVERTAKE CHANCE,success
965,860,495,79,46,3634,3691.733333333333,1.220811287477954,60,⚡ MEDIUM OVERTAKE CHANCE,success
966,864,495,79,46,3634,3691.733333333333,1.220811287477954,60,⚡ MEDIUM OVERTAKE CHANCE,success
967,867,496,79,46,3634,3691.733333333333,1.220811287477954,60,⚡ MEDIUM OVERTAKE CHANCE,success
968,871,497,79,46,3634,3691.733333333333,1.220811287477954,60,⚡ MEDIUM OVERTAKE CHANCE,success
969,872,498,79,46,3634,3691.733333333333,1.220811287477954,60,⚡ MEDIUM OVERTAKE CHANCE,success
970,873,498,79,46,3634,3691.733333333333,1.220811287477954,60,⚡ MEDIUM OVERTAKE CHANCE,success
971,878,498,79,46,3634,3691.733333333333,1.220811287477954,60,⚡ MEDIUM OVERTAKE CHANCE,success
972,880,499,79,46,3634,3691.733333333333,1.220811287477954,60,⚡ MEDIUM OVERTAKE CHANCE,success
973,883,499,79,46,3634,3691.733333333333,1.220811287477954,60,⚡ MEDIUM OVERTAKE CHANCE,success
974,885,499,79,46,3634,3691.733333333333,1.220811287477954,60,⚡ MEDIUM OVERTAKE CHANCE,success
975,888,500,76,44,3344,3672.4,1.2144179894179894,59,⚡ MEDIUM OVERTAKE CHANCE,success
976,889,499,79,46,3634,3643.5333333333333,1.2048721340388007,57,⚡ MEDIUM OVERTAKE CHANCE,success
977,890,499,79,46,3634,3614.6666666666665,1.195326278659612,56,⚡ MEDIUM OVERTAKE CHANCE,success
978,892,498,79,46,3634,3614.6666666666665,1.195326278659612,56,⚡ MEDIUM OVERTAKE CHANCE,success
979,893,497,79,46,3634,3614.6666666666665,1.195326278659612,56,⚡ MEDIUM OVERTAKE CHANCE,success
980,897,498,76,44,3344,3595.3333333333335,1.1889329805996474,55,⚡ MEDIUM OVERTAKE CHANCE,success
981,899,496,79,46,3634,3595.3333333333335,1.1889329805996474,55,⚡ MEDIUM OVERTAKE CHANCE,success
982,902,495,79,46,3634,3595.3333333333335,1.1889329805996474,55,⚡ MEDIUM OVERTAKE CHANCE,success
983,906,495,79,46,3634,3595.3333333333335,1.1889329805996474,55,⚡ MEDIUM OVERTAKE CHANCE,success
984,908,495,79,46,3634,3595.3333333333335,1.1889329805996474,55,⚡ MEDIUM OVERTAKE CHANCE,success
985,912,496,79,46,3634,3595.3333333333335,1.1889329805996474,55,⚡ MEDIUM OVERTAKE CHANCE,success
986,916,497,79,46,3634,3595.3333333333335,1.1889329805996474,55,⚡ MEDIUM OVERTAKE CHANCE,success
987,917,496,83,49,4067,3624.2,1.1984788359788359,56,⚡ MEDIUM OVERTAKE CHANCE,success
988,922,497,83,49,4067,3653.0666666666666,1.2080246913580246,58,⚡ MEDIUM OVERTAKE CHANCE,success
989,928,499,79,46,3634,3653.0666666666666,1.2080246913580246,58,⚡ MEDIUM OVERTAKE CHANCE,success
990,928,499,79,46,3634,3672.4,1.2144179894179894,59,⚡ MEDIUM OVERTAKE CHANCE,success
991,933,500,79,46,3634,3672.4,1.2144179894179894,59,⚡ MEDIUM OVERTAKE CHANCE,success
992,935,500,79,46,3634,3672.4,1.2144179894179894,59,⚡ MEDIUM OVERTAKE CHANCE,success
993,937,500,76,44,3344,3653.0666666666666,1.2080246913580246,58,⚡ MEDIUM OVERTAKE CHANCE,success
994,938,499,79,46,3634,3653.0666666666666,1.2080246913580246,58,⚡ MEDIUM OVERTAKE CHANCE,success
995,937,498,79,46,3634,3672.4,1.2144179894179894,59,⚡ MEDIUM OVERTAKE CHANCE,success
996,936,496,79,46,3634,3672.4,1.2144179894179894,59,⚡ MEDIUM OVERTAKE CHANCE,success
997,936,493,79,46,3634,3672.4,1.2144179894179894,59,⚡ MEDIUM OVERTAKE CHANCE,success
998,933,490,83,49,4067,3701.266666666667,1.2239638447971781,60,⚡ MEDIUM OVERTAKE CHANCE,success
999,932,488,83,49,4067,3730.133333333333,1.2335097001763669,61,⚡ MEDIUM OVERTAKE CHANCE,success
1000,932,487,83,49,4067,3759.0,1.2430555555555556,63,⚡ MEDIUM OVERTAKE CHANCE,success
1001,933,485,79,46,3634,3759.0,1.2430555555555556,63,⚡ MEDIUM OVERTAKE CHANCE,success
1002,931,483,83,49,4067,3759.0,1.2430555555555556,63,⚡ MEDIUM OVERTAKE CHANCE,success
1003,930,481,83,49,4067,3759.0,1.2430555555555556,63,⚡ MEDIUM OVERTAKE CHANCE,success
1004,930,480,83,49,4067,3787.866666666667,1.2526014109347443,64,⚡ MEDIUM OVERTAKE CHANCE,success
1005,929,479,83,49,4067,3816.733333333333,1.2621472663139328,66,⚡ MEDIUM OVERTAKE CHANCE,success
1006,928,479,83,49,4067,3845.6,1.2716931216931218,67,⚡ MEDIUM OVERTAKE CHANCE,success
1007,929,478,83,49,4067,3874.4666666666667,1.2812389770723105,68,⚡ MEDIUM OVERTAKE CHANCE,success
1008,929,479,83,49,4067,3922.6666666666665,1.2971781305114638,71,🚀 HIGH OVERTAKE CHANCE!,success
1009,930,480,79,46,3634,3922.6666666666665,1.2971781305114638,71,🚀 HIGH OVERTAKE CHANCE!,success
1010,931,481,79,46,3634,3922.6666666666665,1.2971781305114638,71,🚀 HIGH OVERTAKE CHANCE!,success
1011,930,483,83,49,4067,3951.5333333333333,1.3067239858906525,72,🚀 HIGH OVERTAKE CHANCE!,success
1012,932,485,79,46,3634,3951.5333333333333,1.3067239858906525,72,🚀 HIGH OVERTAKE CHANCE!,success
1013,936,491,79,46,3634,3922.6666666666665,1.2971781305114638,71,🚀 HIGH OVERTAKE CHANCE!,success
1014,936,493,79,46,3634,3893.8,1.2876322751322753,69,⚡ MEDIUM OVERTAKE CHANCE,success
1015,934,495,83,49,4067,3893.8,1.2876322751322753,69,⚡ MEDIUM OVERTAKE CHANCE,success
1016,935,497,83,49,4067,3922.6666666666665,1.2971781305114638,71,🚀 HIGH OVERTAKE CHANCE!,success
1017,937,499,79,46,3634,3893.8,1.2876322751322753,69,⚡ MEDIUM OVERTAKE CHANCE,success
1018,936,501,79,46,3634,3864.9333333333334,1.2780864197530863,68,⚡ MEDIUM OVERTAKE CHANCE,success
1019,936,501,79,46,3634,3836.0666666666666,1.2685405643738976,66,⚡ MEDIUM OVERTAKE CHANCE,success
1020,936,501,79,46,3634,3807.2,1.2589947089947089,65,⚡ MEDIUM OVERTAKE CHANCE,success
1021,932,501,79,46,3634,3778.3333333333335,1.2494488536155204,64,⚡ MEDIUM OVERTAKE CHANCE,success
1022,931,501,79,46,3634,3749.4666666666667,1.2399029982363317,62,⚡ MEDIUM OVERTAKE CHANCE,success
1023,925,499,83,49,4067,3749.4666666666667,1.2399029982363317,62,⚡ MEDIUM OVERTAKE CHANCE,success
1024,922,498,83,49,4067,3778.3333333333335,1.2494488536155204,64,⚡ MEDIUM OVERTAKE CHANCE,success
1025,921,498,83,49,4067,3807.2,1.2589947089947089,65,⚡ MEDIUM OVERTAKE CHANCE,success
1026,915,496,88,51,4488,3835.266666666667,1.2682760141093474,66,⚡ MEDIUM OVERTAKE CHANCE,success
1027,915,497,83,49,4067,3864.133333333333,1.2778218694885362,68,⚡ MEDIUM OVERTAKE CHANCE,success
1028,911,495,83,49,4067,3893.0,1.2873677248677249,69,⚡ MEDIUM OVERTAKE CHANCE,success
1029,906,494,88,51,4488,3949.9333333333334,1.3061948853615521,72,🚀 HIGH OVERTAKE CHANCE!,success
1030,906,494,88,51,4488,3978.0,1.3154761904761905,73,🚀 HIGH OVERTAKE CHANCE!,success
1031,904,494,88,51,4488,4006.0666666666666,1.324757495590829,74,🚀 HIGH OVERTAKE CHANCE!,success
1032,902,495,88,51,4488,4063.0,1.343584656084656,77,🚀 HIGH OVERTAKE CHANCE!,success
1033,900,496,88,51,4488,4119.933333333333,1.3624118165784833,80,🚀 HIGH OVERTAKE CHANCE!,success
1034,899,496,88,51,4488,4176.866666666667,1.3812389770723104,83,🚀 HIGH OVERTAKE CHANCE!,success
1035,899,496,88,51,4488,4233.8,1.4000661375661376,85,🚀 HIGH OVERTAKE CHANCE!,success
1036,898,497,88,51,4488,4290.733333333334,1.418893298059965,88,🚀 HIGH OVERTAKE CHANCE!,success
1037,897,497,88,51,4488,4347.666666666667,1.437720458553792,91,🚀 HIGH OVERTAKE CHANCE!,success
1038,894,497,88,51,4488,4375.733333333334,1.4470017636684305,92,🚀 HIGH OVERTAKE CHANCE!,success
1039,890,496,92,54,4968,4435.8,1.4668650793650795,95,🚀 HIGH OVERTAKE CHANCE!,success
1040,891,497,88,51,4488,4463.866666666667,1.4761463844797178,96,🚀 HIGH OVERTAKE CHANCE!,success
1041,885,496,92,54,4968,4495.866666666667,1.4867283950617285,98,🚀 HIGH OVERTAKE CHANCE!,success
1042,884,496,92,54,4968,4555.933333333333,1.5065917107583775,100,🚀 HIGH OVERTAKE CHANCE!,success
1043,876,495,96,56,5376,4643.2,1.5354497354497354,100,🚀 HIGH OVERTAKE CHANCE!,success
1044,875,494,96,56,5376,4702.4,1.555026455026455,100,🚀 HIGH OVERTAKE CHANCE!,success
1045,873,495,96,56,5376,4761.6,1.5746031746031748,100,🚀 HIGH OVERTAKE CHANCE!,success
1046,868,494,96,56,5376,4820.8,1.5941798941798941,100,🚀 HIGH OVERTAKE CHANCE!,success
1047,867,495,96,56,5376,4880.0,1.6137566137566137,100,🚀 HIGH OVERTAKE CHANCE!,success
1048,862,495,96,56,5376,4939.2,1.6333333333333333,100,🚀 HIGH OVERTAKE CHANCE!,success
1049,854,493,101,59,5959,5037.266666666666,1.6657627865961198,100,🚀 HIGH OVERTAKE CHANCE!,success
1050,849,494,101,59,5959,5135.333333333333,1.6981922398589064,100,🚀 HIGH OVERTAKE CHANCE!,success
1051,845,494,101,59,5959,5233.4,1.730621693121693,100,🚀 HIGH OVERTAKE CHANCE!,success
1052,839,493,106,62,6572,5372.333333333333,1.7765652557319223,100,🚀 HIGH OVERTAKE CHANCE!,success
1053,835,494,101,59,5959,5470.4,1.808994708994709,100,🚀 HIGH OVERTAKE CHANCE!,success
1054,834,493,101,59,5959,5536.466666666666,1.830842151675485,100,🚀 HIGH OVERTAKE CHANCE!,success
1055,830,494,101,59,5959,5634.533333333334,1.8632716049382718,100,🚀 HIGH OVERTAKE CHANCE!,success
1056,828,493,101,59,5959,5700.6,1.8851190476190478,100,🚀 HIGH OVERTAKE CHANCE!,success
1057,824,492,106,62,6572,5807.533333333334,1.9204805996472665,100,🚀 HIGH OVERTAKE CHANCE!,success
1058,821,494,101,59,5959,5846.4,1.9333333333333331,100,🚀 HIGH OVERTAKE CHANCE!,success
1059,821,494,101,59,5959,5885.266666666666,1.9461860670194002,100,🚀 HIGH OVERTAKE CHANCE!,success
1060,818,494,101,59,5959,5924.133333333333,1.9590388007054673,100,🚀 HIGH OVERTAKE CHANCE!,success
1061,814,493,106,62,6572,6003.866666666667,1.985405643738977,100,🚀 HIGH OVERTAKE CHANCE!,success
1062,811,493,106,62,6572,6083.6,2.011772486772487,100,🚀 HIGH OVERTAKE CHANCE!,success
1063,810,493,106,62,6572,6163.333333333333,2.0381393298059964,100,🚀 HIGH OVERTAKE CHANCE!,success
1064,808,493,106,62,6572,6204.2,2.051653439153439,100,🚀 HIGH OVERTAKE CHANCE!,success
1065,808,493,106,62,6572,6245.066666666667,2.065167548500882,100,🚀 HIGH OVERTAKE CHANCE!,success
1066,806,493,106,62,6572,6285.933333333333,2.0786816578483247,100,🚀 HIGH OVERTAKE CHANCE!,success
1067,804,493,106,62,6572,6285.933333333333,2.0786816578483247,100,🚀 HIGH OVERTAKE CHANCE!,success
1068,803,492,106,62,6572,6326.8,2.092195767195767,100,🚀 HIGH OVERTAKE CHANCE!,success
1069,803,493,106,62,6572,6367.666666666667,2.10570987654321,100,🚀 HIGH OVERTAKE CHANCE!,success
1070,799,491,112,65,7280,6455.733333333334,2.1348324514991184,100,🚀 HIGH OVERTAKE CHANCE!,success
1071,797,492,112,65,7280,6543.8,2.1639550264550267,100,🚀 HIGH OVERTAKE CHANCE!,success
1072,799,494,106,62,6572,6543.8,2.1639550264550267,100,🚀 HIGH OVERTAKE CHANCE!,success
1073,798,494,106,62,6572,6584.666666666667,2.177469135802469,100,🚀 HIGH OVERTAKE CHANCE!,success
1074,799,496,101,59,5959,6584.666666666667,2.177469135802469,100,🚀 HIGH OVERTAKE CHANCE!,success
1075,797,495,106,62,6572,6625.533333333334,2.190983245149912,100,🚀 HIGH OVERTAKE CHANCE!,success
1076,794,497,106,62,6572,6625.533333333334,2.190983245149912,100,🚀 HIGH OVERTAKE CHANCE!,success
1077,794,498,106,62,6572,6625.533333333334,2.190983245149912,100,🚀 HIGH OVERTAKE CHANCE!,success
1078,792,499,106,62,6572,6625.533333333334,2.190983245149912,100,🚀 HIGH OVERTAKE CHANCE!,success
1079,793,500,106,62,6572,6625.533333333334,2.190983245149912,100,🚀 HIGH OVERTAKE CHANCE!,success
1080,790,500,106,62,6572,6625.533333333334,2.190983245149912,100,🚀 HIGH OVERTAKE CHANCE!,success
1081,788,501,106,62,6572,6625.533333333334,2.190983245149912,100,🚀 HIGH OVERTAKE CHANCE!,success
1082,788,501,106,62,6572,6625.533333333334,2.190983245149912,100,🚀 HIGH OVERTAKE CHANCE!,success
1083,785,502,106,62,6572,6625.533333333334,2.190983245149912,100,🚀 HIGH OVERTAKE CHANCE!,success
1084,785,502,106,62,6572,6625.533333333334,2.190983245149912,100,🚀 HIGH OVERTAKE CHANCE!,success
1085,781,501,112,65,7280,6625.533333333334,2.190983245149912,100,🚀 HIGH OVERTAKE CHANCE!,success
1086,783,502,106,62,6572,6578.333333333333,2.175374779541446,100,🚀 HIGH OVERTAKE CHANCE!,success
1087,782,501,106,62,6572,6578.333333333333,2.175374779541446,100,🚀 HIGH OVERTAKE CHANCE!,success
1088,777,499,112,65,7280,6625.533333333334,2.190983245149912,100,🚀 HIGH OVERTAKE CHANCE!,success
1089,777,499,112,65,7280,6713.6,2.2201058201058204,100,🚀 HIGH OVERTAKE CHANCE!,success
1090,776,499,112,65,7280,6760.8,2.2357142857142858,100,🚀 HIGH OVERTAKE CHANCE!,success
1091,772,497,117,68,7956,6853.066666666667,2.2662257495590827,100,🚀 HIGH OVERTAKE CHANCE!,success
1092,771,497,117,68,7956,6945.333333333333,2.29673721340388,100,🚀 HIGH OVERTAKE CHANCE!,success
1093,770,496,117,68,7956,7037.6,2.3272486772486776,100,🚀 HIGH OVERTAKE CHANCE!,success
1094,771,496,112,65,7280,7084.8,2.342857142857143,100,🚀 HIGH OVERTAKE CHANCE!,success
1095,771,496,112,65,7280,7132.0,2.3584656084656084,100,🚀 HIGH OVERTAKE CHANCE!,success
1096,769,494,117,68,7956,7224.266666666666,2.3889770723104053,100,🚀 HIGH OVERTAKE CHANCE!,success
1097,769,493,117,68,7956,7316.533333333334,2.4194885361552028,100,🚀 HIGH OVERTAKE CHANCE!,success
1098,768,492,117,68,7956,7408.8,2.45,100,🚀 HIGH OVERTAKE CHANCE!,success
1099,768,492,117,68,7956,7501.066666666667,2.480511463844797,100,🚀 HIGH OVERTAKE CHANCE!,success
1100,767,492,117,68,7956,7546.133333333333,2.4954144620811287,100,🚀 HIGH OVERTAKE CHANCE!,success
1101,768,493,112,65,7280,7593.333333333333,2.511022927689594,100,🚀 HIGH OVERTAKE CHANCE!,success
1102,763,492,117,68,7956,7685.6,2.5415343915343915,100,🚀 HIGH OVERTAKE CHANCE!,success
1103,766,493,112,65,7280,7685.6,2.5415343915343915,100,🚀 HIGH OVERTAKE CHANCE!,success
1104,766,493,112,65,7280,7685.6,2.5415343915343915,100,🚀 HIGH OVERTAKE CHANCE!,success
1105,766,492,112,65,7280,7685.6,2.5415343915343915,100,🚀 HIGH OVERTAKE CHANCE!,success
1106,764,491,117,68,7956,7685.6,2.5415343915343915,100,🚀 HIGH OVERTAKE CHANCE!,success
1107,767,492,112,65,7280,7640.533333333334,2.52663139329806,100,🚀 HIGH OVERTAKE CHANCE!,success
1108,767,492,112,65,7280,7595.466666666666,2.5117283950617284,100,🚀 HIGH OVERTAKE CHANCE!,success
1109,768,492,112,65,7280,7595.466666666666,2.5117283950617284,100,🚀 HIGH OVERTAKE CHANCE!,success
1110,769,491,112,65,7280,7595.466666666666,2.5117283950617284,100,🚀 HIGH OVERTAKE CHANCE!,success
1111,767,491,117,68,7956,7595.466666666666,2.5117283950617284,100,🚀 HIGH OVERTAKE CHANCE!,success
1112,768,490,117,68,7956,7595.466666666666,2.5117283950617284,100,🚀 HIGH OVERTAKE CHANCE!,success
1113,771,492,112,65,7280,7550.4,2.496825396825397,100,🚀 HIGH OVERTAKE CHANCE!,success
1114,771,492,112,65,7280,7505.333333333333,2.4819223985890653,100,🚀 HIGH OVERTAKE CHANCE!,success
1115,768,491,117,68,7956,7505.333333333333,2.4819223985890653,100,🚀 HIGH OVERTAKE CHANCE!,success
1116,768,491,117,68,7956,7550.4,2.496825396825397,100,🚀 HIGH OVERTAKE CHANCE!,success
1117,769,492,117,68,7956,7550.4,2.496825396825397,100,🚀 HIGH OVERTAKE CHANCE!,success
1118,769,492,117,68,7956,7595.466666666666,2.5117283950617284,100,🚀 HIGH OVERTAKE CHANCE!,success
1119,768,493,117,68,7956,7640.533333333334,2.52663139329806,100,🚀 HIGH OVERTAKE CHANCE!,success
1120,768,493,117,68,7956,7685.6,2.5415343915343915,100,🚀 HIGH OVERTAKE CHANCE!,success
1121,769,494,117,68,7956,7685.6,2.5415343915343915,100,🚀 HIGH OVERTAKE CHANCE!,success
1122,770,494,117,68,7956,7730.666666666667,2.556437389770723,100,🚀 HIGH OVERTAKE CHANCE!,success
1123,771,494,117,68,7956,7775.733333333334,2.5713403880070547,100,🚀 HIGH OVERTAKE CHANCE!,success
1124,771,495,117,68,7956,7820.8,2.5862433862433862,100,🚀 HIGH OVERTAKE CHANCE!,success
1125,771,495,117,68,7956,7865.866666666667,2.601146384479718,100,🚀 HIGH OVERTAKE CHANCE!,success
1126,768,495,123,72,8856,7925.866666666667,2.6209876543209876,100,🚀 HIGH OVERTAKE CHANCE!,success
1127,769,495,123,72,8856,7985.866666666667,2.6408289241622573,100,🚀 HIGH OVERTAKE CHANCE!,success
1128,768,496,123,72,8856,8090.933333333333,2.675573192239859,100,🚀 HIGH OVERTAKE CHANCE!,success
1129,768,497,123,72,8856,8196.0,2.7103174603174605,100,🚀 HIGH OVERTAKE CHANCE!,success
1130,767,498,123,72,8856,8256.0,2.7301587301587302,100,🚀 HIGH OVERTAKE CHANCE!,success
1131,766,499,123,72,8856,8316.0,2.75,100,🚀 HIGH OVERTAKE CHANCE!,success
1132,766,499,123,72,8856,8376.0,2.7698412698412698,100,🚀 HIGH OVERTAKE CHANCE!,success
1133,762,498,129,75,9675,8490.6,2.8077380952380953,100,🚀 HIGH OVERTAKE CHANCE!,success
1134,763,499,129,75,9675,8605.2,2.8456349206349207,100,🚀 HIGH OVERTAKE CHANCE!,success
1135,763,500,129,75,9675,8719.8,2.883531746031746,100,🚀 HIGH OVERTAKE CHANCE!,success
1136,763,501,129,75,9675,8834.4,2.9214285714285713,100,🚀 HIGH OVERTAKE CHANCE!,success
1137,759,500,136,79,10744,9020.266666666666,2.9828924162257495,100,🚀 HIGH OVERTAKE CHANCE!,success
1138,757,499,143,83,11869,9281.133333333333,3.0691578483245148,100,🚀 HIGH OVERTAKE CHANCE!,success
1139,757,498,143,83,11869,9542.0,3.1554232804232805,100,🚀 HIGH OVERTAKE CHANCE!,success
1140,761,500,136,79,10744,9727.866666666667,3.2168871252204587,100,🚀 HIGH OVERTAKE CHANCE!,success
1141,758,499,143,83,11869,9928.733333333334,3.283311287477954,100,🚀 HIGH OVERTAKE CHANCE!,success
1142,756,497,150,87,13050,10208.333333333334,3.3757716049382718,100,🚀 HIGH OVERTAKE CHANCE!,success
1143,758,496,150,87,13050,10487.933333333332,3.468231922398589,100,🚀 HIGH OVERTAKE CHANCE!,success
1144,758,496,150,87,13050,10767.533333333333,3.5606922398589065,100,🚀 HIGH OVERTAKE CHANCE!,success
1145,758,496,150,87,13050,11047.133333333333,3.653152557319224,100,🚀 HIGH OVERTAKE CHANCE!,success
1146,754,493,157,92,14444,11419.666666666666,3.77634479717813,100,🚀 HIGH OVERTAKE CHANCE!,success
1147,759,496,150,87,13050,11699.266666666666,3.8688051146384477,100,🚀 HIGH OVERTAKE CHANCE!,success
1148,754,494,157,92,14444,12017.2,3.9739417989417993,100,🚀 HIGH OVERTAKE CHANCE!,success
1149,758,497,150,87,13050,12242.2,4.048346560846561,100,🚀 HIGH OVERTAKE CHANCE!,success
1150,757,497,150,87,13050,12467.2,4.122751322751323,100,🚀 HIGH OVERTAKE CHANCE!,success
1151,756,498,150,87,13050,12692.2,4.1971560846560845,100,🚀 HIGH OVERTAKE CHANCE!,success
1152,753,496,157,92,14444,12938.866666666667,4.278725749559083,100,🚀 HIGH OVERTAKE CHANCE!,success
1153,754,496,157,92,14444,13110.533333333333,4.3354938271604935,100,🚀 HIGH OVERTAKE CHANCE!,success
1154,756,496,157,92,14444,13282.2,4.392261904761905,100,🚀 HIGH OVERTAKE CHANCE!,success
1155,756,496,157,92,14444,13528.866666666667,4.473831569664903,100,🚀 HIGH OVERTAKE CHANCE!,success
1156,755,494,165,96,15840,13793.6,4.561375661375662,100,🚀 HIGH OVERTAKE CHANCE!,success
1157,755,494,165,96,15840,13979.6,4.622883597883598,100,🚀 HIGH OVERTAKE CHANCE!,success
1158,755,491,173,101,17473,14274.466666666667,4.720392416225749,100,🚀 HIGH OVERTAKE CHANCE!,success
1159,756,490,173,101,17473,14569.333333333334,4.817901234567901,100,🚀 HIGH OVERTAKE CHANCE!,success
1160,756,490,173,101,17473,14864.2,4.915410052910053,100,🚀 HIGH OVERTAKE CHANCE!,success
1161,757,490,173,101,17473,15066.133333333333,4.982186948853616,100,🚀 HIGH OVERTAKE CHANCE!,success
1162,758,490,173,101,17473,15361.0,5.079695767195767,100,🚀 HIGH OVERTAKE CHANCE!,success
1163,758,491,173,101,17473,15562.933333333332,5.146472663139329,100,🚀 HIGH OVERTAKE CHANCE!,success
1164,759,491,173,101,17473,15857.8,5.243981481481481,100,🚀 HIGH OVERTAKE CHANCE!,success
1165,759,491,173,101,17473,16152.666666666666,5.341490299823633,100,🚀 HIGH OVERTAKE CHANCE!,success
1166,760,491,173,101,17473,16447.533333333333,5.438999118165785,100,🚀 HIGH OVERTAKE CHANCE!,success
1167,761,491,173,101,17473,16649.466666666667,5.5057760141093475,100,🚀 HIGH OVERTAKE CHANCE!,success
1168,763,491,173,101,17473,16851.4,5.57255291005291,100,🚀 HIGH OVERTAKE CHANCE!,success
1169,759,489,182,106,19292,17174.6,5.679431216931216,100,🚀 HIGH OVERTAKE CHANCE!,success
1170,762,489,182,106,19292,17497.8,5.786309523809524,100,🚀 HIGH OVERTAKE CHANCE!,success
1171,769,492,173,101,17473,17606.666666666668,5.82231040564374,100,🚀 HIGH OVERTAKE CHANCE!,success
1172,770,492,173,101,17473,17715.533333333333,5.858311287477954,100,🚀 HIGH OVERTAKE CHANCE!,success
1173,773,492,173,101,17473,17715.533333333333,5.858311287477954,100,🚀 HIGH OVERTAKE CHANCE!,success
1174,773,492,173,101,17473,17715.533333333333,5.858311287477954,100,🚀 HIGH OVERTAKE CHANCE!,success
1175,774,493,173,101,17473,17715.533333333333,5.858311287477954,100,🚀 HIGH OVERTAKE CHANCE!,success
1176,780,495,165,96,15840,17606.666666666668,5.82231040564374,100,🚀 HIGH OVERTAKE CHANCE!,success
1177,779,496,165,96,15840,17497.8,5.786309523809524,100,🚀 HIGH OVERTAKE CHANCE!,success
1178,775,495,173,101,17473,17497.8,5.786309523809524,100,🚀 HIGH OVERTAKE CHANCE!,success
1179,776,495,173,101,17473,17497.8,5.786309523809524,100,🚀 HIGH OVERTAKE CHANCE!,success
1180,776,495,173,101,17473,17497.8,5.786309523809524,100,🚀 HIGH OVERTAKE CHANCE!,success
1181,781,498,165,96,15840,17388.933333333334,5.750308641975309,100,🚀 HIGH OVERTAKE CHANCE!,success
1182,777,496,173,101,17473,17388.933333333334,5.750308641975309,100,🚀 HIGH OVERTAKE CHANCE!,success
1183,778,496,173,101,17473,17388.933333333334,5.750308641975309,100,🚀 HIGH OVERTAKE CHANCE!,success
1184,784,498,165,96,15840,17158.8,5.674206349206349,100,🚀 HIGH OVERTAKE CHANCE!,success
1185,781,496,173,101,17473,17037.533333333333,5.634104938271605,100,🚀 HIGH OVERTAKE CHANCE!,success
1186,783,495,173,101,17473,17037.533333333333,5.634104938271605,100,🚀 HIGH OVERTAKE CHANCE!,success
1187,784,495,173,101,17473,17037.533333333333,5.634104938271605,100,🚀 HIGH OVERTAKE CHANCE!,success
1188,788,494,173,101,17473,17037.533333333333,5.634104938271605,100,🚀 HIGH OVERTAKE CHANCE!,success
1189,789,494,173,101,17473,17037.533333333333,5.634104938271605,100,🚀 HIGH OVERTAKE CHANCE!,success
1190,789,494,173,101,17473,17037.533333333333,5.634104938271605,100,🚀 HIGH OVERTAKE CHANCE!,success
1191,790,493,173,101,17473,17146.4,5.670105820105821,100,🚀 HIGH OVERTAKE CHANCE!,success
1192,790,493,173,101,17473,17255.266666666666,5.706106701940035,100,🚀 HIGH OVERTAKE CHANCE!,success
1193,790,493,173,101,17473,17255.266666666666,5.706106701940035,100,🚀 HIGH OVERTAKE CHANCE!,success
1194,794,495,165,96,15840,17146.4,5.670105820105821,100,🚀 HIGH OVERTAKE CHANCE!,success
1195,790,493,173,101,17473,17146.4,5.670105820105821,100,🚀 HIGH OVERTAKE CHANCE!,success
1196,794,495,165,96,15840,17146.4,5.670105820105821,100,🚀 HIGH OVERTAKE CHANCE!,success
1197,791,493,173,101,17473,17146.4,5.670105820105821,100,🚀 HIGH OVERTAKE CHANCE!,success
1198,793,492,173,101,17473,17146.4,5.670105820105821,100,🚀 HIGH OVERTAKE CHANCE!,success
1199,793,492,173,101,17473,17255.266666666666,5.706106701940035,100,🚀 HIGH OVERTAKE CHANCE!,success
1200,794,492,173,101,17473,17255.266666666666,5.706106701940035,100,🚀 HIGH OVERTAKE CHANCE!,success
1201,796,491,173,101,17473,17255.266666666666,5.706106701940035,100,🚀 HIGH OVERTAKE CHANCE!,success
1202,796,491,173,101,17473,17255.266666666666,5.706106701940035,100,🚀 HIGH OVERTAKE CHANCE!,success
1203,801,493,165,96,15840,17146.4,5.670105820105821,100,🚀 HIGH OVERTAKE CHANCE!,success
1204,798,491,173,101,17473,17146.4,5.670105820105821,100,🚀 HIGH OVERTAKE CHANCE!,success
1205,802,494,165,96,15840,17037.533333333333,5.634104938271605,100,🚀 HIGH OVERTAKE CHANCE!,success
1206,797,493,173,101,17473,17037.533333333333,5.634104938271605,100,🚀 HIGH OVERTAKE CHANCE!,success
1207,801,496,165,96,15840,16928.666666666668,5.59810405643739,100,🚀 HIGH OVERTAKE CHANCE!,success
1208,796,496,173,101,17473,16928.666666666668,5.59810405643739,100,🚀 HIGH OVERTAKE CHANCE!,success
1209,799,498,165,96,15840,16928.666666666668,5.59810405643739,100,🚀 HIGH OVERTAKE CHANCE!,success
1210,799,500,165,96,15840,16819.8,5.562103174603174,100,🚀 HIGH OVERTAKE CHANCE!,success
1211,801,504,157,92,14444,16726.733333333334,5.531327160493827,100,🚀 HIGH OVERTAKE CHANCE!,success
1212,800,505,157,92,14444,16524.8,5.464550264550264,100,🚀 HIGH OVERTAKE CHANCE!,success
1213,798,504,165,96,15840,16415.933333333334,5.428549382716049,100,🚀 HIGH OVERTAKE CHANCE!,success
1214,799,504,165,96,15840,16307.066666666668,5.392548500881834,100,🚀 HIGH OVERTAKE CHANCE!,success
1215,800,504,165,96,15840,16198.2,5.356547619047619,100,🚀 HIGH OVERTAKE CHANCE!,success
1216,802,501,173,101,17473,16198.2,5.356547619047619,100,🚀 HIGH OVERTAKE CHANCE!,success
1217,802,500,173,101,17473,16198.2,5.356547619047619,100,🚀 HIGH OVERTAKE CHANCE!,success
1218,800,496,182,106,19292,16428.333333333332,5.432649911816578,100,🚀 HIGH OVERTAKE CHANCE!,success
1219,798,493,191,111,21201,16676.866666666665,5.514836860670194,100,🚀 HIGH OVERTAKE CHANCE!,success
1220,800,492,191,111,21201,17034.266666666666,5.633024691358025,100,🚀 HIGH OVERTAKE CHANCE!,success
1221,799,489,201,117,23517,17437.2,5.766269841269842,100,🚀 HIGH OVERTAKE CHANCE!,success
1222,799,489,201,117,23517,17949.0,5.935515873015873,100,🚀 HIGH OVERTAKE CHANCE!,success
1223,802,489,201,117,23517,18351.933333333334,6.06876102292769,100,🚀 HIGH OVERTAKE CHANCE!,success
1224,802,489,201,117,23517,18863.733333333334,6.238007054673721,100,🚀 HIGH OVERTAKE CHANCE!,success
1225,804,488,201,117,23517,19375.533333333333,6.407253086419753,100,🚀 HIGH OVERTAKE CHANCE!,success
1226,805,488,201,117,23517,19980.4,6.607275132275133,100,🚀 HIGH OVERTAKE CHANCE!,success
1227,808,488,201,117,23517,20585.266666666666,6.807297178130511,100,🚀 HIGH OVERTAKE CHANCE!,success
1228,805,485,211,123,25953,21259.466666666667,7.030246913580247,100,🚀 HIGH OVERTAKE CHANCE!,success
1229,808,485,211,123,25953,21933.666666666668,7.253196649029983,100,🚀 HIGH OVERTAKE CHANCE!,success
1230,809,486,211,123,25953,22607.866666666665,7.476146384479717,100,🚀 HIGH OVERTAKE CHANCE!,success
1231,812,486,211,123,25953,23173.2,7.663095238095238,100,🚀 HIGH OVERTAKE CHANCE!,success
1232,814,486,211,123,25953,23738.533333333333,7.850044091710759,100,🚀 HIGH OVERTAKE CHANCE!,success
1233,818,486,211,123,25953,24182.6,7.996891534391534,100,🚀 HIGH OVERTAKE CHANCE!,success
1234,820,486,211,123,25953,24499.4,8.10165343915344,100,🚀 HIGH OVERTAKE CHANCE!,success
1235,822,486,211,123,25953,24816.2,8.206415343915344,100,🚀 HIGH OVERTAKE CHANCE!,success
1236,826,486,211,123,25953,24978.6,8.260119047619048,100,🚀 HIGH OVERTAKE CHANCE!,success
1237,828,486,211,123,25953,25141.0,8.313822751322752,100,🚀 HIGH OVERTAKE CHANCE!,success
1238,827,483,221,129,28509,25473.8,8.42387566137566,100,🚀 HIGH OVERTAKE CHANCE!,success
1239,829,484,221,129,28509,25806.6,8.533928571428572,100,🚀 HIGH OVERTAKE CHANCE!,success
1240,832,484,221,129,28509,26139.4,8.643981481481482,100,🚀 HIGH OVERTAKE CHANCE!,success
1241,838,484,221,129,28509,26472.2,8.754034391534391,100,🚀 HIGH OVERTAKE CHANCE!,success
1242,840,485,221,129,28509,26805.0,8.864087301587302,100,🚀 HIGH OVERTAKE CHANCE!,success
1243,847,484,221,129,28509,26975.4,8.920436507936508,100,🚀 HIGH OVERTAKE CHANCE!,success
1244,850,484,221,129,28509,27145.8,8.976785714285715,100,🚀 HIGH OVERTAKE CHANCE!,success
1245,852,485,221,129,28509,27316.2,9.033134920634922,100,🚀 HIGH OVERTAKE CHANCE!,success
1246,858,484,221,129,28509,27486.6,9.089484126984127,100,🚀 HIGH OVERTAKE CHANCE!,success
1247,861,483,221,129,28509,27657.0,9.145833333333334,100,🚀 HIGH OVERTAKE CHANCE!,success
1248,870,483,221,129,28509,27827.4,9.202182539682541,100,🚀 HIGH OVERTAKE CHANCE!,success
1249,874,482,221,129,28509,27997.8,9.258531746031746,100,🚀 HIGH OVERTAKE CHANCE!,success
1250,876,483,221,129,28509,28168.2,9.314880952380953,100,🚀 HIGH OVERTAKE CHANCE!,success
1251,887,485,211,123,25953,28168.2,9.314880952380953,100,🚀 HIGH OVERTAKE CHANCE!,success
1252,892,485,211,123,25953,28168.2,9.314880952380953,100,🚀 HIGH OVERTAKE CHANCE!,success
1253,898,485,211,123,25953,27997.8,9.258531746031746,100,🚀 HIGH OVERTAKE CHANCE!,success
1254,897,485,211,123,25953,27827.4,9.202182539682541,100,🚀 HIGH OVERTAKE CHANCE!,success
1255,902,485,211,123,25953,27657.0,9.145833333333334,100,🚀 HIGH OVERTAKE CHANCE!,success
1256,911,485,211,123,25953,27486.6,9.089484126984127,100,🚀 HIGH OVERTAKE CHANCE!,success
1257,914,485,211,123,25953,27316.2,9.033134920634922,100,🚀 HIGH OVERTAKE CHANCE!,success
1258,921,486,211,123,25953,27145.8,8.976785714285715,100,🚀 HIGH OVERTAKE CHANCE!,success
1259,927,486,211,123,25953,26975.4,8.920436507936508,100,🚀 HIGH OVERTAKE CHANCE!,success
1260,931,486,211,123,25953,26805.0,8.864087301587302,100,🚀 HIGH OVERTAKE CHANCE!,success
1261,939,486,211,123,25953,26634.6,8.807738095238095,100,🚀 HIGH OVERTAKE CHANCE!,success
1262,944,486,211,123,25953,26464.2,8.75138888888889,100,🚀 HIGH OVERTAKE CHANCE!,success
1263,951,486,211,123,25953,26293.8,8.695039682539683,100,🚀 HIGH OVERTAKE CHANCE!,success
1264,955,486,211,123,25953,26123.4,8.638690476190476,100,🚀 HIGH OVERTAKE CHANCE!,success
1265,957,486,211,123,25953,25953.0,8.58234126984127,100,🚀 HIGH OVERTAKE CHANCE!,success
1266,966,486,211,123,25953,25953.0,8.58234126984127,100,🚀 HIGH OVERTAKE CHANCE!,success
1267,971,485,211,123,25953,25953.0,8.58234126984127,100,🚀 HIGH OVERTAKE CHANCE!,success
1268,979,484,211,123,25953,25953.0,8.58234126984127,100,🚀 HIGH OVERTAKE CHANCE!,success
1269,980,484,211,123,25953,25953.0,8.58234126984127,100,🚀 HIGH OVERTAKE CHANCE!,success
1270,981,484,211,123,25953,25953.0,8.58234126984127,100,🚀 HIGH OVERTAKE CHANCE!,success
1271,989,481,211,123,25953,25953.0,8.58234126984127,100,🚀 HIGH OVERTAKE CHANCE!,success
1272,990,481,211,123,25953,25953.0,8.58234126984127,100,🚀 HIGH OVERTAKE CHANCE!,success
1273,995,478,211,123,25953,25953.0,8.58234126984127,100,🚀 HIGH OVERTAKE CHANCE!,success
1274,998,477,211,123,25953,25953.0,8.58234126984127,100,🚀 HIGH OVERTAKE CHANCE!,success
1275,998,476,211,123,25953,25953.0,8.58234126984127,100,🚀 HIGH OVERTAKE CHANCE!,success
1276,1002,474,211,123,25953,25953.0,8.58234126984127,100,🚀 HIGH OVERTAKE CHANCE!,success
1277,1004,474,211,123,25953,25953.0,8.58234126984127,100,🚀 HIGH OVERTAKE CHANCE!,success
1278,1006,472,211,123,25953,25953.0,8.58234126984127,100,🚀 HIGH OVERTAKE CHANCE!,success
1279,1007,472,211,123,25953,25953.0,8.58234126984127,100,🚀 HIGH OVERTAKE CHANCE!,success
1280,1007,472,211,123,25953,25953.0,8.58234126984127,100,🚀 HIGH OVERTAKE CHANCE!,success
1281,1007,471,211,123,25953,25953.0,8.58234126984127,100,🚀 HIGH OVERTAKE CHANCE!,success
1282,1009,470,211,123,25953,25953.0,8.58234126984127,100,🚀 HIGH OVERTAKE CHANCE!,success
1283,1012,470,211,123,25953,25953.0,8.58234126984127,100,🚀 HIGH OVERTAKE CHANCE!,success
1284,1012,468,211,123,25953,25953.0,8.58234126984127,100,🚀 HIGH OVERTAKE CHANCE!,success
1285,1012,466,211,123,25953,25953.0,8.58234126984127,100,🚀 HIGH OVERTAKE CHANCE!,success
1286,1013,465,211,123,25953,25953.0,8.58234126984127,100,🚀 HIGH OVERTAKE CHANCE!,success
1287,1014,466,211,123,25953,25953.0,8.58234126984127,100,🚀 HIGH OVERTAKE CHANCE!,success
1288,1014,465,211,123,25953,25953.0,8.58234126984127,100,🚀 HIGH OVERTAKE CHANCE!,success
1289,1018,467,201,117,23517,25790.6,8.528637566137565,100,🚀 HIGH OVERTAKE CHANCE!,success
1290,1020,467,201,117,23517,25628.2,8.474933862433863,100,🚀 HIGH OVERTAKE CHANCE!,success
1291,1022,467,201,117,23517,25465.8,8.42123015873016,100,🚀 HIGH OVERTAKE CHANCE!,success
1292,1026,470,191,111,21201,25149.0,8.316468253968255,100,🚀 HIGH OVERTAKE CHANCE!,success
1293,1027,470,191,111,21201,24832.2,8.211706349206349,100,🚀 HIGH OVERTAKE CHANCE!,success
1294,1027,470,191,111,21201,24515.4,8.106944444444444,100,🚀 HIGH OVERTAKE CHANCE!,success
1295,1027,470,191,111,21201,24198.6,8.00218253968254,100,🚀 HIGH OVERTAKE CHANCE!,success
1296,1027,470,191,111,21201,23881.8,7.897420634920635,100,🚀 HIGH OVERTAKE CHANCE!,success
1297,1027,471,191,111,21201,23565.0,7.79265873015873,100,🚀 HIGH OVERTAKE CHANCE!,success
1298,1026,470,191,111,21201,23248.2,7.687896825396826,100,🚀 HIGH OVERTAKE CHANCE!,success
1299,1026,470,191,111,21201,22931.4,7.5831349206349214,100,🚀 HIGH OVERTAKE CHANCE!,success
1300,1025,470,191,111,21201,22614.6,7.478373015873015,100,🚀 HIGH OVERTAKE CHANCE!,success
1301,1024,470,191,111,21201,22297.8,7.373611111111111,100,🚀 HIGH OVERTAKE CHANCE!,success
1302,1025,469,191,111,21201,21981.0,7.2688492063492065,100,🚀 HIGH OVERTAKE CHANCE!,success
1303,1025,469,191,111,21201,21664.2,7.164087301587302,100,🚀 HIGH OVERTAKE CHANCE!,success
1304,1030,471,182,106,19292,21382.533333333333,7.070943562610229,100,🚀 HIGH OVERTAKE CHANCE!,success
1305,1029,471,182,106,19292,21100.866666666665,6.977799823633156,100,🚀 HIGH OVERTAKE CHANCE!,success
1306,1033,473,173,101,17473,20697.933333333334,6.8445546737213405,100,🚀 HIGH OVERTAKE CHANCE!,success
1307,1037,476,165,96,15840,20340.533333333333,6.726366843033509,100,🚀 HIGH OVERTAKE CHANCE!,success
1308,1041,479,157,92,14444,19890.066666666666,6.577402998236331,100,🚀 HIGH OVERTAKE CHANCE!,success
1309,1042,479,157,92,14444,19439.6,6.428439153439153,100,🚀 HIGH OVERTAKE CHANCE!,success
1310,1046,482,150,87,13050,18896.2,6.248743386243387,100,🚀 HIGH OVERTAKE CHANCE!,success
1311,1045,482,150,87,13050,18352.8,6.069047619047619,100,🚀 HIGH OVERTAKE CHANCE!,success
1312,1049,484,143,83,11869,17730.666666666668,5.86331569664903,100,🚀 HIGH OVERTAKE CHANCE!,success
1313,1048,484,143,83,11869,17108.533333333333,5.6575837742504405,100,🚀 HIGH OVERTAKE CHANCE!,success
1314,1048,483,143,83,11869,16486.4,5.451851851851853,100,🚀 HIGH OVERTAKE CHANCE!,success
1315,1047,483,143,83,11869,15864.266666666666,5.246119929453263,100,🚀 HIGH OVERTAKE CHANCE!,success
1316,1044,482,143,83,11869,15242.133333333333,5.040388007054673,100,🚀 HIGH OVERTAKE CHANCE!,success
1317,1043,482,143,83,11869,14620.0,4.834656084656085,100,🚀 HIGH OVERTAKE CHANCE!,success
1318,1041,480,143,83,11869,13997.866666666667,4.628924162257496,100,🚀 HIGH OVERTAKE CHANCE!,success
1319,1040,480,143,83,11869,13503.0,4.465277777777778,100,🚀 HIGH OVERTAKE CHANCE!,success
1320,1041,480,143,83,11869,13008.133333333333,4.30163139329806,100,🚀 HIGH OVERTAKE CHANCE!,success
1321,1040,480,143,83,11869,12634.533333333333,4.178086419753086,100,🚀 HIGH OVERTAKE CHANCE!,success
1322,1040,480,143,83,11869,12369.8,4.090542328042328,100,🚀 HIGH OVERTAKE CHANCE!,success
1323,1043,482,136,79,10744,12123.133333333333,4.00897266313933,100,🚀 HIGH OVERTAKE CHANCE!,success
1324,1043,483,136,79,10744,11876.466666666667,3.9274029982363317,100,🚀 HIGH OVERTAKE CHANCE!,success
1325,1043,483,136,79,10744,11722.733333333334,3.8765652557319226,100,🚀 HIGH OVERTAKE CHANCE!,success
1326,1043,484,136,79,10744,11569.0,3.825727513227513,100,🚀 HIGH OVERTAKE CHANCE!,success
1327,1046,486,129,75,9675,11422.733333333334,3.7773589065255733,100,🚀 HIGH OVERTAKE CHANCE!,success
1328,1047,488,129,75,9675,11276.466666666667,3.7289902998236335,100,🚀 HIGH OVERTAKE CHANCE!,success
1329,1047,488,129,75,9675,11130.2,3.6806216931216933,100,🚀 HIGH OVERTAKE CHANCE!,success
1330,1048,488,129,75,9675,10983.933333333332,3.6322530864197526,100,🚀 HIGH OVERTAKE CHANCE!,success
1331,1051,491,123,72,8856,10783.066666666668,3.5658289241622576,100,🚀 HIGH OVERTAKE CHANCE!,success
1332,1053,493,117,68,7956,10522.2,3.4795634920634924,100,🚀 HIGH OVERTAKE CHANCE!,success
1333,1054,493,117,68,7956,10261.333333333334,3.3932980599647267,100,🚀 HIGH OVERTAKE CHANCE!,success
1334,1055,493,117,68,7956,10000.466666666667,3.3070326278659614,100,🚀 HIGH OVERTAKE CHANCE!,success
1335,1054,493,117,68,7956,9739.6,3.2207671957671957,100,🚀 HIGH OVERTAKE CHANCE!,success
1336,1054,493,117,68,7956,9478.733333333334,3.1345017636684305,100,🚀 HIGH OVERTAKE CHANCE!,success
1337,1055,493,117,68,7956,9217.866666666667,3.048236331569665,100,🚀 HIGH OVERTAKE CHANCE!,success
1338,1056,493,117,68,7956,9032.0,2.986772486772487,100,🚀 HIGH OVERTAKE CHANCE!,success
1339,1056,493,117,68,7956,8846.133333333333,2.9253086419753087,100,🚀 HIGH OVERTAKE CHANCE!,success
1340,1054,491,123,72,8856,8720.266666666666,2.8836860670194002,100,🚀 HIGH OVERTAKE CHANCE!,success
1341,1058,493,117,68,7956,8534.4,2.822222222222222,100,🚀 HIGH OVERTAKE CHANCE!,success
1342,1056,490,123,72,8856,8479.8,2.8041666666666663,100,🚀 HIGH OVERTAKE CHANCE!,success
1343,1054,488,129,75,9675,8479.8,2.8041666666666663,100,🚀 HIGH OVERTAKE CHANCE!,success
1344,1055,488,129,75,9675,8479.8,2.8041666666666663,100,🚀 HIGH OVERTAKE CHANCE!,success
1345,1056,488,129,75,9675,8479.8,2.8041666666666663,100,🚀 HIGH OVERTAKE CHANCE!,success
1346,1060,488,129,75,9675,8534.4,2.822222222222222,100,🚀 HIGH OVERTAKE CHANCE!,success
1347,1058,486,136,79,10744,8720.266666666666,2.8836860670194002,100,🚀 HIGH OVERTAKE CHANCE!,success
1348,1060,485,136,79,10744,8906.133333333333,2.9451499118165785,100,🚀 HIGH OVERTAKE CHANCE!,success
1349,1057,482,143,83,11869,9167.0,3.0314153439153437,100,🚀 HIGH OVERTAKE CHANCE!,success
1350,1058,482,143,83,11869,9427.866666666667,3.1176807760141094,100,🚀 HIGH OVERTAKE CHANCE!,success
1351,1058,479,150,87,13050,9767.466666666667,3.2299823633156968,100,🚀 HIGH OVERTAKE CHANCE!,success
1352,1058,478,150,87,13050,10107.066666666668,3.342283950617284,100,🚀 HIGH OVERTAKE CHANCE!,success
1353,1065,479,143,83,11869,10367.933333333332,3.428549382716049,100,🚀 HIGH OVERTAKE CHANCE!,success
1354,1063,477,150,87,13050,10707.533333333333,3.5408509700176367,100,🚀 HIGH OVERTAKE CHANCE!,success
1355,1065,477,150,87,13050,10987.133333333333,3.6333112874779543,100,🚀 HIGH OVERTAKE CHANCE!,success
1356,1071,476,150,87,13050,11326.733333333334,3.7456128747795416,100,🚀 HIGH OVERTAKE CHANCE!,success
1357,1071,476,150,87,13050,11606.333333333334,3.838073192239859,100,🚀 HIGH OVERTAKE CHANCE!,success
1358,1075,475,150,87,13050,11831.333333333334,3.912477954144621,100,🚀 HIGH OVERTAKE CHANCE!,success
1359,1081,477,143,83,11869,11977.6,3.960846560846561,100,🚀 HIGH OVERTAKE CHANCE!,success
1360,1081,477,143,83,11869,12123.866666666667,4.009215167548501,100,🚀 HIGH OVERTAKE CHANCE!,success
1361,1084,478,143,83,11869,12270.133333333333,4.057583774250441,100,🚀 HIGH OVERTAKE CHANCE!,success
1362,1088,478,143,83,11869,12345.133333333333,4.082385361552028,100,🚀 HIGH OVERTAKE CHANCE!,success
1363,1099,481,136,79,10744,12345.133333333333,4.082385361552028,100,🚀 HIGH OVERTAKE CHANCE!,success
1364,1101,482,136,79,10744,12270.133333333333,4.057583774250441,100,🚀 HIGH OVERTAKE CHANCE!,success
1365,1102,482,136,79,10744,12195.133333333333,4.032782186948854,100,🚀 HIGH OVERTAKE CHANCE!,success
1366,1107,483,136,79,10744,12041.4,3.9819444444444443,100,🚀 HIGH OVERTAKE CHANCE!,success
1367,1110,484,136,79,10744,11887.666666666666,3.931106701940035,100,🚀 HIGH OVERTAKE CHANCE!,success
1368,1117,486,129,75,9675,11741.4,3.882738095238095,100,🚀 HIGH OVERTAKE CHANCE!,success
1369,1118,486,129,75,9675,11516.4,3.808333333333333,100,🚀 HIGH OVERTAKE CHANCE!,success
1370,1119,487,129,75,9675,11291.4,3.7339285714285713,100,🚀 HIGH OVERTAKE CHANCE!,success
1371,1123,489,123,72,8856,11011.8,3.6414682539682537,100,🚀 HIGH OVERTAKE CHANCE!,success
1372,1123,489,123,72,8856,10732.2,3.5490079365079366,100,🚀 HIGH OVERTAKE CHANCE!,success
1373,1125,489,123,72,8856,10452.6,3.456547619047619,100,🚀 HIGH OVERTAKE CHANCE!,success
1374,1127,489,123,72,8856,10251.733333333334,3.3901234567901235,100,🚀 HIGH OVERTAKE CHANCE!,success
1375,1130,489,123,72,8856,10050.866666666667,3.323699294532628,100,🚀 HIGH OVERTAKE CHANCE!,success
1376,1133,490,123,72,8856,9850.0,3.257275132275132,100,🚀 HIGH OVERTAKE CHANCE!,success
1377,1134,490,123,72,8856,9649.133333333333,3.1908509700176366,100,🚀 HIGH OVERTAKE CHANCE!,success
1378,1135,489,129,75,9675,9577.866666666667,3.167283950617284,100,🚀 HIGH OVERTAKE CHANCE!,success
1379,1135,487,136,79,10744,9577.866666666667,3.167283950617284,100,🚀 HIGH OVERTAKE CHANCE!,success
1380,1137,487,136,79,10744,9577.866666666667,3.167283950617284,100,🚀 HIGH OVERTAKE CHANCE!,success
1381,1139,487,136,79,10744,9577.866666666667,3.167283950617284,100,🚀 HIGH OVERTAKE CHANCE!,success
1382,1140,488,136,79,10744,9577.866666666667,3.167283950617284,100,🚀 HIGH OVERTAKE CHANCE!,success
1383,1143,488,136,79,10744,9649.133333333333,3.1908509700176366,100,🚀 HIGH OVERTAKE CHANCE!,success
1384,1145,488,136,79,10744,9720.4,3.2144179894179894,100,🚀 HIGH OVERTAKE CHANCE!,success
1385,1142,487,143,83,11869,9866.666666666666,3.262786596119929,100,🚀 HIGH OVERTAKE CHANCE!,success
1386,1145,486,143,83,11869,10067.533333333333,3.329210758377425,100,🚀 HIGH OVERTAKE CHANCE!,success
1387,1146,487,143,83,11869,10268.4,3.3956349206349206,100,🚀 HIGH OVERTAKE CHANCE!,success
1388,1149,487,143,83,11869,10469.266666666666,3.462059082892416,100,🚀 HIGH OVERTAKE CHANCE!,success
1389,1151,488,143,83,11869,10670.133333333333,3.528483245149912,100,🚀 HIGH OVERTAKE CHANCE!,success
1390,1151,488,143,83,11869,10871.0,3.5949074074074074,100,🚀 HIGH OVERTAKE CHANCE!,success
1391,1153,490,143,83,11869,11071.866666666667,3.661331569664903,100,🚀 HIGH OVERTAKE CHANCE!,success
1392,1154,491,143,83,11869,11272.733333333334,3.727755731922399,100,🚀 HIGH OVERTAKE CHANCE!,success
1393,1157,492,143,83,11869,11419.0,3.7761243386243386,100,🚀 HIGH OVERTAKE CHANCE!,success
1394,1158,492,143,83,11869,11494.0,3.800925925925926,100,🚀 HIGH OVERTAKE CHANCE!,success
1395,1160,493,143,83,11869,11569.0,3.825727513227513,100,🚀 HIGH OVERTAKE CHANCE!,success
1396,1163,494,143,83,11869,11644.0,3.8505291005291005,100,🚀 HIGH OVERTAKE CHANCE!,success
1397,1165,495,143,83,11869,11719.0,3.875330687830688,100,🚀 HIGH OVERTAKE CHANCE!,success
1398,1168,497,143,83,11869,11794.0,3.9001322751322753,100,🚀 HIGH OVERTAKE CHANCE!,success
1399,1170,497,143,83,11869,11869.0,3.9249338624338623,100,🚀 HIGH OVERTAKE CHANCE!,success
1400,1173,498,143,83,11869,11869.0,3.9249338624338623,100,🚀 HIGH OVERTAKE CHANCE!,success
1401,1177,498,143,83,11869,11869.0,3.9249338624338623,100,🚀 HIGH OVERTAKE CHANCE!,success
1402,1180,499,143,83,11869,11869.0,3.9249338624338623,100,🚀 HIGH OVERTAKE CHANCE!,success
1403,1182,500,143,83,11869,11869.0,3.9249338624338623,100,🚀 HIGH OVERTAKE CHANCE!,success
1404,1185,500,143,83,11869,11869.0,3.9249338624338623,100,🚀 HIGH OVERTAKE CHANCE!,success
1405,1187,500,143,83,11869,11869.0,3.9249338624338623,100,🚀 HIGH OVERTAKE CHANCE!,success
1406,1186,498,150,87,13050,11947.733333333334,3.9509700176366844,100,🚀 HIGH OVERTAKE CHANCE!,success
1407,1192,500,150,87,13050,12026.466666666667,3.9770061728395065,100,🚀 HIGH OVERTAKE CHANCE!,success
1408,1195,500,150,87,13050,12105.2,4.003042328042328,100,🚀 HIGH OVERTAKE CHANCE!,success
1409,1197,500,150,87,13050,12183.933333333332,4.02907848324515,100,🚀 HIGH OVERTAKE CHANCE!,success
1410,1199,501,150,87,13050,12262.666666666666,4.0551146384479715,100,🚀 HIGH OVERTAKE CHANCE!,success
1411,1202,501,150,87,13050,12341.4,4.081150793650793,100,🚀 HIGH OVERTAKE CHANCE!,success
1412,1203,502,150,87,13050,12420.133333333333,4.107186948853616,100,🚀 HIGH OVERTAKE CHANCE!,success
1413,1205,501,150,87,13050,12498.866666666667,4.133223104056437,100,🚀 HIGH OVERTAKE CHANCE!,success
1414,1207,502,150,87,13050,12577.6,4.159259259259259,100,🚀 HIGH OVERTAKE CHANCE!,success
1415,1208,503,150,87,13050,12656.333333333334,4.1852954144620815,100,🚀 HIGH OVERTAKE CHANCE!,success
1416,1209,503,150,87,13050,12735.066666666668,4.211331569664903,100,🚀 HIGH OVERTAKE CHANCE!,success
1417,1206,501,157,92,14444,12906.733333333334,4.268099647266314,100,🚀 HIGH OVERTAKE CHANCE!,success
1418,1208,501,157,92,14444,13078.4,4.324867724867724,100,🚀 HIGH OVERTAKE CHANCE!,success
1419,1208,502,157,92,14444,13250.066666666668,4.381635802469136,100,🚀 HIGH OVERTAKE CHANCE!,success
1420,1204,500,165,96,15840,13514.8,4.469179894179894,100,🚀 HIGH OVERTAKE CHANCE!,success
1421,1205,500,165,96,15840,13700.8,4.530687830687831,100,🚀 HIGH OVERTAKE CHANCE!,success
1422,1205,500,165,96,15840,13886.8,4.592195767195767,100,🚀 HIGH OVERTAKE CHANCE!,success
1423,1200,498,173,101,17473,14181.666666666666,4.6897045855379185,100,🚀 HIGH OVERTAKE CHANCE!,success
1424,1199,498,173,101,17473,14476.533333333333,4.78721340388007,100,🚀 HIGH OVERTAKE CHANCE!,success
1425,1199,498,173,101,17473,14771.4,4.884722222222222,100,🚀 HIGH OVERTAKE CHANCE!,success
1426,1197,498,173,101,17473,15066.266666666666,4.982231040564374,100,🚀 HIGH OVERTAKE CHANCE!,success
1427,1196,499,173,101,17473,15361.133333333333,5.0797398589065255,100,🚀 HIGH OVERTAKE CHANCE!,success
1428,1191,499,173,101,17473,15656.0,5.177248677248677,100,🚀 HIGH OVERTAKE CHANCE!,success
1429,1191,499,173,101,17473,15950.866666666667,5.274757495590829,100,🚀 HIGH OVERTAKE CHANCE!,success
1430,1185,497,182,106,19292,16367.0,5.412367724867725,100,🚀 HIGH OVERTAKE CHANCE!,success
1431,1181,498,182,106,19292,16783.133333333335,5.549977954144621,100,🚀 HIGH OVERTAKE CHANCE!,success
1432,1178,499,182,106,19292,17106.333333333332,5.656856261022927,100,🚀 HIGH OVERTAKE CHANCE!,success
1433,1171,499,182,106,19292,17429.533333333333,5.763734567901235,100,🚀 HIGH OVERTAKE CHANCE!,success
1434,1170,500,182,106,19292,17752.733333333334,5.870612874779542,100,🚀 HIGH OVERTAKE CHANCE!,success
1435,1166,500,182,106,19292,17982.866666666665,5.946715167548501,100,🚀 HIGH OVERTAKE CHANCE!,success
1436,1157,500,182,106,19292,18213.0,6.0228174603174605,100,🚀 HIGH OVERTAKE CHANCE!,success
1437,1156,501,182,106,19292,18443.133333333335,6.09891975308642,100,🚀 HIGH OVERTAKE CHANCE!,success
1438,1147,501,182,106,19292,18564.4,6.139021164021164,100,🚀 HIGH OVERTAKE CHANCE!,success
1439,1145,502,182,106,19292,18685.666666666668,6.179122574955909,100,🚀 HIGH OVERTAKE CHANCE!,success
1440,1138,500,191,111,21201,18934.2,6.261309523809524,100,🚀 HIGH OVERTAKE CHANCE!,success
1441,1133,503,182,106,19292,19055.466666666667,6.301410934744268,100,🚀 HIGH OVERTAKE CHANCE!,success
1442,1126,503,182,106,19292,19176.733333333334,6.341512345679012,100,🚀 HIGH OVERTAKE CHANCE!,success
1443,1117,504,182,106,19292,19298.0,6.381613756613756,100,🚀 HIGH OVERTAKE CHANCE!,success
1444,1117,504,182,106,19292,19419.266666666666,6.421715167548501,100,🚀 HIGH OVERTAKE CHANCE!,success
1445,1110,504,182,106,19292,19419.266666666666,6.421715167548501,100,🚀 HIGH OVERTAKE CHANCE!,success
1446,1101,505,182,106,19292,19419.266666666666,6.421715167548501,100,🚀 HIGH OVERTAKE CHANCE!,success
1447,1099,505,182,106,19292,19419.266666666666,6.421715167548501,100,🚀 HIGH OVERTAKE CHANCE!,success
1448,1087,506,182,106,19292,19419.266666666666,6.421715167548501,100,🚀 HIGH OVERTAKE CHANCE!,success
1449,1073,503,191,111,21201,19546.533333333333,6.463800705467372,100,🚀 HIGH OVERTAKE CHANCE!,success
1450,1074,506,182,106,19292,19546.533333333333,6.463800705467372,100,🚀 HIGH OVERTAKE CHANCE!,success
1451,1056,503,191,111,21201,19673.8,6.505886243386243,100,🚀 HIGH OVERTAKE CHANCE!,success
1452,1053,503,191,111,21201,19801.066666666666,6.547971781305114,100,🚀 HIGH OVERTAKE CHANCE!,success
1453,1036,500,201,117,23517,20082.733333333334,6.641115520282187,100,🚀 HIGH OVERTAKE CHANCE!,success
1454,1028,500,201,117,23517,20364.4,6.73425925925926,100,🚀 HIGH OVERTAKE CHANCE!,success
1455,1028,502,191,111,21201,20364.4,6.73425925925926,100,🚀 HIGH OVERTAKE CHANCE!,success
1456,1015,502,191,111,21201,20491.666666666668,6.7763447971781305,100,🚀 HIGH OVERTAKE CHANCE!,success
1457,1015,504,182,106,19292,20491.666666666668,6.7763447971781305,100,🚀 HIGH OVERTAKE CHANCE!,success
1458,999,502,191,111,21201,20618.933333333334,6.818430335097002,100,🚀 HIGH OVERTAKE CHANCE!,success
1459,997,502,191,111,21201,20746.2,6.860515873015873,100,🚀 HIGH OVERTAKE CHANCE!,success
1460,991,502,191,111,21201,20873.466666666667,6.902601410934745,100,🚀 HIGH OVERTAKE CHANCE!,success
1461,989,503,191,111,21201,21000.733333333334,6.944686948853616,100,🚀 HIGH OVERTAKE CHANCE!,success
1462,987,503,191,111,21201,21128.0,6.9867724867724865,100,🚀 HIGH OVERTAKE CHANCE!,success
1463,985,504,191,111,21201,21255.266666666666,7.028858024691358,100,🚀 HIGH OVERTAKE CHANCE!,success
1464,983,504,191,111,21201,21255.266666666666,7.028858024691358,100,🚀 HIGH OVERTAKE CHANCE!,success
1465,983,504,191,111,21201,21382.533333333333,7.070943562610229,100,🚀 HIGH OVERTAKE CHANCE!,success
1466,982,504,191,111,21201,21382.533333333333,7.070943562610229,100,🚀 HIGH OVERTAKE CHANCE!,success
1467,981,504,191,111,21201,21382.533333333333,7.070943562610229,100,🚀 HIGH OVERTAKE CHANCE!,success
1468,982,504,191,111,21201,21228.133333333335,7.019885361552029,100,🚀 HIGH OVERTAKE CHANCE!,success
1469,983,504,191,111,21201,21073.733333333334,6.968827160493827,100,🚀 HIGH OVERTAKE CHANCE!,success
1470,985,504,191,111,21201,21073.733333333334,6.968827160493827,100,🚀 HIGH OVERTAKE CHANCE!,success
1471,986,504,191,111,21201,21073.733333333334,6.968827160493827,100,🚀 HIGH OVERTAKE CHANCE!,success
1472,988,503,191,111,21201,21201.0,7.010912698412699,100,🚀 HIGH OVERTAKE CHANCE!,success
1473,990,503,191,111,21201,21201.0,7.010912698412699,100,🚀 HIGH OVERTAKE CHANCE!,success
1474,991,503,191,111,21201,21201.0,7.010912698412699,100,🚀 HIGH OVERTAKE CHANCE!,success
1475,992,502,191,111,21201,21201.0,7.010912698412699,100,🚀 HIGH OVERTAKE CHANCE!,success
1476,995,502,191,111,21201,21201.0,7.010912698412699,100,🚀 HIGH OVERTAKE CHANCE!,success
1477,996,502,191,111,21201,21201.0,7.010912698412699,100,🚀 HIGH OVERTAKE CHANCE!,success
1478,1003,501,191,111,21201,21201.0,7.010912698412699,100,🚀 HIGH OVERTAKE CHANCE!,success
1479,1003,501,191,111,21201,21201.0,7.010912698412699,100,🚀 HIGH OVERTAKE CHANCE!,success
1480,1011,503,182,106,19292,21073.733333333334,6.968827160493827,100,🚀 HIGH OVERTAKE CHANCE!,success
1481,1011,503,182,106,19292,20946.466666666667,6.926741622574956,100,🚀 HIGH OVERTAKE CHANCE!,success
1482,1014,503,182,106,19292,20819.2,6.8846560846560845,100,🚀 HIGH OVERTAKE CHANCE!,success
1483,1018,502,182,106,19292,20691.933333333334,6.842570546737214,100,🚀 HIGH OVERTAKE CHANCE!,success
1484,1019,502,182,106,19292,20564.666666666668,6.800485008818343,100,🚀 HIGH OVERTAKE CHANCE!,success
1485,1020,502,182,106,19292,20437.4,6.758399470899471,100,🚀 HIGH OVERTAKE CHANCE!,success
1486,1024,502,182,106,19292,20310.133333333335,6.7163139329806,100,🚀 HIGH OVERTAKE CHANCE!,success
1487,1024,502,182,106,19292,20182.866666666665,6.674228395061728,100,🚀 HIGH OVERTAKE CHANCE!,success
1488,1031,504,173,101,17473,19934.333333333332,6.592041446208112,100,🚀 HIGH OVERTAKE CHANCE!,success
1489,1032,504,173,101,17473,19685.8,6.509854497354497,100,🚀 HIGH OVERTAKE CHANCE!,success
1490,1033,504,173,101,17473,19437.266666666666,6.427667548500882,100,🚀 HIGH OVERTAKE CHANCE!,success
1491,1035,504,173,101,17473,19188.733333333334,6.345480599647266,100,🚀 HIGH OVERTAKE CHANCE!,success
1492,1037,504,173,101,17473,18940.2,6.263293650793651,100,🚀 HIGH OVERTAKE CHANCE!,success
1493,1040,504,173,101,17473,18691.666666666668,6.181106701940036,100,🚀 HIGH OVERTAKE CHANCE!,success
1494,1041,503,173,101,17473,18443.133333333335,6.09891975308642,100,🚀 HIGH OVERTAKE CHANCE!,success
1495,1043,504,173,101,17473,18321.866666666665,6.058818342151675,100,🚀 HIGH OVERTAKE CHANCE!,success
1496,1045,504,173,101,17473,18200.6,6.018716931216931,100,🚀 HIGH OVERTAKE CHANCE!,success
1497,1053,507,165,96,15840,17970.466666666667,5.942614638447972,100,🚀 HIGH OVERTAKE CHANCE!,success
1498,1057,508,165,96,15840,17740.333333333332,5.866512345679012,100,🚀 HIGH OVERTAKE CHANCE!,success
1499,1058,509,165,96,15840,17510.2,5.790410052910053,100,🚀 HIGH OVERTAKE CHANCE!,success
1500,1060,509,165,96,15840,17280.066666666666,5.714307760141093,100,🚀 HIGH OVERTAKE CHANCE!,success
1501,1063,510,165,96,15840,17049.933333333334,5.638205467372134,100,🚀 HIGH OVERTAKE CHANCE!,success
1502,1070,513,157,92,14444,16726.733333333334,5.531327160493827,100,🚀 HIGH OVERTAKE CHANCE!,success
1503,1068,511,165,96,15840,16617.866666666665,5.495326278659611,100,🚀 HIGH OVERTAKE CHANCE!,success
1504,1070,512,165,96,15840,16509.0,5.459325396825397,100,🚀 HIGH OVERTAKE CHANCE!,success
1505,1072,512,165,96,15840,16400.133333333335,5.423324514991182,100,🚀 HIGH OVERTAKE CHANCE!,success
1506,1071,509,173,101,17473,16400.133333333335,5.423324514991182,100,🚀 HIGH OVERTAKE CHANCE!,success
1507,1074,509,173,101,17473,16400.133333333335,5.423324514991182,100,🚀 HIGH OVERTAKE CHANCE!,success
1508,1077,509,173,101,17473,16400.133333333335,5.423324514991182,100,🚀 HIGH OVERTAKE CHANCE!,success
1509,1080,508,173,101,17473,16400.133333333335,5.423324514991182,100,🚀 HIGH OVERTAKE CHANCE!,success
1510,1080,509,173,101,17473,16400.133333333335,5.423324514991182,100,🚀 HIGH OVERTAKE CHANCE!,success
1511,1087,511,165,96,15840,16291.266666666666,5.387323633156966,100,🚀 HIGH OVERTAKE CHANCE!,success
1512,1088,512,165,96,15840,16291.266666666666,5.387323633156966,100,🚀 HIGH OVERTAKE CHANCE!,success
1513,1090,513,165,96,15840,16291.266666666666,5.387323633156966,100,🚀 HIGH OVERTAKE CHANCE!,success
1514,1091,513,165,96,15840,16291.266666666666,5.387323633156966,100,🚀 HIGH OVERTAKE CHANCE!,success
1515,1091,513,165,96,15840,16291.266666666666,5.387323633156966,100,🚀 HIGH OVERTAKE CHANCE!,success
1516,1088,514,165,96,15840,16291.266666666666,5.387323633156966,100,🚀 HIGH OVERTAKE CHANCE!,success
1517,1085,514,165,96,15840,16384.333333333332,5.418099647266313,100,🚀 HIGH OVERTAKE CHANCE!,success
1518,1084,514,165,96,15840,16384.333333333332,5.418099647266313,100,🚀 HIGH OVERTAKE CHANCE!,success
1519,1082,515,165,96,15840,16384.333333333332,5.418099647266313,100,🚀 HIGH OVERTAKE CHANCE!,success
1520,1082,515,165,96,15840,16384.333333333332,5.418099647266313,100,🚀 HIGH OVERTAKE CHANCE!,success
1521,1078,513,173,101,17473,16384.333333333332,5.418099647266313,100,🚀 HIGH OVERTAKE CHANCE!,success
1522,1080,512,173,101,17473,16384.333333333332,5.418099647266313,100,🚀 HIGH OVERTAKE CHANCE!,success
1523,1081,513,173,101,17473,16384.333333333332,5.418099647266313,100,🚀 HIGH OVERTAKE CHANCE!,success
1524,1082,513,173,101,17473,16384.333333333332,5.418099647266313,100,🚀 HIGH OVERTAKE CHANCE!,success
1525,1082,513,173,101,17473,16384.333333333332,5.418099647266313,100,🚀 HIGH OVERTAKE CHANCE!,success
1526,1086,516,165,96,15840,16384.333333333332,5.418099647266313,100,🚀 HIGH OVERTAKE CHANCE!,success
1527,1084,516,165,96,15840,16384.333333333332,5.418099647266313,100,🚀 HIGH OVERTAKE CHANCE!,success
1528,1084,516,165,96,15840,16384.333333333332,5.418099647266313,100,🚀 HIGH OVERTAKE CHANCE!,success
1529,1083,516,165,96,15840,16384.333333333332,5.418099647266313,100,🚀 HIGH OVERTAKE CHANCE!,success
1530,1082,516,165,96,15840,16384.333333333332,5.418099647266313,100,🚀 HIGH OVERTAKE CHANCE!,success
1531,1078,513,173,101,17473,16493.2,5.454100529100529,100,🚀 HIGH OVERTAKE CHANCE!,success
1532,1078,513,173,101,17473,16602.066666666666,5.490101410934744,100,🚀 HIGH OVERTAKE CHANCE!,success
1533,1073,510,182,106,19292,16832.2,5.566203703703704,100,🚀 HIGH OVERTAKE CHANCE!,success
1534,1074,509,182,106,19292,17062.333333333332,5.642305996472663,100,🚀 HIGH OVERTAKE CHANCE!,success
1535,1068,507,191,111,21201,17419.733333333334,5.760493827160494,100,🚀 HIGH OVERTAKE CHANCE!,success
1536,1068,506,191,111,21201,17668.266666666666,5.8426807760141095,100,🚀 HIGH OVERTAKE CHANCE!,success
1537,1067,505,191,111,21201,17916.8,5.924867724867725,100,🚀 HIGH OVERTAKE CHANCE!,success
1538,1064,505,191,111,21201,18165.333333333332,6.00705467372134,100,🚀 HIGH OVERTAKE CHANCE!,success
1539,1063,504,191,111,21201,18413.866666666665,6.0892416225749555,100,🚀 HIGH OVERTAKE CHANCE!,success
1540,1062,504,191,111,21201,18662.4,6.171428571428572,100,🚀 HIGH OVERTAKE CHANCE!,success
1541,1060,503,191,111,21201,19019.8,6.289616402116402,100,🚀 HIGH OVERTAKE CHANCE!,success
1542,1058,502,191,111,21201,19377.2,6.407804232804233,100,🚀 HIGH OVERTAKE CHANCE!,success
1543,1057,501,191,111,21201,19734.6,6.525992063492063,100,🚀 HIGH OVERTAKE CHANCE!,success
1544,1056,501,191,111,21201,20092.0,6.644179894179894,100,🚀 HIGH OVERTAKE CHANCE!,success
1545,1055,500,191,111,21201,20449.4,6.762367724867725,100,🚀 HIGH OVERTAKE CHANCE!,success
1546,1054,500,191,111,21201,20697.933333333334,6.8445546737213405,100,🚀 HIGH OVERTAKE CHANCE!,success
1547,1052,499,191,111,21201,20946.466666666667,6.926741622574956,100,🚀 HIGH OVERTAKE CHANCE!,success
1548,1052,499,191,111,21201,21073.733333333334,6.968827160493827,100,🚀 HIGH OVERTAKE CHANCE!,success
1549,1056,501,182,106,19292,21073.733333333334,6.968827160493827,100,🚀 HIGH OVERTAKE CHANCE!,success
1550,1054,500,182,106,19292,20946.466666666667,6.926741622574956,100,🚀 HIGH OVERTAKE CHANCE!,success
1551,1054,499,182,106,19292,20819.2,6.8846560846560845,100,🚀 HIGH OVERTAKE CHANCE!,success
1552,1053,499,182,106,19292,20691.933333333334,6.842570546737214,100,🚀 HIGH OVERTAKE CHANCE!,success
1553,1052,498,182,106,19292,20564.666666666668,6.800485008818343,100,🚀 HIGH OVERTAKE CHANCE!,success
1554,1052,497,182,106,19292,20437.4,6.758399470899471,100,🚀 HIGH OVERTAKE CHANCE!,success
1555,1056,498,173,101,17473,20188.866666666665,6.676212522045855,100,🚀 HIGH OVERTAKE CHANCE!,success
1556,1048,494,182,106,19292,20061.6,6.634126984126984,100,🚀 HIGH OVERTAKE CHANCE!,success
1557,1050,493,182,106,19292,19934.333333333332,6.592041446208112,100,🚀 HIGH OVERTAKE CHANCE!,success
1558,1050,491,182,106,19292,19807.066666666666,6.549955908289241,100,🚀 HIGH OVERTAKE CHANCE!,success
1559,1051,491,182,106,19292,19679.8,6.50787037037037,100,🚀 HIGH OVERTAKE CHANCE!,success
1560,1051,490,182,106,19292,19552.533333333333,6.465784832451499,100,🚀 HIGH OVERTAKE CHANCE!,success
1561,1051,489,182,106,19292,19425.266666666666,6.423699294532628,100,🚀 HIGH OVERTAKE CHANCE!,success
1562,1051,488,182,106,19292,19298.0,6.381613756613756,100,🚀 HIGH OVERTAKE CHANCE!,success
1563,1051,488,182,106,19292,19170.733333333334,6.339528218694886,100,🚀 HIGH OVERTAKE CHANCE!,success
1564,1056,490,173,101,17473,19049.466666666667,6.299426807760141,100,🚀 HIGH OVERTAKE CHANCE!,success
1565,1054,490,173,101,17473,18928.2,6.259325396825397,100,🚀 HIGH OVERTAKE CHANCE!,success
1566,1059,492,165,96,15840,18698.066666666666,6.183223104056437,100,🚀 HIGH OVERTAKE CHANCE!,success
1567,1057,492,165,96,15840,18467.933333333334,6.107120811287478,100,🚀 HIGH OVERTAKE CHANCE!,success
1568,1060,494,157,92,14444,18144.733333333334,6.000242504409171,100,🚀 HIGH OVERTAKE CHANCE!,success
1569,1062,497,150,87,13050,17728.6,5.862632275132275,100,🚀 HIGH OVERTAKE CHANCE!,success
1570,1059,497,150,87,13050,17433.733333333334,5.765123456790124,100,🚀 HIGH OVERTAKE CHANCE!,success
1571,1060,497,150,87,13050,17017.6,5.627513227513227,100,🚀 HIGH OVERTAKE CHANCE!,success
1572,1055,496,157,92,14444,16694.4,5.5206349206349214,100,🚀 HIGH OVERTAKE CHANCE!,success
1573,1058,497,157,92,14444,16371.2,5.413756613756614,100,🚀 HIGH OVERTAKE CHANCE!,success
1574,1058,497,157,92,14444,16048.0,5.306878306878307,100,🚀 HIGH OVERTAKE CHANCE!,success
1575,1059,497,157,92,14444,15724.8,5.2,100,🚀 HIGH OVERTAKE CHANCE!,success
1576,1055,493,165,96,15840,15494.666666666666,5.12389770723104,100,🚀 HIGH OVERTAKE CHANCE!,success
1577,1057,493,165,96,15840,15264.533333333333,5.047795414462081,100,🚀 HIGH OVERTAKE CHANCE!,success
1578,1053,490,173,101,17473,15143.266666666666,5.0076940035273365,100,🚀 HIGH OVERTAKE CHANCE!,success
1579,1054,490,173,101,17473,15143.266666666666,5.0076940035273365,100,🚀 HIGH OVERTAKE CHANCE!,success
1580,1054,490,173,101,17473,15143.266666666666,5.0076940035273365,100,🚀 HIGH OVERTAKE CHANCE!,success
1581,1058,492,165,96,15840,15143.266666666666,5.0076940035273365,100,🚀 HIGH OVERTAKE CHANCE!,success
1582,1056,492,165,96,15840,15143.266666666666,5.0076940035273365,100,🚀 HIGH OVERTAKE CHANCE!,success
1583,1055,492,165,96,15840,15236.333333333334,5.038470017636684,100,🚀 HIGH OVERTAKE CHANCE!,success
1584,1055,492,165,96,15840,15422.333333333334,5.099977954144621,100,🚀 HIGH OVERTAKE CHANCE!,success
1585,1059,494,157,92,14444,15515.266666666666,5.13070987654321,100,🚀 HIGH OVERTAKE CHANCE!,success
1586,1051,491,165,96,15840,15701.266666666666,5.192217813051147,100,🚀 HIGH OVERTAKE CHANCE!,success
1587,1049,489,173,101,17473,15903.2,5.2589947089947096,100,🚀 HIGH OVERTAKE CHANCE!,success
1588,1048,488,173,101,17473,16105.133333333333,5.3257716049382715,100,🚀 HIGH OVERTAKE CHANCE!,success
1589,1048,487,173,101,17473,16307.066666666668,5.392548500881834,100,🚀 HIGH OVERTAKE CHANCE!,success
1590,1046,487,173,101,17473,16509.0,5.459325396825397,100,🚀 HIGH OVERTAKE CHANCE!,success
1591,1045,487,173,101,17473,16617.866666666665,5.495326278659611,100,🚀 HIGH OVERTAKE CHANCE!,success
1592,1047,489,165,96,15840,16617.866666666665,5.495326278659611,100,🚀 HIGH OVERTAKE CHANCE!,success
1593,1043,489,165,96,15840,16509.0,5.459325396825397,100,🚀 HIGH OVERTAKE CHANCE!,success
1594,1041,489,165,96,15840,16400.133333333335,5.423324514991182,100,🚀 HIGH OVERTAKE CHANCE!,success
1595,1040,489,165,96,15840,16291.266666666666,5.387323633156966,100,🚀 HIGH OVERTAKE CHANCE!,success
1596,1041,492,157,92,14444,16198.2,5.356547619047619,100,🚀 HIGH OVERTAKE CHANCE!,success
1597,1037,492,157,92,14444,16105.133333333333,5.3257716049382715,100,🚀 HIGH OVERTAKE CHANCE!,success
1598,1032,490,165,96,15840,16105.133333333333,5.3257716049382715,100,🚀 HIGH OVERTAKE CHANCE!,success
1599,1036,493,157,92,14444,16012.066666666668,5.294995590828925,100,🚀 HIGH OVERTAKE CHANCE!,success
1600,1032,493,157,92,14444,16012.066666666668,5.294995590828925,100,🚀 HIGH OVERTAKE CHANCE!,success
1601,1029,494,157,92,14444,15919.0,5.264219576719577,100,🚀 HIGH OVERTAKE CHANCE!,success
1602,1027,494,157,92,14444,15717.066666666668,5.197442680776015,100,🚀 HIGH OVERTAKE CHANCE!,success
1603,1024,495,157,92,14444,15515.133333333333,5.130665784832451,100,🚀 HIGH OVERTAKE CHANCE!,success
1604,1023,495,157,92,14444,15313.2,5.063888888888889,100,🚀 HIGH OVERTAKE CHANCE!,success
1605,1021,496,157,92,14444,15111.266666666666,4.997111992945326,100,🚀 HIGH OVERTAKE CHANCE!,success
1606,1017,496,157,92,14444,14909.333333333334,4.930335097001764,100,🚀 HIGH OVERTAKE CHANCE!,success
1607,1017,497,157,92,14444,14816.266666666666,4.8995590828924165,100,🚀 HIGH OVERTAKE CHANCE!,success
1608,1013,497,157,92,14444,14723.2,4.868783068783069,100,🚀 HIGH OVERTAKE CHANCE!,success
1609,1011,497,157,92,14444,14630.133333333333,4.838007054673722,100,🚀 HIGH OVERTAKE CHANCE!,success
1610,1010,497,157,92,14444,14537.066666666668,4.807231040564374,100,🚀 HIGH OVERTAKE CHANCE!,success
1611,1008,498,157,92,14444,14537.066666666668,4.807231040564374,100,🚀 HIGH OVERTAKE CHANCE!,success
1612,1005,498,157,92,14444,14537.066666666668,4.807231040564374,100,🚀 HIGH OVERTAKE CHANCE!,success
1613,1001,499,157,92,14444,14444.0,4.776455026455026,100,🚀 HIGH OVERTAKE CHANCE!,success
1614,1001,499,157,92,14444,14444.0,4.776455026455026,100,🚀 HIGH OVERTAKE CHANCE!,success
1615,998,499,157,92,14444,14444.0,4.776455026455026,100,🚀 HIGH OVERTAKE CHANCE!,success
1616,995,499,157,92,14444,14444.0,4.776455026455026,100,🚀 HIGH OVERTAKE CHANCE!,success
1617,994,499,157,92,14444,14444.0,4.776455026455026,100,🚀 HIGH OVERTAKE CHANCE!,success
1618,991,500,157,92,14444,14444.0,4.776455026455026,100,🚀 HIGH OVERTAKE CHANCE!,success
1619,988,502,157,92,14444,14444.0,4.776455026455026,100,🚀 HIGH OVERTAKE CHANCE!,success
1620,987,501,157,92,14444,14444.0,4.776455026455026,100,🚀 HIGH OVERTAKE CHANCE!,success
1621,984,501,157,92,14444,14444.0,4.776455026455026,100,🚀 HIGH OVERTAKE CHANCE!,success
1622,982,502,157,92,14444,14444.0,4.776455026455026,100,🚀 HIGH OVERTAKE CHANCE!,success
1623,979,502,157,92,14444,14444.0,4.776455026455026,100,🚀 HIGH OVERTAKE CHANCE!,success
1624,974,500,165,96,15840,14537.066666666668,4.807231040564374,100,🚀 HIGH OVERTAKE CHANCE!,success
1625,974,500,165,96,15840,14630.133333333333,4.838007054673722,100,🚀 HIGH OVERTAKE CHANCE!,success
1626,972,500,165,96,15840,14723.2,4.868783068783069,100,🚀 HIGH OVERTAKE CHANCE!,success
1627,971,500,165,96,15840,14816.266666666666,4.8995590828924165,100,🚀 HIGH OVERTAKE CHANCE!,success
1628,969,500,165,96,15840,14909.333333333334,4.930335097001764,100,🚀 HIGH OVERTAKE CHANCE!,success
1629,967,500,165,96,15840,15002.4,4.961111111111111,100,🚀 HIGH OVERTAKE CHANCE!,success
1630,967,500,165,96,15840,15095.466666666667,4.991887125220459,100,🚀 HIGH OVERTAKE CHANCE!,success
1631,959,498,173,101,17473,15297.4,5.058664021164021,100,🚀 HIGH OVERTAKE CHANCE!,success
1632,960,498,173,101,17473,15499.333333333334,5.125440917107584,100,🚀 HIGH OVERTAKE CHANCE!,success
1633,954,495,182,106,19292,15822.533333333333,5.232319223985891,100,🚀 HIGH OVERTAKE CHANCE!,success
1634,954,496,182,106,19292,16145.733333333334,5.3391975308641975,100,🚀 HIGH OVERTAKE CHANCE!,success
1635,954,497,182,106,19292,16468.933333333334,5.446075837742505,100,🚀 HIGH OVERTAKE CHANCE!,success
1636,953,497,182,106,19292,16792.133333333335,5.552954144620812,100,🚀 HIGH OVERTAKE CHANCE!,success
1637,951,496,182,106,19292,17115.333333333332,5.659832451499118,100,🚀 HIGH OVERTAKE CHANCE!,success
1638,950,496,182,106,19292,17438.533333333333,5.766710758377425,100,🚀 HIGH OVERTAKE CHANCE!,success
1639,949,496,182,106,19292,17668.666666666668,5.8428130511463845,100,🚀 HIGH OVERTAKE CHANCE!,success
1640,949,496,182,106,19292,17898.8,5.9189153439153435,100,🚀 HIGH OVERTAKE CHANCE!,success
1641,947,495,182,106,19292,18128.933333333334,5.995017636684303,100,🚀 HIGH OVERTAKE CHANCE!,success
1642,946,495,182,106,19292,18359.066666666666,6.071119929453262,100,🚀 HIGH OVERTAKE CHANCE!,success
1643,942,494,182,106,19292,18589.2,6.147222222222222,100,🚀 HIGH OVERTAKE CHANCE!,success
1644,940,493,182,106,19292,18819.333333333332,6.223324514991181,100,🚀 HIGH OVERTAKE CHANCE!,success
1645,939,493,182,106,19292,19049.466666666667,6.299426807760141,100,🚀 HIGH OVERTAKE CHANCE!,success
1646,935,493,182,106,19292,19170.733333333334,6.339528218694886,100,🚀 HIGH OVERTAKE CHANCE!,success
1647,934,493,182,106,19292,19292.0,6.37962962962963,100,🚀 HIGH OVERTAKE CHANCE!,success
1648,933,495,173,101,17473,19170.733333333334,6.339528218694886,100,🚀 HIGH OVERTAKE CHANCE!,success
1649,929,496,173,101,17473,19049.466666666667,6.299426807760141,100,🚀 HIGH OVERTAKE CHANCE!,success
1650,932,498,165,96,15840,18819.333333333332,6.223324514991181,100,🚀 HIGH OVERTAKE CHANCE!,success
1651,931,501,157,92,14444,18496.133333333335,6.116446208112875,100,🚀 HIGH OVERTAKE CHANCE!,success
1652,929,501,157,92,14444,18172.933333333334,6.009567901234568,100,🚀 HIGH OVERTAKE CHANCE!,success
1653,924,502,157,92,14444,17849.733333333334,5.902689594356261,100,🚀 HIGH OVERTAKE CHANCE!,success
1654,922,502,157,92,14444,17526.533333333333,5.795811287477954,100,🚀 HIGH OVERTAKE CHANCE!,success
1655,919,502,157,92,14444,17203.333333333332,5.688932980599647,100,🚀 HIGH OVERTAKE CHANCE!,success
1656,917,503,157,92,14444,16880.133333333335,5.582054673721341,100,🚀 HIGH OVERTAKE CHANCE!,success
1657,914,503,157,92,14444,16556.933333333334,5.4751763668430335,100,🚀 HIGH OVERTAKE CHANCE!,success
1658,911,503,157,92,14444,16233.733333333334,5.368298059964727,100,🚀 HIGH OVERTAKE CHANCE!,success
1659,907,503,157,92,14444,15910.533333333333,5.26141975308642,100,🚀 HIGH OVERTAKE CHANCE!,success
1660,902,501,165,96,15840,15680.4,5.18531746031746,100,🚀 HIGH OVERTAKE CHANCE!,success
1661,900,501,165,96,15840,15450.266666666666,5.109215167548501,100,🚀 HIGH OVERTAKE CHANCE!,success
1662,898,501,165,96,15840,15220.133333333333,5.033112874779541,100,🚀 HIGH OVERTAKE CHANCE!,success
1663,894,501,165,96,15840,15111.266666666666,4.997111992945326,100,🚀 HIGH OVERTAKE CHANCE!,success
1664,893,501,165,96,15840,15002.4,4.961111111111111,100,🚀 HIGH OVERTAKE CHANCE!,success
1665,891,501,165,96,15840,15002.4,4.961111111111111,100,🚀 HIGH OVERTAKE CHANCE!,success
1666,887,501,165,96,15840,15095.466666666667,4.991887125220459,100,🚀 HIGH OVERTAKE CHANCE!,success
1667,886,501,165,96,15840,15188.533333333333,5.022663139329806,100,🚀 HIGH OVERTAKE CHANCE!,success
1668,882,501,165,96,15840,15281.6,5.053439153439154,100,🚀 HIGH OVERTAKE CHANCE!,success
1669,882,501,165,96,15840,15374.666666666666,5.084215167548501,100,🚀 HIGH OVERTAKE CHANCE!,success
1670,879,501,165,96,15840,15467.733333333334,5.114991181657849,100,🚀 HIGH OVERTAKE CHANCE!,success
1671,874,498,173,101,17473,15669.666666666666,5.181768077601411,100,🚀 HIGH OVERTAKE CHANCE!,success
1672,872,497,173,101,17473,15871.6,5.248544973544973,100,🚀 HIGH OVERTAKE CHANCE!,success
1673,871,495,173,101,17473,16073.533333333333,5.315321869488536,100,🚀 HIGH OVERTAKE CHANCE!,success
1674,871,495,173,101,17473,16275.466666666667,5.382098765432099,100,🚀 HIGH OVERTAKE CHANCE!,success
1675,870,495,173,101,17473,16384.333333333332,5.418099647266313,100,🚀 HIGH OVERTAKE CHANCE!,success
1676,869,495,173,101,17473,16493.2,5.454100529100529,100,🚀 HIGH OVERTAKE CHANCE!,success
1677,871,497,165,96,15840,16493.2,5.454100529100529,100,🚀 HIGH OVERTAKE CHANCE!,success
1678,866,497,165,96,15840,16493.2,5.454100529100529,100,🚀 HIGH OVERTAKE CHANCE!,success
1679,869,499,157,92,14444,16400.133333333335,5.423324514991182,100,🚀 HIGH OVERTAKE CHANCE!,success
1680,863,497,165,96,15840,16400.133333333335,5.423324514991182,100,🚀 HIGH OVERTAKE CHANCE!,success
1681,863,500,157,92,14444,16307.066666666668,5.392548500881834,100,🚀 HIGH OVERTAKE CHANCE!,success
1682,861,500,157,92,14444,16214.0,5.3617724867724865,100,🚀 HIGH OVERTAKE CHANCE!,success
1683,857,500,157,92,14444,16120.933333333332,5.330996472663139,100,🚀 HIGH OVERTAKE CHANCE!,success
1684,856,500,157,92,14444,16027.866666666667,5.300220458553792,100,🚀 HIGH OVERTAKE CHANCE!,success
1685,854,500,157,92,14444,15934.8,5.269444444444444,100,🚀 HIGH OVERTAKE CHANCE!,success
1686,851,500,157,92,14444,15732.866666666667,5.202667548500882,100,🚀 HIGH OVERTAKE CHANCE!,success
1687,850,499,157,92,14444,15530.933333333332,5.135890652557319,100,🚀 HIGH OVERTAKE CHANCE!,success
1688,839,495,165,96,15840,15422.066666666668,5.099889770723104,100,🚀 HIGH OVERTAKE CHANCE!,success
1689,843,497,157,92,14444,15220.133333333333,5.033112874779541,100,🚀 HIGH OVERTAKE CHANCE!,success
1690,834,493,165,96,15840,15111.266666666666,4.997111992945326,100,🚀 HIGH OVERTAKE CHANCE!,success
1691,828,490,173,101,17473,15111.266666666666,4.997111992945326,100,🚀 HIGH OVERTAKE CHANCE!,success
1692,825,489,173,101,17473,15220.133333333333,5.033112874779541,100,🚀 HIGH OVERTAKE CHANCE!,success
1693,821,487,173,101,17473,15329.0,5.069113756613756,100,🚀 HIGH OVERTAKE CHANCE!,success
1694,817,485,173,101,17473,15530.933333333332,5.135890652557319,100,🚀 HIGH OVERTAKE CHANCE!,success
1695,815,484,173,101,17473,15639.8,5.171891534391534,100,🚀 HIGH OVERTAKE CHANCE!,success
1696,807,480,173,101,17473,15841.733333333334,5.238668430335097,100,🚀 HIGH OVERTAKE CHANCE!,success
1697,806,479,173,101,17473,16043.666666666666,5.30544532627866,100,🚀 HIGH OVERTAKE CHANCE!,success
1698,800,476,173,101,17473,16245.6,5.372222222222223,100,🚀 HIGH OVERTAKE CHANCE!,success
1699,796,474,173,101,17473,16447.533333333333,5.438999118165785,100,🚀 HIGH OVERTAKE CHANCE!,success
1700,795,473,173,101,17473,16649.466666666667,5.5057760141093475,100,🚀 HIGH OVERTAKE CHANCE!,success
1701,787,470,173,101,17473,16851.4,5.57255291005291,100,🚀 HIGH OVERTAKE CHANCE!,success
1702,791,472,165,96,15840,16944.466666666667,5.603328924162257,100,🚀 HIGH OVERTAKE CHANCE!,success
1703,780,466,173,101,17473,17053.333333333332,5.639329805996472,100,🚀 HIGH OVERTAKE CHANCE!,success
1704,780,468,165,96,15840,17146.4,5.670105820105821,100,🚀 HIGH OVERTAKE CHANCE!,success
1705,778,467,165,96,15840,17146.4,5.670105820105821,100,🚀 HIGH OVERTAKE CHANCE!,success
1706,770,466,165,96,15840,17037.533333333333,5.634104938271605,100,🚀 HIGH OVERTAKE CHANCE!,success
1707,768,465,165,96,15840,16928.666666666668,5.59810405643739,100,🚀 HIGH OVERTAKE CHANCE!,success
1708,762,465,165,96,15840,16819.8,5.562103174603174,100,🚀 HIGH OVERTAKE CHANCE!,success
1709,757,466,165,96,15840,16710.933333333334,5.52610229276896,100,🚀 HIGH OVERTAKE CHANCE!,success
1710,757,466,165,96,15840,16602.066666666666,5.490101410934744,100,🚀 HIGH OVERTAKE CHANCE!,success
1711,749,467,165,96,15840,16493.2,5.454100529100529,100,🚀 HIGH OVERTAKE CHANCE!,success
1712,748,468,165,96,15840,16384.333333333332,5.418099647266313,100,🚀 HIGH OVERTAKE CHANCE!,success
1713,740,469,165,96,15840,16275.466666666667,5.382098765432099,100,🚀 HIGH OVERTAKE CHANCE!,success
1714,737,470,165,96,15840,16166.6,5.346097883597884,100,🚀 HIGH OVERTAKE CHANCE!,success
1715,735,471,165,96,15840,16057.733333333334,5.310097001763668,100,🚀 HIGH OVERTAKE CHANCE!,success
1716,727,474,165,96,15840,15948.866666666667,5.274096119929453,100,🚀 HIGH OVERTAKE CHANCE!,success
1717,726,475,165,96,15840,15948.866666666667,5.274096119929453,100,🚀 HIGH OVERTAKE CHANCE!,success
1718,719,477,165,96,15840,15840.0,5.238095238095238,100,🚀 HIGH OVERTAKE CHANCE!,success
1719,715,479,165,96,15840,15840.0,5.238095238095238,100,🚀 HIGH OVERTAKE CHANCE!,success
1720,716,483,157,92,14444,15746.933333333332,5.20731922398589,100,🚀 HIGH OVERTAKE CHANCE!,success
1721,708,485,157,92,14444,15653.866666666667,5.176543209876543,100,🚀 HIGH OVERTAKE CHANCE!,success
1722,705,486,157,92,14444,15560.8,5.1457671957671955,100,🚀 HIGH OVERTAKE CHANCE!,success
1723,703,490,150,87,13050,15374.8,5.084259259259259,100,🚀 HIGH OVERTAKE CHANCE!,success
1724,697,491,150,87,13050,15188.8,5.022751322751322,100,🚀 HIGH OVERTAKE CHANCE!,success
1725,695,491,150,87,13050,15002.8,4.961243386243386,100,🚀 HIGH OVERTAKE CHANCE!,success
1726,689,492,150,87,13050,14816.8,4.8997354497354495,100,🚀 HIGH OVERTAKE CHANCE!,success
1727,682,492,157,92,14444,14723.733333333334,4.868959435626103,100,🚀 HIGH OVERTAKE CHANCE!,success
1728,678,493,157,92,14444,14630.666666666666,4.838183421516755,100,🚀 HIGH OVERTAKE CHANCE!,success
1729,672,491,165,96,15840,14630.666666666666,4.838183421516755,100,🚀 HIGH OVERTAKE CHANCE!,success
1730,672,491,165,96,15840,14630.666666666666,4.838183421516755,100,🚀 HIGH OVERTAKE CHANCE!,success
1731,662,489,173,101,17473,14739.533333333333,4.87418430335097,100,🚀 HIGH OVERTAKE CHANCE!,success
1732,662,489,173,101,17473,14848.4,4.910185185185185,100,🚀 HIGH OVERTAKE CHANCE!,success
1733,660,488,173,101,17473,14957.266666666666,4.946186067019401,100,🚀 HIGH OVERTAKE CHANCE!,success
1734,658,487,173,101,17473,15066.133333333333,4.982186948853616,100,🚀 HIGH OVERTAKE CHANCE!,success
1735,656,487,173,101,17473,15268.066666666668,5.0489638447971785,100,🚀 HIGH OVERTAKE CHANCE!,success
1736,655,483,173,101,17473,15470.0,5.1157407407407405,100,🚀 HIGH OVERTAKE CHANCE!,success
1737,652,483,173,101,17473,15671.933333333332,5.182517636684303,100,🚀 HIGH OVERTAKE CHANCE!,success
1738,651,482,173,101,17473,15966.8,5.280026455026455,100,🚀 HIGH OVERTAKE CHANCE!,success
1739,650,480,173,101,17473,16261.666666666666,5.377535273368607,100,🚀 HIGH OVERTAKE CHANCE!,success
1740,648,480,173,101,17473,16556.533333333333,5.475044091710759,100,🚀 HIGH OVERTAKE CHANCE!,success
1741,648,478,173,101,17473,16851.4,5.57255291005291,100,🚀 HIGH OVERTAKE CHANCE!,success
1742,647,478,173,101,17473,17053.333333333332,5.639329805996472,100,🚀 HIGH OVERTAKE CHANCE!,success
1743,647,476,173,101,17473,17255.266666666666,5.706106701940035,100,🚀 HIGH OVERTAKE CHANCE!,success
1744,646,475,173,101,17473,17364.133333333335,5.742107583774251,100,🚀 HIGH OVERTAKE CHANCE!,success
1745,644,475,173,101,17473,17473.0,5.778108465608466,100,🚀 HIGH OVERTAKE CHANCE!,success
1746,644,474,173,101,17473,17473.0,5.778108465608466,100,🚀 HIGH OVERTAKE CHANCE!,success
1747,643,474,173,101,17473,17473.0,5.778108465608466,100,🚀 HIGH OVERTAKE CHANCE!,success
1748,641,474,173,101,17473,17473.0,5.778108465608466,100,🚀 HIGH OVERTAKE CHANCE!,success
1749,640,475,173,101,17473,17473.0,5.778108465608466,100,🚀 HIGH OVERTAKE CHANCE!,success
1750,639,476,173,101,17473,17473.0,5.778108465608466,100,🚀 HIGH OVERTAKE CHANCE!,success
1751,638,477,173,101,17473,17473.0,5.778108465608466,100,🚀 HIGH OVERTAKE CHANCE!,success
1752,638,478,173,101,17473,17473.0,5.778108465608466,100,🚀 HIGH OVERTAKE CHANCE!,success
1753,639,479,173,101,17473,17473.0,5.778108465608466,100,🚀 HIGH OVERTAKE CHANCE!,success
1754,638,480,173,101,17473,17473.0,5.778108465608466,100,🚀 HIGH OVERTAKE CHANCE!,success
1755,639,481,173,101,17473,17473.0,5.778108465608466,100,🚀 HIGH OVERTAKE CHANCE!,success
1756,639,483,173,101,17473,17473.0,5.778108465608466,100,🚀 HIGH OVERTAKE CHANCE!,success
1757,640,484,173,101,17473,17473.0,5.778108465608466,100,🚀 HIGH OVERTAKE CHANCE!,success
1758,640,486,173,101,17473,17473.0,5.778108465608466,100,🚀 HIGH OVERTAKE CHANCE!,success
1759,643,487,173,101,17473,17473.0,5.778108465608466,100,🚀 HIGH OVERTAKE CHANCE!,success
1760,643,487,173,101,17473,17473.0,5.778108465608466,100,🚀 HIGH OVERTAKE CHANCE!,success
1761,644,488,173,101,17473,17473.0,5.778108465608466,100,🚀 HIGH OVERTAKE CHANCE!,success
1762,645,489,173,101,17473,17473.0,5.778108465608466,100,🚀 HIGH OVERTAKE CHANCE!,success
1763,647,490,173,101,17473,17473.0,5.778108465608466,100,🚀 HIGH OVERTAKE CHANCE!,success
1764,649,491,173,101,17473,17473.0,5.778108465608466,100,🚀 HIGH OVERTAKE CHANCE!,success
1765,650,491,173,101,17473,17473.0,5.778108465608466,100,🚀 HIGH OVERTAKE CHANCE!,success
1766,652,492,173,101,17473,17473.0,5.778108465608466,100,🚀 HIGH OVERTAKE CHANCE!,success
1767,654,493,173,101,17473,17473.0,5.778108465608466,100,🚀 HIGH OVERTAKE CHANCE!,success
1768,655,494,173,101,17473,17473.0,5.778108465608466,100,🚀 HIGH OVERTAKE CHANCE!,success
1769,657,495,173,101,17473,17473.0,5.778108465608466,100,🚀 HIGH OVERTAKE CHANCE!,success
1770,658,495,173,101,17473,17473.0,5.778108465608466,100,🚀 HIGH OVERTAKE CHANCE!,success
1771,660,496,173,101,17473,17473.0,5.778108465608466,100,🚀 HIGH OVERTAKE CHANCE!,success
1772,661,496,173,101,17473,17473.0,5.778108465608466,100,🚀 HIGH OVERTAKE CHANCE!,success
1773,663,497,173,101,17473,17473.0,5.778108465608466,100,🚀 HIGH OVERTAKE CHANCE!,success
1774,665,497,173,101,17473,17473.0,5.778108465608466,100,🚀 HIGH OVERTAKE CHANCE!,success
1775,667,498,173,101,17473,17473.0,5.778108465608466,100,🚀 HIGH OVERTAKE CHANCE!,success
1776,670,498,173,101,17473,17473.0,5.778108465608466,100,🚀 HIGH OVERTAKE CHANCE!,success
1777,671,498,173,101,17473,17473.0,5.778108465608466,100,🚀 HIGH OVERTAKE CHANCE!,success
1778,672,496,182,106,19292,17594.266666666666,5.81820987654321,100,🚀 HIGH OVERTAKE CHANCE!,success
1779,673,496,182,106,19292,17715.533333333333,5.858311287477954,100,🚀 HIGH OVERTAKE CHANCE!,success
1780,680,499,173,101,17473,17715.533333333333,5.858311287477954,100,🚀 HIGH OVERTAKE CHANCE!,success
1781,680,499,173,101,17473,17715.533333333333,5.858311287477954,100,🚀 HIGH OVERTAKE CHANCE!,success
1782,685,502,165,96,15840,17606.666666666668,5.82231040564374,100,🚀 HIGH OVERTAKE CHANCE!,success
1783,687,500,173,101,17473,17606.666666666668,5.82231040564374,100,🚀 HIGH OVERTAKE CHANCE!,success
1784,688,500,173,101,17473,17606.666666666668,5.82231040564374,100,🚀 HIGH OVERTAKE CHANCE!,success
1785,689,500,173,101,17473,17606.666666666668,5.82231040564374,100,🚀 HIGH OVERTAKE CHANCE!,success
1786,695,499,173,101,17473,17606.666666666668,5.82231040564374,100,🚀 HIGH OVERTAKE CHANCE!,success
1787,695,496,182,106,19292,17727.933333333334,5.862411816578484,100,🚀 HIGH OVERTAKE CHANCE!,success
1788,703,496,182,106,19292,17849.2,5.902513227513228,100,🚀 HIGH OVERTAKE CHANCE!,success
1789,703,496,182,106,19292,17970.466666666667,5.942614638447972,100,🚀 HIGH OVERTAKE CHANCE!,success
1790,705,493,191,111,21201,18219.0,6.024801587301587,100,🚀 HIGH OVERTAKE CHANCE!,success
1791,710,493,191,111,21201,18467.533333333333,6.106988536155202,100,🚀 HIGH OVERTAKE CHANCE!,success
1792,711,494,191,111,21201,18716.066666666666,6.189175485008818,100,🚀 HIGH OVERTAKE CHANCE!,success
1793,719,495,191,111,21201,18843.333333333332,6.231261022927689,100,🚀 HIGH OVERTAKE CHANCE!,success
1794,727,499,182,106,19292,18843.333333333332,6.231261022927689,100,🚀 HIGH OVERTAKE CHANCE!,success
1795,728,499,182,106,19292,18964.6,6.271362433862433,100,🚀 HIGH OVERTAKE CHANCE!,success
1796,742,503,173,101,17473,18964.6,6.271362433862433,100,🚀 HIGH OVERTAKE CHANCE!,success
1797,746,506,165,96,15840,18964.6,6.271362433862433,100,🚀 HIGH OVERTAKE CHANCE!,success
1798,750,507,165,96,15840,18855.733333333334,6.235361552028219,100,🚀 HIGH OVERTAKE CHANCE!,success
1799,759,510,157,92,14444,18653.8,6.168584656084656,100,🚀 HIGH OVERTAKE CHANCE!,success
1800,759,510,157,92,14444,18451.866666666665,6.101807760141093,100,🚀 HIGH OVERTAKE CHANCE!,success
1801,768,511,157,92,14444,18249.933333333334,6.035030864197531,100,🚀 HIGH OVERTAKE CHANCE!,success
1802,768,511,157,92,14444,17926.733333333334,5.928152557319224,100,🚀 HIGH OVERTAKE CHANCE!,success
1803,776,512,157,92,14444,17603.533333333333,5.821274250440917,100,🚀 HIGH OVERTAKE CHANCE!,success
1804,775,512,157,92,14444,17280.333333333332,5.71439594356261,100,🚀 HIGH OVERTAKE CHANCE!,success
1805,780,512,157,92,14444,16829.866666666665,5.565432098765432,100,🚀 HIGH OVERTAKE CHANCE!,success
1806,784,512,157,92,14444,16379.4,5.416468253968254,100,🚀 HIGH OVERTAKE CHANCE!,success
1807,787,512,157,92,14444,15928.933333333332,5.267504409171075,100,🚀 HIGH OVERTAKE CHANCE!,success
1808,791,512,157,92,14444,15478.466666666667,5.118540564373898,100,🚀 HIGH OVERTAKE CHANCE!,success
1809,793,512,157,92,14444,15155.266666666666,5.0116622574955905,100,🚀 HIGH OVERTAKE CHANCE!,success
1810,799,514,150,87,13050,14739.133333333333,4.874052028218695,100,🚀 HIGH OVERTAKE CHANCE!,success
1811,803,512,157,92,14444,14537.2,4.807275132275133,100,🚀 HIGH OVERTAKE CHANCE!,success
1812,804,511,157,92,14444,14444.133333333333,4.776499118165785,100,🚀 HIGH OVERTAKE CHANCE!,success
1813,811,511,157,92,14444,14351.066666666668,4.745723104056438,100,🚀 HIGH OVERTAKE CHANCE!,success
1814,814,511,157,92,14444,14351.066666666668,4.745723104056438,100,🚀 HIGH OVERTAKE CHANCE!,success
1815,815,511,157,92,14444,14351.066666666668,4.745723104056438,100,🚀 HIGH OVERTAKE CHANCE!,success
1816,822,511,157,92,14444,14351.066666666668,4.745723104056438,100,🚀 HIGH OVERTAKE CHANCE!,success
1817,820,509,165,96,15840,14444.133333333333,4.776499118165785,100,🚀 HIGH OVERTAKE CHANCE!,success
1818,826,509,165,96,15840,14537.2,4.807275132275133,100,🚀 HIGH OVERTAKE CHANCE!,success
1819,827,509,165,96,15840,14630.266666666666,4.83805114638448,100,🚀 HIGH OVERTAKE CHANCE!,success
1820,829,509,165,96,15840,14723.333333333334,4.868827160493828,100,🚀 HIGH OVERTAKE CHANCE!,success
1821,830,507,173,101,17473,14925.266666666666,4.9356040564373895,100,🚀 HIGH OVERTAKE CHANCE!,success
1822,830,507,173,101,17473,15127.2,5.002380952380952,100,🚀 HIGH OVERTAKE CHANCE!,success
1823,834,506,173,101,17473,15329.133333333333,5.069157848324515,100,🚀 HIGH OVERTAKE CHANCE!,success
1824,835,506,173,101,17473,15531.066666666668,5.135934744268078,100,🚀 HIGH OVERTAKE CHANCE!,success
1825,837,506,173,101,17473,15825.933333333332,5.233443562610229,100,🚀 HIGH OVERTAKE CHANCE!,success
1826,839,505,173,101,17473,16027.866666666667,5.300220458553792,100,🚀 HIGH OVERTAKE CHANCE!,success
1827,840,505,173,101,17473,16229.8,5.366997354497355,100,🚀 HIGH OVERTAKE CHANCE!,success
1828,841,504,173,101,17473,16431.733333333334,5.433774250440917,100,🚀 HIGH OVERTAKE CHANCE!,success
1829,842,505,173,101,17473,16633.666666666668,5.50055114638448,100,🚀 HIGH OVERTAKE CHANCE!,success
1830,842,504,173,101,17473,16835.6,5.567328042328042,100,🚀 HIGH OVERTAKE CHANCE!,success
1831,842,505,173,101,17473,17037.533333333333,5.634104938271605,100,🚀 HIGH OVERTAKE CHANCE!,success
1832,842,505,173,101,17473,17146.4,5.670105820105821,100,🚀 HIGH OVERTAKE CHANCE!,success
1833,842,505,173,101,17473,17255.266666666666,5.706106701940035,100,🚀 HIGH OVERTAKE CHANCE!,success
1834,842,505,173,101,17473,17364.133333333335,5.742107583774251,100,🚀 HIGH OVERTAKE CHANCE!,success
1835,841,505,173,101,17473,17473.0,5.778108465608466,100,🚀 HIGH OVERTAKE CHANCE!,success
1836,842,505,173,101,17473,17473.0,5.778108465608466,100,🚀 HIGH OVERTAKE CHANCE!,success
1837,841,505,173,101,17473,17473.0,5.778108465608466,100,🚀 HIGH OVERTAKE CHANCE!,success
1838,841,504,173,101,17473,17473.0,5.778108465608466,100,🚀 HIGH OVERTAKE CHANCE!,success
1839,841,504,173,101,17473,17473.0,5.778108465608466,100,🚀 HIGH OVERTAKE CHANCE!,success
1840,840,504,173,101,17473,17473.0,5.778108465608466,100,🚀 HIGH OVERTAKE CHANCE!,success
1841,841,503,173,101,17473,17473.0,5.778108465608466,100,🚀 HIGH OVERTAKE CHANCE!,success
1842,843,505,165,96,15840,17364.133333333335,5.742107583774251,100,🚀 HIGH OVERTAKE CHANCE!,success
1843,839,503,173,101,17473,17364.133333333335,5.742107583774251,100,🚀 HIGH OVERTAKE CHANCE!,success
1844,843,504,165,96,15840,17255.266666666666,5.706106701940035,100,🚀 HIGH OVERTAKE CHANCE!,success
1845,843,504,165,96,15840,17146.4,5.670105820105821,100,🚀 HIGH OVERTAKE CHANCE!,success
1846,842,504,165,96,15840,17037.533333333333,5.634104938271605,100,🚀 HIGH OVERTAKE CHANCE!,success
1847,838,502,173,101,17473,17037.533333333333,5.634104938271605,100,🚀 HIGH OVERTAKE CHANCE!,success
1848,841,503,165,96,15840,16928.666666666668,5.59810405643739,100,🚀 HIGH OVERTAKE CHANCE!,success
1849,841,503,165,96,15840,16819.8,5.562103174603174,100,🚀 HIGH OVERTAKE CHANCE!,success
1850,840,503,165,96,15840,16710.933333333334,5.52610229276896,100,🚀 HIGH OVERTAKE CHANCE!,success
1851,839,503,165,96,15840,16602.066666666666,5.490101410934744,100,🚀 HIGH OVERTAKE CHANCE!,success
1852,839,504,165,96,15840,16493.2,5.454100529100529,100,🚀 HIGH OVERTAKE CHANCE!,success
1853,839,504,165,96,15840,16384.333333333332,5.418099647266313,100,🚀 HIGH OVERTAKE CHANCE!,success
1854,838,504,165,96,15840,16275.466666666667,5.382098765432099,100,🚀 HIGH OVERTAKE CHANCE!,success
1855,838,503,165,96,15840,16166.6,5.346097883597884,100,🚀 HIGH OVERTAKE CHANCE!,success
1856,837,503,165,96,15840,16057.733333333334,5.310097001763668,100,🚀 HIGH OVERTAKE CHANCE!,success
1857,836,503,165,96,15840,16057.733333333334,5.310097001763668,100,🚀 HIGH OVERTAKE CHANCE!,success
1858,835,503,165,96,15840,15948.866666666667,5.274096119929453,100,🚀 HIGH OVERTAKE CHANCE!,success
1859,835,503,165,96,15840,15948.866666666667,5.274096119929453,100,🚀 HIGH OVERTAKE CHANCE!,success
1860,834,503,165,96,15840,15948.866666666667,5.274096119929453,100,🚀 HIGH OVERTAKE CHANCE!,success
1861,834,503,165,96,15840,15948.866666666667,5.274096119929453,100,🚀 HIGH OVERTAKE CHANCE!,success
1862,832,502,165,96,15840,15840.0,5.238095238095238,100,🚀 HIGH OVERTAKE CHANCE!,success
1863,836,504,157,92,14444,15746.933333333332,5.20731922398589,100,🚀 HIGH OVERTAKE CHANCE!,success
1864,835,503,157,92,14444,15653.866666666667,5.176543209876543,100,🚀 HIGH OVERTAKE CHANCE!,success
1865,835,503,157,92,14444,15560.8,5.1457671957671955,100,🚀 HIGH OVERTAKE CHANCE!,success
1866,834,503,157,92,14444,15467.733333333334,5.114991181657849,100,🚀 HIGH OVERTAKE CHANCE!,success
1867,834,502,157,92,14444,15374.666666666666,5.084215167548501,100,🚀 HIGH OVERTAKE CHANCE!,success
1868,834,502,157,92,14444,15281.6,5.053439153439154,100,🚀 HIGH OVERTAKE CHANCE!,success
1869,834,502,157,92,14444,15188.533333333333,5.022663139329806,100,🚀 HIGH OVERTAKE CHANCE!,success
1870,834,502,157,92,14444,15095.466666666667,4.991887125220459,100,🚀 HIGH OVERTAKE CHANCE!,success
1871,834,501,157,92,14444,15002.4,4.961111111111111,100,🚀 HIGH OVERTAKE CHANCE!,success
1872,837,503,150,87,13050,14816.4,4.8996031746031745,100,🚀 HIGH OVERTAKE CHANCE!,success
1873,838,503,150,87,13050,14630.4,4.838095238095238,100,🚀 HIGH OVERTAKE CHANCE!,success
1874,837,502,150,87,13050,14444.4,4.776587301587301,100,🚀 HIGH OVERTAKE CHANCE!,success
1875,841,503,143,83,11869,14179.666666666666,4.689043209876543,100,🚀 HIGH OVERTAKE CHANCE!,success
1876,841,502,143,83,11869,13914.933333333332,4.601499118165784,100,🚀 HIGH OVERTAKE CHANCE!,success
1877,841,502,143,83,11869,13650.2,4.513955026455027,100,🚀 HIGH OVERTAKE CHANCE!,success
1878,840,501,143,83,11869,13478.533333333333,4.457186948853615,100,🚀 HIGH OVERTAKE CHANCE!,success
1879,840,501,143,83,11869,13306.866666666667,4.400418871252205,100,🚀 HIGH OVERTAKE CHANCE!,success
1880,841,500,143,83,11869,13135.2,4.343650793650794,100,🚀 HIGH OVERTAKE CHANCE!,success
1881,840,500,143,83,11869,12963.533333333333,4.286882716049383,100,🚀 HIGH OVERTAKE CHANCE!,success
1882,844,501,136,79,10744,12716.866666666667,4.205313051146384,100,🚀 HIGH OVERTAKE CHANCE!,success
1883,841,500,143,83,11869,12545.2,4.148544973544974,100,🚀 HIGH OVERTAKE CHANCE!,success
1884,840,500,143,83,11869,12373.533333333333,4.091776895943562,100,🚀 HIGH OVERTAKE CHANCE!,success
1885,844,501,136,79,10744,12126.866666666667,4.010207231040565,100,🚀 HIGH OVERTAKE CHANCE!,success
1886,841,500,143,83,11869,11955.2,3.9534391534391538,100,🚀 HIGH OVERTAKE CHANCE!,success
1887,840,500,143,83,11869,11876.466666666667,3.9274029982363317,100,🚀 HIGH OVERTAKE CHANCE!,success
1888,843,501,136,79,10744,11722.733333333334,3.8765652557319226,100,🚀 HIGH OVERTAKE CHANCE!,success
1889,841,500,143,83,11869,11644.0,3.8505291005291005,100,🚀 HIGH OVERTAKE CHANCE!,success
1890,840,499,143,83,11869,11644.0,3.8505291005291005,100,🚀 HIGH OVERTAKE CHANCE!,success
1891,843,500,136,79,10744,11569.0,3.825727513227513,100,🚀 HIGH OVERTAKE CHANCE!,success
1892,843,500,136,79,10744,11494.0,3.800925925925926,100,🚀 HIGH OVERTAKE CHANCE!,success
1893,843,500,136,79,10744,11419.0,3.7761243386243386,100,🚀 HIGH OVERTAKE CHANCE!,success
1894,844,499,136,79,10744,11344.0,3.751322751322751,100,🚀 HIGH OVERTAKE CHANCE!,success
1895,847,501,129,75,9675,11197.733333333334,3.7029541446208114,100,🚀 HIGH OVERTAKE CHANCE!,success
1896,847,502,129,75,9675,11051.466666666667,3.654585537918871,100,🚀 HIGH OVERTAKE CHANCE!,success
1897,844,501,136,79,10744,11051.466666666667,3.654585537918871,100,🚀 HIGH OVERTAKE CHANCE!,success
1898,844,502,136,79,10744,10976.466666666667,3.629783950617284,100,🚀 HIGH OVERTAKE CHANCE!,success
1899,844,502,136,79,10744,10901.466666666667,3.6049823633156968,100,🚀 HIGH OVERTAKE CHANCE!,success
1900,844,502,136,79,10744,10901.466666666667,3.6049823633156968,100,🚀 HIGH OVERTAKE CHANCE!,success
1901,848,504,129,75,9675,10755.2,3.556613756613757,100,🚀 HIGH OVERTAKE CHANCE!,success
1902,849,503,129,75,9675,10608.933333333332,3.5082451499118164,100,🚀 HIGH OVERTAKE CHANCE!,success
1903,849,502,129,75,9675,10537.666666666666,3.4846781305114636,100,🚀 HIGH OVERTAKE CHANCE!,success
1904,850,502,129,75,9675,10391.4,3.436309523809524,100,🚀 HIGH OVERTAKE CHANCE!,success
1905,850,501,129,75,9675,10245.133333333333,3.3879409171075836,100,🚀 HIGH OVERTAKE CHANCE!,success
1906,851,500,129,75,9675,10173.866666666667,3.3643738977072313,100,🚀 HIGH OVERTAKE CHANCE!,success
1907,851,500,129,75,9675,10102.6,3.3408068783068785,100,🚀 HIGH OVERTAKE CHANCE!,success
1908,852,499,129,75,9675,10031.333333333334,3.3172398589065257,100,🚀 HIGH OVERTAKE CHANCE!,success
1909,852,499,129,75,9675,9960.066666666668,3.293672839506173,100,🚀 HIGH OVERTAKE CHANCE!,success
1910,853,499,129,75,9675,9960.066666666668,3.293672839506173,100,🚀 HIGH OVERTAKE CHANCE!,success
1911,855,499,129,75,9675,9960.066666666668,3.293672839506173,100,🚀 HIGH OVERTAKE CHANCE!,success
1912,855,499,129,75,9675,9888.8,3.2701058201058197,100,🚀 HIGH OVERTAKE CHANCE!,success
1913,859,501,123,72,8856,9762.933333333332,3.2284832451499117,100,🚀 HIGH OVERTAKE CHANCE!,success
1914,859,500,123,72,8856,9637.066666666668,3.1868606701940037,100,🚀 HIGH OVERTAKE CHANCE!,success
1915,860,500,123,72,8856,9511.2,3.1452380952380956,100,🚀 HIGH OVERTAKE CHANCE!,success
1916,858,498,129,75,9675,9511.2,3.1452380952380956,100,🚀 HIGH OVERTAKE CHANCE!,success
1917,859,501,129,75,9675,9511.2,3.1452380952380956,100,🚀 HIGH OVERTAKE CHANCE!,success
1918,863,501,123,72,8856,9456.6,3.12718253968254,100,🚀 HIGH OVERTAKE CHANCE!,success
1919,864,500,123,72,8856,9402.0,3.109126984126984,100,🚀 HIGH OVERTAKE CHANCE!,success
1920,867,502,117,68,7956,9287.4,3.0712301587301587,100,🚀 HIGH OVERTAKE CHANCE!,success
1921,868,501,117,68,7956,9172.8,3.033333333333333,100,🚀 HIGH OVERTAKE CHANCE!,success
1922,866,499,123,72,8856,9118.2,3.015277777777778,100,🚀 HIGH OVERTAKE CHANCE!,success
1923,868,499,123,72,8856,9063.6,2.9972222222222222,100,🚀 HIGH OVERTAKE CHANCE!,success
1924,871,500,117,68,7956,8949.0,2.9593253968253967,100,🚀 HIGH OVERTAKE CHANCE!,success
1925,872,501,117,68,7956,8834.4,2.9214285714285713,100,🚀 HIGH OVERTAKE CHANCE!,success
1926,873,500,117,68,7956,8719.8,2.883531746031746,100,🚀 HIGH OVERTAKE CHANCE!,success
1927,873,500,117,68,7956,8605.2,2.8456349206349207,100,🚀 HIGH OVERTAKE CHANCE!,success
1928,875,499,117,68,7956,8545.2,2.825793650793651,100,🚀 HIGH OVERTAKE CHANCE!,success
1929,876,498,117,68,7956,8485.2,2.805952380952381,100,🚀 HIGH OVERTAKE CHANCE!,success
1930,877,498,117,68,7956,8425.2,2.7861111111111114,100,🚀 HIGH OVERTAKE CHANCE!,success
1931,877,498,117,68,7956,8310.6,2.748214285714286,100,🚀 HIGH OVERTAKE CHANCE!,success
1932,877,498,117,68,7956,8196.0,2.7103174603174605,100,🚀 HIGH OVERTAKE CHANCE!,success
1933,878,498,117,68,7956,8136.0,2.6904761904761907,100,🚀 HIGH OVERTAKE CHANCE!,success
1934,879,498,117,68,7956,8076.0,2.6706349206349205,100,🚀 HIGH OVERTAKE CHANCE!,success
1935,879,498,117,68,7956,8076.0,2.6706349206349205,100,🚀 HIGH OVERTAKE CHANCE!,success
1936,880,498,117,68,7956,8076.0,2.6706349206349205,100,🚀 HIGH OVERTAKE CHANCE!,success
1937,880,499,117,68,7956,8016.0,2.6507936507936507,100,🚀 HIGH OVERTAKE CHANCE!,success
1938,881,498,117,68,7956,7956.0,2.630952380952381,100,🚀 HIGH OVERTAKE CHANCE!,success
1939,881,498,117,68,7956,7956.0,2.630952380952381,100,🚀 HIGH OVERTAKE CHANCE!,success
1940,882,497,117,68,7956,7956.0,2.630952380952381,100,🚀 HIGH OVERTAKE CHANCE!,success
1941,883,496,117,68,7956,7956.0,2.630952380952381,100,🚀 HIGH OVERTAKE CHANCE!,success
1942,883,496,117,68,7956,7956.0,2.630952380952381,100,🚀 HIGH OVERTAKE CHANCE!,success
1943,881,493,123,72,8856,8016.0,2.6507936507936507,100,🚀 HIGH OVERTAKE CHANCE!,success
1944,882,493,123,72,8856,8076.0,2.6706349206349205,100,🚀 HIGH OVERTAKE CHANCE!,success
1945,879,491,129,75,9675,8190.6,2.708531746031746,100,🚀 HIGH OVERTAKE CHANCE!,success
1946,879,492,129,75,9675,8305.2,2.746428571428572,100,🚀 HIGH OVERTAKE CHANCE!,success
1947,879,493,129,75,9675,8419.8,2.7843253968253965,100,🚀 HIGH OVERTAKE CHANCE!,success
1948,879,493,129,75,9675,8534.4,2.822222222222222,100,🚀 HIGH OVERTAKE CHANCE!,success
1949,879,493,129,75,9675,8649.0,2.8601190476190474,100,🚀 HIGH OVERTAKE CHANCE!,success
1950,879,492,129,75,9675,8763.6,2.898015873015873,100,🚀 HIGH OVERTAKE CHANCE!,success
1951,879,492,129,75,9675,8878.2,2.935912698412699,100,🚀 HIGH OVERTAKE CHANCE!,success
1952,879,493,129,75,9675,8992.8,2.9738095238095235,100,🚀 HIGH OVERTAKE CHANCE!,success
1953,878,492,129,75,9675,9107.4,3.011706349206349,100,🚀 HIGH OVERTAKE CHANCE!,success
1954,878,492,129,75,9675,9222.0,3.0496031746031744,100,🚀 HIGH OVERTAKE CHANCE!,success
1955,878,492,129,75,9675,9336.6,3.0875,100,🚀 HIGH OVERTAKE CHANCE!,success
1956,876,492,129,75,9675,9451.2,3.125396825396826,100,🚀 HIGH OVERTAKE CHANCE!,success
1957,879,493,123,72,8856,9511.2,3.1452380952380956,100,🚀 HIGH OVERTAKE CHANCE!,success
1958,879,492,123,72,8856,9511.2,3.1452380952380956,100,🚀 HIGH OVERTAKE CHANCE!,success
1959,878,492,123,72,8856,9511.2,3.1452380952380956,100,🚀 HIGH OVERTAKE CHANCE!,success
1960,878,491,123,72,8856,9456.6,3.12718253968254,100,🚀 HIGH OVERTAKE CHANCE!,success
1961,880,492,117,68,7956,9342.0,3.0892857142857144,100,🚀 HIGH OVERTAKE CHANCE!,success
1962,880,492,117,68,7956,9227.4,3.051388888888889,100,🚀 HIGH OVERTAKE CHANCE!,success
1963,879,492,117,68,7956,9112.8,3.0134920634920634,100,🚀 HIGH OVERTAKE CHANCE!,success
1964,882,493,112,65,7280,8953.133333333333,2.9606922398589064,100,🚀 HIGH OVERTAKE CHANCE!,success
1965,878,492,117,68,7956,8838.533333333333,2.922795414462081,100,🚀 HIGH OVERTAKE CHANCE!,success
1966,877,492,117,68,7956,8723.933333333332,2.8848985890652554,100,🚀 HIGH OVERTAKE CHANCE!,success
1967,877,492,117,68,7956,8609.333333333334,2.8470017636684304,100,🚀 HIGH OVERTAKE CHANCE!,success
1968,876,492,117,68,7956,8494.733333333334,2.809104938271605,100,🚀 HIGH OVERTAKE CHANCE!,success
1969,875,492,117,68,7956,8380.133333333333,2.7712081128747794,100,🚀 HIGH OVERTAKE CHANCE!,success
1970,877,493,112,65,7280,8220.466666666667,2.718408289241623,100,🚀 HIGH OVERTAKE CHANCE!,success
1971,874,492,117,68,7956,8105.866666666667,2.6805114638447973,100,🚀 HIGH OVERTAKE CHANCE!,success
1972,873,492,117,68,7956,8045.866666666667,2.6606701940035276,100,🚀 HIGH OVERTAKE CHANCE!,success
1973,870,490,123,72,8856,8045.866666666667,2.6606701940035276,100,🚀 HIGH OVERTAKE CHANCE!,success
1974,869,491,123,72,8856,8045.866666666667,2.6606701940035276,100,🚀 HIGH OVERTAKE CHANCE!,success
1975,868,491,123,72,8856,8045.866666666667,2.6606701940035276,100,🚀 HIGH OVERTAKE CHANCE!,success
1976,866,491,123,72,8856,8105.866666666667,2.6805114638447973,100,🚀 HIGH OVERTAKE CHANCE!,success
1977,867,491,123,72,8856,8165.866666666667,2.700352733686067,100,🚀 HIGH OVERTAKE CHANCE!,success
1978,861,490,129,75,9675,8280.466666666667,2.7382495590828926,100,🚀 HIGH OVERTAKE CHANCE!,success
1979,861,490,129,75,9675,8440.133333333333,2.791049382716049,100,🚀 HIGH OVERTAKE CHANCE!,success
1980,861,490,129,75,9675,8554.733333333334,2.8289462081128747,100,🚀 HIGH OVERTAKE CHANCE!,success
1981,861,490,129,75,9675,8669.333333333334,2.8668430335097,100,🚀 HIGH OVERTAKE CHANCE!,success
1982,861,490,129,75,9675,8783.933333333332,2.904739858906525,100,🚀 HIGH OVERTAKE CHANCE!,success
1983,860,489,129,75,9675,8898.533333333333,2.9426366843033507,100,🚀 HIGH OVERTAKE CHANCE!,success
1984,862,491,123,72,8856,8958.533333333333,2.9624779541446205,100,🚀 HIGH OVERTAKE CHANCE!,success
1985,861,491,123,72,8856,9063.6,2.9972222222222222,100,🚀 HIGH OVERTAKE CHANCE!,success
1986,861,490,123,72,8856,9123.6,3.017063492063492,100,🚀 HIGH OVERTAKE CHANCE!,success
1987,860,490,123,72,8856,9183.6,3.036904761904762,100,🚀 HIGH OVERTAKE CHANCE!,success
1988,863,492,117,68,7956,9123.6,3.017063492063492,100,🚀 HIGH OVERTAKE CHANCE!,success
1989,859,489,123,72,8856,9123.6,3.017063492063492,100,🚀 HIGH OVERTAKE CHANCE!,success
1990,859,489,123,72,8856,9123.6,3.017063492063492,100,🚀 HIGH OVERTAKE CHANCE!,success
1991,859,488,123,72,8856,9123.6,3.017063492063492,100,🚀 HIGH OVERTAKE CHANCE!,success
1992,859,487,123,72,8856,9123.6,3.017063492063492,100,🚀 HIGH OVERTAKE CHANCE!,success
