frame,x,y,width,height,box_area,smoothed_area,area_ratio,speed,max_approach_speed,approach_duration,status,is_approaching,overtake_chance,overtake_status,tracking
1,885,492,70,48,3360,3360.0,1.0,0,0,0,➡️ STEADY,False,13,👀 WATCHING FOR OVERTAKE,success
2,885,492,70,48,3360,3360.0,1.0,0,0,0,➡️ STEADY,False,13,👀 WATCHING FOR OVERTAKE,success
3,886,492,70,48,3360,3360.0,1.0,0,0,0,➡️ STEADY,False,13,👀 WATCHING FOR OVERTAKE,success
4,887,492,70,48,3360,3360.0,1.0,0,0,0,➡️ STEADY,False,13,👀 WATCHING FOR OVERTAKE,success
5,887,492,70,48,3360,3360.0,1.0,0,0,0,➡️ STEADY,False,13,👀 WATCHING FOR OVERTAKE,success
6,887,493,70,48,3360,3360.0,1.0,0,0,0,➡️ STEADY,False,13,👀 WATCHING FOR OVERTAKE,success
7,887,493,70,48,3360,3360.0,1.0,0,0,0,➡️ STEADY,False,13,👀 WATCHING FOR OVERTAKE,success
8,885,492,74,50,3700,3700.0,1.1011904761904763,340,340,0,📈 APPROACHING,True,48,⚡ MEDIUM OVERTAKE CHANCE,success
9,887,493,70,48,3360,3360.0,1.0,0,340,0,➡️ STEADY,True,48,⚡ MEDIUM OVERTAKE CHANCE,success
10,887,493,70,48,3360,3394.0,1.0101190476190476,0,340,0,➡️ STEADY,True,48,⚡ MEDIUM OVERTAKE CHANCE,success
11,887,493,70,48,3360,3394.0,1.0101190476190476,0,340,0,➡️ STEADY,True,48,⚡ MEDIUM OVERTAKE CHANCE,success
12,887,493,70,48,3360,3394.0,1.0101190476190476,0,340,0,➡️ STEADY,True,48,⚡ MEDIUM OVERTAKE CHANCE,success
13,888,494,67,46,3082,3366.2,1.001845238095238,-618,0,0,📉 MOVING AWAY,False,13,👀 WATCHING FOR OVERTAKE,success
14,888,493,67,46,3082,3338.4,0.9935714285714285,-278,0,0,📉 MOVING AWAY,False,13,👀 WATCHING FOR OVERTAKE,success
15,888,493,67,46,3082,3310.6,0.985297619047619,-278,0,0,📉 MOVING AWAY,False,13,👀 WATCHING FOR OVERTAKE,success
16,889,494,63,44,2772,3251.8,0.9677976190476191,-588,0,0,📉 MOVING AWAY,False,13,👀 WATCHING FOR OVERTAKE,success
17,886,492,70,48,3360,3251.8,0.9677976190476191,0,0,0,➡️ STEADY,False,13,👀 WATCHING FOR OVERTAKE,success
18,886,493,70,48,3360,3217.8,0.9576785714285715,278,278,0,📈 APPROACHING,True,48,⚡ MEDIUM OVERTAKE CHANCE,success
19,886,493,70,48,3360,3217.8,0.9576785714285715,278,278,1,📈 APPROACHING,True,48,⚡ MEDIUM OVERTAKE CHANCE,success
20,887,495,67,46,3082,3190.0,0.9494047619047619,0,278,1,➡️ STEADY,True,48,⚡ MEDIUM OVERTAKE CHANCE,success
21,885,493,70,48,3360,3190.0,0.9494047619047619,588,588,3,📈 APPROACHING,True,48,⚡ MEDIUM OVERTAKE CHANCE,success
22,885,493,70,48,3360,3190.0,0.9494047619047619,0,588,3,➡️ STEADY,True,48,⚡ MEDIUM OVERTAKE CHANCE,success
23,884,492,70,48,3360,3217.8,0.9576785714285715,0,588,3,➡️ STEADY,True,48,⚡ MEDIUM OVERTAKE CHANCE,success
24,883,492,70,48,3360,3245.6,0.9659523809523809,0,588,3,➡️ STEADY,True,48,⚡ MEDIUM OVERTAKE CHANCE,success
25,882,492,70,48,3360,3273.4,0.9742261904761905,278,588,7,📈 APPROACHING,True,48,⚡ MEDIUM OVERTAKE CHANCE,success
26,880,492,70,48,3360,3332.2,0.9917261904761904,0,588,7,➡️ STEADY,True,48,⚡ MEDIUM OVERTAKE CHANCE,success
27,880,492,70,48,3360,3332.2,0.9917261904761904,0,588,7,➡️ STEADY,True,48,⚡ MEDIUM OVERTAKE CHANCE,success
28,880,494,67,46,3082,3304.4,0.983452380952381,-278,0,0,📉 MOVING AWAY,False,13,👀 WATCHING FOR OVERTAKE,success
29,880,495,67,46,3082,3276.6,0.9751785714285715,-278,0,0,📉 MOVING AWAY,False,13,👀 WATCHING FOR OVERTAKE,success
30,878,494,70,48,3360,3304.4,0.983452380952381,0,0,0,➡️ STEADY,False,13,👀 WATCHING FOR OVERTAKE,success
31,876,493,70,48,3360,3304.4,0.983452380952381,0,0,0,➡️ STEADY,False,13,👀 WATCHING FOR OVERTAKE,success
32,877,492,67,46,3082,3276.6,0.9751785714285715,-278,0,0,📉 MOVING AWAY,False,13,👀 WATCHING FOR OVERTAKE,success
33,875,491,70,48,3360,3276.6,0.9751785714285715,278,278,0,📈 APPROACHING,True,48,⚡ MEDIUM OVERTAKE CHANCE,success
34,873,488,70,48,3360,3276.6,0.9751785714285715,278,278,1,📈 APPROACHING,True,48,⚡ MEDIUM OVERTAKE CHANCE,success
35,872,488,70,48,3360,3276.6,0.9751785714285715,0,278,1,➡️ STEADY,True,48,⚡ MEDIUM OVERTAKE CHANCE,success
36,870,485,70,48,3360,3276.6,0.9751785714285715,0,278,1,➡️ STEADY,True,48,⚡ MEDIUM OVERTAKE CHANCE,success
37,870,487,67,46,3082,3248.8,0.9669047619047619,0,278,1,➡️ STEADY,True,48,⚡ MEDIUM OVERTAKE CHANCE,success
38,865,487,70,48,3360,3276.6,0.9751785714285715,0,278,1,➡️ STEADY,True,48,⚡ MEDIUM OVERTAKE CHANCE,success
39,864,487,70,48,3360,3304.4,0.983452380952381,0,278,1,➡️ STEADY,True,48,⚡ MEDIUM OVERTAKE CHANCE,success
40,863,487,70,48,3360,3304.4,0.983452380952381,0,278,1,➡️ STEADY,True,48,⚡ MEDIUM OVERTAKE CHANCE,success
41,861,490,67,46,3082,3276.6,0.9751785714285715,-278,0,0,📉 MOVING AWAY,False,13,👀 WATCHING FOR OVERTAKE,success
42,859,489,70,48,3360,3304.4,0.983452380952381,278,278,0,📈 APPROACHING,True,48,⚡ MEDIUM OVERTAKE CHANCE,success
43,856,490,70,48,3360,3304.4,0.983452380952381,0,278,0,➡️ STEADY,True,48,⚡ MEDIUM OVERTAKE CHANCE,success
44,854,490,70,48,3360,3304.4,0.983452380952381,0,278,0,➡️ STEADY,True,48,⚡ MEDIUM OVERTAKE CHANCE,success
45,853,490,70,48,3360,3304.4,0.983452380952381,0,278,0,➡️ STEADY,True,48,⚡ MEDIUM OVERTAKE CHANCE,success
46,850,490,70,48,3360,3304.4,0.983452380952381,278,278,4,📈 APPROACHING,True,48,⚡ MEDIUM OVERTAKE CHANCE,success
47,849,490,70,48,3360,3332.2,0.9917261904761904,0,278,4,➡️ STEADY,True,48,⚡ MEDIUM OVERTAKE CHANCE,success
48,846,490,70,48,3360,3332.2,0.9917261904761904,0,278,4,➡️ STEADY,True,48,⚡ MEDIUM OVERTAKE CHANCE,success
49,845,490,70,48,3360,3332.2,0.9917261904761904,0,278,4,➡️ STEADY,True,48,⚡ MEDIUM OVERTAKE CHANCE,success
50,846,492,67,46,3082,3304.4,0.983452380952381,-278,0,0,📉 MOVING AWAY,False,13,👀 WATCHING FOR OVERTAKE,success
51,843,492,70,48,3360,3332.2,0.9917261904761904,0,0,0,➡️ STEADY,False,13,👀 WATCHING FOR OVERTAKE,success
52,843,493,67,46,3082,3304.4,0.983452380952381,-278,0,0,📉 MOVING AWAY,False,13,👀 WATCHING FOR OVERTAKE,success
53,842,494,67,46,3082,3276.6,0.9751785714285715,-278,0,0,📉 MOVING AWAY,False,13,👀 WATCHING FOR OVERTAKE,success
54,842,493,70,48,3360,3276.6,0.9751785714285715,0,0,0,➡️ STEADY,False,13,👀 WATCHING FOR OVERTAKE,success
55,841,493,70,48,3360,3276.6,0.9751785714285715,278,278,0,📈 APPROACHING,True,48,⚡ MEDIUM OVERTAKE CHANCE,success
56,841,491,70,48,3360,3276.6,0.9751785714285715,0,278,0,➡️ STEADY,True,48,⚡ MEDIUM OVERTAKE CHANCE,success
57,841,491,70,48,3360,3276.6,0.9751785714285715,278,278,2,📈 APPROACHING,True,48,⚡ MEDIUM OVERTAKE CHANCE,success
58,841,490,70,48,3360,3276.6,0.9751785714285715,278,278,3,📈 APPROACHING,True,48,⚡ MEDIUM OVERTAKE CHANCE,success
59,842,491,70,48,3360,3276.6,0.9751785714285715,0,278,3,➡️ STEADY,True,48,⚡ MEDIUM OVERTAKE CHANCE,success
60,841,491,70,48,3360,3304.4,0.983452380952381,0,278,3,➡️ STEADY,True,48,⚡ MEDIUM OVERTAKE CHANCE,success
61,839,491,70,48,3360,3304.4,0.983452380952381,0,278,3,➡️ STEADY,True,48,⚡ MEDIUM OVERTAKE CHANCE,success
62,838,491,70,48,3360,3332.2,0.9917261904761904,0,278,3,➡️ STEADY,True,48,⚡ MEDIUM OVERTAKE CHANCE,success
63,835,491,70,48,3360,3360.0,1.0,0,278,3,➡️ STEADY,True,48,⚡ MEDIUM OVERTAKE CHANCE,success
64,833,491,70,48,3360,3360.0,1.0,0,278,3,➡️ STEADY,True,48,⚡ MEDIUM OVERTAKE CHANCE,success
65,832,491,70,48,3360,3360.0,1.0,0,278,3,➡️ STEADY,True,48,⚡ MEDIUM OVERTAKE CHANCE,success
66,830,491,70,48,3360,3360.0,1.0,0,278,3,➡️ STEADY,True,48,⚡ MEDIUM OVERTAKE CHANCE,success
67,828,491,70,48,3360,3360.0,1.0,0,278,3,➡️ STEADY,True,48,⚡ MEDIUM OVERTAKE CHANCE,success
68,827,490,70,48,3360,3360.0,1.0,0,278,3,➡️ STEADY,True,48,⚡ MEDIUM OVERTAKE CHANCE,success
69,826,489,70,48,3360,3360.0,1.0,0,278,3,➡️ STEADY,True,48,⚡ MEDIUM OVERTAKE CHANCE,success
70,826,489,70,48,3360,3360.0,1.0,0,278,3,➡️ STEADY,True,48,⚡ MEDIUM OVERTAKE CHANCE,success
71,826,489,70,48,3360,3360.0,1.0,0,278,3,➡️ STEADY,True,48,⚡ MEDIUM OVERTAKE CHANCE,success
72,826,489,70,48,3360,3360.0,1.0,0,278,3,➡️ STEADY,True,48,⚡ MEDIUM OVERTAKE CHANCE,success
73,827,488,73,50,3650,3389.0,1.0086309523809525,290,290,18,📈 APPROACHING,True,48,⚡ MEDIUM OVERTAKE CHANCE,success
74,829,490,70,48,3360,3389.0,1.0086309523809525,0,290,18,➡️ STEADY,True,48,⚡ MEDIUM OVERTAKE CHANCE,success
75,830,490,70,48,3360,3389.0,1.0086309523809525,0,290,18,➡️ STEADY,True,48,⚡ MEDIUM OVERTAKE CHANCE,success
76,833,490,70,48,3360,3389.0,1.0086309523809525,0,290,18,➡️ STEADY,True,48,⚡ MEDIUM OVERTAKE CHANCE,success
77,834,490,70,48,3360,3389.0,1.0086309523809525,0,290,18,➡️ STEADY,True,48,⚡ MEDIUM OVERTAKE CHANCE,success
78,837,489,70,48,3360,3389.0,1.0086309523809525,-290,0,0,📉 MOVING AWAY,False,13,👀 WATCHING FOR OVERTAKE,success
79,837,489,70,48,3360,3389.0,1.0086309523809525,0,0,0,➡️ STEADY,False,13,👀 WATCHING FOR OVERTAKE,success
80,839,489,70,48,3360,3389.0,1.0086309523809525,0,0,0,➡️ STEADY,False,13,👀 WATCHING FOR OVERTAKE,success
81,840,489,70,48,3360,3389.0,1.0086309523809525,0,0,0,➡️ STEADY,False,13,👀 WATCHING FOR OVERTAKE,success
82,840,489,70,48,3360,3389.0,1.0086309523809525,0,0,0,➡️ STEADY,False,13,👀 WATCHING FOR OVERTAKE,success
83,840,490,70,48,3360,3360.0,1.0,0,0,0,➡️ STEADY,False,13,👀 WATCHING FOR OVERTAKE,success
84,840,490,70,48,3360,3360.0,1.0,0,0,0,➡️ STEADY,False,13,👀 WATCHING FOR OVERTAKE,success
85,840,490,70,48,3360,3360.0,1.0,0,0,0,➡️ STEADY,False,13,👀 WATCHING FOR OVERTAKE,success
86,840,491,70,48,3360,3360.0,1.0,0,0,0,➡️ STEADY,False,13,👀 WATCHING FOR OVERTAKE,success
87,840,491,70,48,3360,3360.0,1.0,0,0,0,➡️ STEADY,False,13,👀 WATCHING FOR OVERTAKE,success
88,838,490,73,50,3650,3389.0,1.0086309523809525,290,290,0,📈 APPROACHING,True,48,⚡ MEDIUM OVERTAKE CHANCE,success
89,839,490,73,50,3650,3418.0,1.0172619047619047,290,290,1,📈 APPROACHING,True,48,⚡ MEDIUM OVERTAKE CHANCE,success
90,840,491,73,50,3650,3447.0,1.0258928571428572,290,290,2,📈 APPROACHING,True,48,⚡ MEDIUM OVERTAKE CHANCE,success
91,842,491,73,50,3650,3476.0,1.0345238095238096,290,290,3,📈 APPROACHING,True,48,⚡ MEDIUM OVERTAKE CHANCE,success
92,844,490,73,50,3650,3505.0,1.0431547619047619,290,290,4,📈 APPROACHING,True,58,⚡ MEDIUM OVERTAKE CHANCE,success
93,846,490,73,50,3650,3534.0,1.0517857142857143,0,290,4,➡️ STEADY,True,58,⚡ MEDIUM OVERTAKE CHANCE,success
94,846,490,73,50,3650,3563.0,1.0604166666666666,0,290,4,➡️ STEADY,True,58,⚡ MEDIUM OVERTAKE CHANCE,success
95,847,491,73,50,3650,3592.0,1.069047619047619,0,290,4,➡️ STEADY,True,58,⚡ MEDIUM OVERTAKE CHANCE,success
96,848,492,73,50,3650,3621.0,1.0776785714285715,0,290,4,➡️ STEADY,True,58,⚡ MEDIUM OVERTAKE CHANCE,success
97,849,492,73,50,3650,3650.0,1.0863095238095237,0,290,4,➡️ STEADY,True,58,⚡ MEDIUM OVERTAKE CHANCE,success
98,854,494,70,48,3360,3621.0,1.0776785714285715,-290,0,0,📉 MOVING AWAY,False,13,👀 WATCHING FOR OVERTAKE,success
99,854,494,70,48,3360,3592.0,1.069047619047619,-290,0,0,📉 MOVING AWAY,False,13,👀 WATCHING FOR OVERTAKE,success
100,853,492,73,50,3650,3592.0,1.069047619047619,0,0,0,➡️ STEADY,False,13,👀 WATCHING FOR OVERTAKE,success
101,854,492,73,50,3650,3592.0,1.069047619047619,0,0,0,➡️ STEADY,False,13,👀 WATCHING FOR OVERTAKE,success
102,855,492,73,50,3650,3592.0,1.069047619047619,0,0,0,➡️ STEADY,False,13,👀 WATCHING FOR OVERTAKE,success
103,856,492,73,50,3650,3592.0,1.069047619047619,290,290,0,📈 APPROACHING,True,48,⚡ MEDIUM OVERTAKE CHANCE,success
104,858,494,70,48,3360,3563.0,1.0604166666666666,0,290,0,➡️ STEADY,True,48,⚡ MEDIUM OVERTAKE CHANCE,success
105,858,495,70,48,3360,3534.0,1.0517857142857143,-290,0,0,📉 MOVING AWAY,False,13,👀 WATCHING FOR OVERTAKE,success
106,858,496,70,48,3360,3505.0,1.0431547619047619,-290,0,0,📉 MOVING AWAY,False,13,👀 WATCHING FOR OVERTAKE,success
107,859,497,70,48,3360,3476.0,1.0345238095238096,-290,0,0,📉 MOVING AWAY,False,13,👀 WATCHING FOR OVERTAKE,success
108,860,496,70,48,3360,3476.0,1.0345238095238096,-290,0,0,📉 MOVING AWAY,False,13,👀 WATCHING FOR OVERTAKE,success
109,861,496,70,48,3360,3476.0,1.0345238095238096,0,0,0,➡️ STEADY,False,13,👀 WATCHING FOR OVERTAKE,success
110,862,496,70,48,3360,3447.0,1.0258928571428572,0,0,0,➡️ STEADY,False,13,👀 WATCHING FOR OVERTAKE,success
111,864,495,70,48,3360,3418.0,1.0172619047619047,0,0,0,➡️ STEADY,False,13,👀 WATCHING FOR OVERTAKE,success
112,864,495,70,48,3360,3389.0,1.0086309523809525,0,0,0,➡️ STEADY,False,13,👀 WATCHING FOR OVERTAKE,success
113,865,493,70,48,3360,3360.0,1.0,0,0,0,➡️ STEADY,False,13,👀 WATCHING FOR OVERTAKE,success
114,866,493,70,48,3360,3360.0,1.0,0,0,0,➡️ STEADY,False,13,👀 WATCHING FOR OVERTAKE,success
115,866,493,70,48,3360,3360.0,1.0,0,0,0,➡️ STEADY,False,13,👀 WATCHING FOR OVERTAKE,success
116,868,493,70,48,3360,3360.0,1.0,0,0,0,➡️ STEADY,False,13,👀 WATCHING FOR OVERTAKE,success
117,868,493,70,48,3360,3360.0,1.0,0,0,0,➡️ STEADY,False,13,👀 WATCHING FOR OVERTAKE,success
118,868,493,70,48,3360,3360.0,1.0,0,0,0,➡️ STEADY,False,13,👀 WATCHING FOR OVERTAKE,success
119,868,492,70,48,3360,3360.0,1.0,0,0,0,➡️ STEADY,False,13,👀 WATCHING FOR OVERTAKE,success
120,868,492,70,48,3360,3360.0,1.0,0,0,0,➡️ STEADY,False,13,👀 WATCHING FOR OVERTAKE,success
121,868,492,70,48,3360,3360.0,1.0,0,0,0,➡️ STEADY,False,13,👀 WATCHING FOR OVERTAKE,success
122,867,492,70,48,3360,3360.0,1.0,0,0,0,➡️ STEADY,False,13,👀 WATCHING FOR OVERTAKE,success
123,866,492,70,48,3360,3360.0,1.0,0,0,0,➡️ STEADY,False,13,👀 WATCHING FOR OVERTAKE,success
124,865,492,70,48,3360,3360.0,1.0,0,0,0,➡️ STEADY,False,13,👀 WATCHING FOR OVERTAKE,success
125,864,492,70,48,3360,3360.0,1.0,0,0,0,➡️ STEADY,False,13,👀 WATCHING FOR OVERTAKE,success
126,863,492,70,48,3360,3360.0,1.0,0,0,0,➡️ STEADY,False,13,👀 WATCHING FOR OVERTAKE,success
127,863,492,70,48,3360,3360.0,1.0,0,0,0,➡️ STEADY,False,13,👀 WATCHING FOR OVERTAKE,success
128,860,492,70,48,3360,3360.0,1.0,0,0,0,➡️ STEADY,False,13,👀 WATCHING FOR OVERTAKE,success
129,860,492,70,48,3360,3360.0,1.0,0,0,0,➡️ STEADY,False,13,👀 WATCHING FOR OVERTAKE,success
130,859,492,70,48,3360,3360.0,1.0,0,0,0,➡️ STEADY,False,13,👀 WATCHING FOR OVERTAKE,success
131,857,492,70,48,3360,3360.0,1.0,0,0,0,➡️ STEADY,False,13,👀 WATCHING FOR OVERTAKE,success
132,855,493,70,48,3360,3360.0,1.0,0,0,0,➡️ STEADY,False,13,👀 WATCHING FOR OVERTAKE,success
133,853,493,70,48,3360,3360.0,1.0,0,0,0,➡️ STEADY,False,13,👀 WATCHING FOR OVERTAKE,success
134,853,493,70,48,3360,3360.0,1.0,0,0,0,➡️ STEADY,False,13,👀 WATCHING FOR OVERTAKE,success
135,852,493,70,48,3360,3360.0,1.0,0,0,0,➡️ STEADY,False,13,👀 WATCHING FOR OVERTAKE,success
136,851,494,70,48,3360,3360.0,1.0,0,0,0,➡️ STEADY,False,13,👀 WATCHING FOR OVERTAKE,success
137,849,493,70,48,3360,3360.0,1.0,0,0,0,➡️ STEADY,False,13,👀 WATCHING FOR OVERTAKE,success
138,846,492,73,50,3650,3389.0,1.0086309523809525,290,290,0,📈 APPROACHING,True,48,⚡ MEDIUM OVERTAKE CHANCE,success
139,846,492,73,50,3650,3418.0,1.0172619047619047,290,290,1,📈 APPROACHING,True,48,⚡ MEDIUM OVERTAKE CHANCE,success
140,846,492,73,50,3650,3447.0,1.0258928571428572,290,290,2,📈 APPROACHING,True,48,⚡ MEDIUM OVERTAKE CHANCE,success
141,845,492,73,50,3650,3476.0,1.0345238095238096,290,290,3,📈 APPROACHING,True,48,⚡ MEDIUM OVERTAKE CHANCE,success
142,844,492,73,50,3650,3505.0,1.0431547619047619,290,290,4,📈 APPROACHING,True,58,⚡ MEDIUM OVERTAKE CHANCE,success
143,843,491,73,50,3650,3534.0,1.0517857142857143,0,290,4,➡️ STEADY,True,58,⚡ MEDIUM OVERTAKE CHANCE,success
144,842,491,73,50,3650,3563.0,1.0604166666666666,0,290,4,➡️ STEADY,True,58,⚡ MEDIUM OVERTAKE CHANCE,success
145,842,490,73,50,3650,3592.0,1.069047619047619,0,290,4,➡️ STEADY,True,58,⚡ MEDIUM OVERTAKE CHANCE,success
146,840,488,77,53,4081,3664.1,1.0905059523809524,431,431,8,📈 APPROACHING,True,58,⚡ MEDIUM OVERTAKE CHANCE,success
147,841,488,77,53,4081,3736.2,1.1119642857142857,431,431,9,📈 APPROACHING,True,58,⚡ MEDIUM OVERTAKE CHANCE,success
148,841,486,73,50,3650,3736.2,1.1119642857142857,0,431,9,➡️ STEADY,True,58,⚡ MEDIUM OVERTAKE CHANCE,success
149,840,485,73,50,3650,3736.2,1.1119642857142857,0,431,9,➡️ STEADY,True,58,⚡ MEDIUM OVERTAKE CHANCE,success
150,840,485,73,50,3650,3736.2,1.1119642857142857,0,431,9,➡️ STEADY,True,58,⚡ MEDIUM OVERTAKE CHANCE,success
151,840,482,73,50,3650,3736.2,1.1119642857142857,-431,0,0,📉 MOVING AWAY,False,13,👀 WATCHING FOR OVERTAKE,success
152,840,481,73,50,3650,3736.2,1.1119642857142857,-431,0,0,📉 MOVING AWAY,False,13,👀 WATCHING FOR OVERTAKE,success
153,839,479,73,50,3650,3736.2,1.1119642857142857,0,0,0,➡️ STEADY,False,13,👀 WATCHING FOR OVERTAKE,success
154,840,479,73,50,3650,3736.2,1.1119642857142857,0,0,0,➡️ STEADY,False,13,👀 WATCHING FOR OVERTAKE,success
155,840,478,73,50,3650,3736.2,1.1119642857142857,0,0,0,➡️ STEADY,False,13,👀 WATCHING FOR OVERTAKE,success
156,840,477,73,50,3650,3693.1,1.0991369047619048,0,0,0,➡️ STEADY,False,13,👀 WATCHING FOR OVERTAKE,success
157,838,476,77,53,4081,3693.1,1.0991369047619048,431,431,0,📈 APPROACHING,True,48,⚡ MEDIUM OVERTAKE CHANCE,success
158,838,475,77,53,4081,3736.2,1.1119642857142857,431,431,1,📈 APPROACHING,True,48,⚡ MEDIUM OVERTAKE CHANCE,success
159,838,475,77,53,4081,3779.3,1.1247916666666666,431,431,2,📈 APPROACHING,True,48,⚡ MEDIUM OVERTAKE CHANCE,success
160,838,474,77,53,4081,3822.4,1.1376190476190478,431,431,3,📈 APPROACHING,True,48,⚡ MEDIUM OVERTAKE CHANCE,success
161,838,474,77,53,4081,3865.5,1.1504464285714286,431,431,4,📈 APPROACHING,True,58,⚡ MEDIUM OVERTAKE CHANCE,success
162,838,472,77,53,4081,3908.6,1.1632738095238095,0,431,4,➡️ STEADY,True,58,⚡ MEDIUM OVERTAKE CHANCE,success
163,839,472,77,53,4081,3951.7,1.1761011904761904,0,431,4,➡️ STEADY,True,58,⚡ MEDIUM OVERTAKE CHANCE,success
164,839,470,77,53,4081,3994.8,1.1889285714285716,0,431,4,➡️ STEADY,True,58,⚡ MEDIUM OVERTAKE CHANCE,success
165,837,469,81,56,4536,4083.4,1.215297619047619,455,455,8,📈 APPROACHING,True,59,⚡ MEDIUM OVERTAKE CHANCE,success
166,837,468,85,58,4930,4211.4,1.253392857142857,849,849,9,📈 APPROACHING,True,60,⚡ MEDIUM OVERTAKE CHANCE,success
167,837,468,85,58,4930,4296.3,1.2786607142857143,849,849,10,📈 APPROACHING,True,61,⚡ MEDIUM OVERTAKE CHANCE,success
168,837,469,85,58,4930,4381.2,1.3039285714285713,849,849,11,📈 APPROACHING,True,62,⚡ MEDIUM OVERTAKE CHANCE,success
169,837,469,85,58,4930,4466.1,1.3291964285714286,849,849,12,📈 APPROACHING,True,63,⚡ MEDIUM OVERTAKE CHANCE,success
170,838,469,85,58,4930,4551.0,1.3544642857142857,394,849,13,📈 APPROACHING,True,64,⚡ MEDIUM OVERTAKE CHANCE,success
171,838,469,85,58,4930,4635.9,1.3797321428571427,0,849,13,➡️ STEADY,True,65,⚡ MEDIUM OVERTAKE CHANCE,success
172,838,469,85,58,4930,4720.8,1.405,0,849,13,➡️ STEADY,True,66,⚡ MEDIUM OVERTAKE CHANCE,success
173,840,469,85,58,4930,4805.7,1.430267857142857,0,849,13,➡️ STEADY,True,67,⚡ MEDIUM OVERTAKE CHANCE,success
174,840,469,85,58,4930,4890.6,1.4555357142857144,0,849,13,➡️ STEADY,True,68,⚡ MEDIUM OVERTAKE CHANCE,success
175,840,469,85,58,4930,4930.0,1.4672619047619047,0,849,13,➡️ STEADY,True,68,⚡ MEDIUM OVERTAKE CHANCE,success
176,842,469,85,58,4930,4930.0,1.4672619047619047,0,849,13,➡️ STEADY,True,68,⚡ MEDIUM OVERTAKE CHANCE,success
177,842,470,85,58,4930,4930.0,1.4672619047619047,0,849,13,➡️ STEADY,True,68,⚡ MEDIUM OVERTAKE CHANCE,success
178,843,471,85,58,4930,4930.0,1.4672619047619047,0,849,13,➡️ STEADY,True,68,⚡ MEDIUM OVERTAKE CHANCE,success
179,843,470,85,58,4930,4930.0,1.4672619047619047,0,849,13,➡️ STEADY,True,68,⚡ MEDIUM OVERTAKE CHANCE,success
180,844,470,85,58,4930,4930.0,1.4672619047619047,0,849,13,➡️ STEADY,True,68,⚡ MEDIUM OVERTAKE CHANCE,success
181,844,470,85,58,4930,4930.0,1.4672619047619047,0,849,13,➡️ STEADY,True,68,⚡ MEDIUM OVERTAKE CHANCE,success
182,845,469,85,58,4930,4930.0,1.4672619047619047,0,849,13,➡️ STEADY,True,68,⚡ MEDIUM OVERTAKE CHANCE,success
183,844,469,85,58,4930,4930.0,1.4672619047619047,0,849,13,➡️ STEADY,True,68,⚡ MEDIUM OVERTAKE CHANCE,success
184,843,468,89,61,5429,4979.9,1.4821130952380952,499,849,27,📈 APPROACHING,True,68,⚡ MEDIUM OVERTAKE CHANCE,success
185,843,468,89,61,5429,5029.8,1.4969642857142857,499,849,28,📈 APPROACHING,True,68,⚡ MEDIUM OVERTAKE CHANCE,success
186,843,465,89,61,5429,5079.7,1.511815476190476,499,849,29,📈 APPROACHING,True,63,⚡ MEDIUM OVERTAKE CHANCE,success
187,844,465,89,61,5429,5129.6,1.5266666666666668,499,849,30,📈 APPROACHING,True,64,⚡ MEDIUM OVERTAKE CHANCE,success
188,842,463,94,64,6016,5238.2,1.5589880952380952,1086,1086,31,📈 APPROACHING,True,66,⚡ MEDIUM OVERTAKE CHANCE,success
189,843,463,94,64,6016,5346.8,1.5913095238095238,587,1086,32,📈 APPROACHING,True,67,⚡ MEDIUM OVERTAKE CHANCE,success
190,843,465,94,64,6016,5455.4,1.6236309523809522,587,1086,33,📈 APPROACHING,True,69,⚡ MEDIUM OVERTAKE CHANCE,success
191,843,466,94,64,6016,5564.0,1.6559523809523808,587,1086,34,📈 APPROACHING,True,71,🚀 HIGH OVERTAKE CHANCE!,success
192,844,467,94,64,6016,5672.6,1.6882738095238097,587,1086,35,📈 APPROACHING,True,72,🚀 HIGH OVERTAKE CHANCE!,success
193,842,466,98,68,6664,5846.0,1.7398809523809524,648,1086,36,📈 APPROACHING,True,75,🚀 HIGH OVERTAKE CHANCE!,success
194,843,467,98,68,6664,5969.5,1.7766369047619048,648,1086,37,📈 APPROACHING,True,77,🚀 HIGH OVERTAKE CHANCE!,success
195,844,467,98,68,6664,6093.0,1.8133928571428573,648,1086,38,📈 APPROACHING,True,79,🚀 HIGH OVERTAKE CHANCE!,success
196,844,466,98,68,6664,6216.5,1.8501488095238094,648,1086,39,📈 APPROACHING,True,81,🚀 HIGH OVERTAKE CHANCE!,success
197,846,466,98,68,6664,6340.0,1.8869047619047619,648,1086,40,📈 APPROACHING,True,83,🚀 HIGH OVERTAKE CHANCE!,success
198,844,465,103,71,7313,6469.7,1.9255059523809523,649,1086,41,📈 APPROACHING,True,85,🚀 HIGH OVERTAKE CHANCE!,success
199,846,465,103,71,7313,6599.4,1.9641071428571428,649,1086,42,📈 APPROACHING,True,87,🚀 HIGH OVERTAKE CHANCE!,success
200,847,464,103,71,7313,6729.1,2.0027083333333335,649,1086,43,📈 APPROACHING,True,89,🚀 HIGH OVERTAKE CHANCE!,success
201,847,465,103,71,7313,6858.8,2.041309523809524,649,1086,44,📈 APPROACHING,True,91,🚀 HIGH OVERTAKE CHANCE!,success
202,847,464,103,71,7313,6988.5,2.0799107142857145,649,1086,45,📈 APPROACHING,True,93,🚀 HIGH OVERTAKE CHANCE!,success
203,848,465,103,71,7313,7053.4,2.09922619047619,0,1086,45,➡️ STEADY,True,94,🚀 HIGH OVERTAKE CHANCE!,success
204,849,465,103,71,7313,7118.3,2.1185416666666668,0,1086,45,➡️ STEADY,True,95,🚀 HIGH OVERTAKE CHANCE!,success
205,849,465,103,71,7313,7183.2,2.137857142857143,0,1086,45,➡️ STEADY,True,96,🚀 HIGH OVERTAKE CHANCE!,success
206,850,467,103,71,7313,7248.1,2.157172619047619,0,1086,45,➡️ STEADY,True,97,🚀 HIGH OVERTAKE CHANCE!,success
207,850,467,103,71,7313,7313.0,2.176488095238095,0,1086,45,➡️ STEADY,True,98,🚀 HIGH OVERTAKE CHANCE!,success
208,851,467,103,71,7313,7313.0,2.176488095238095,0,1086,45,➡️ STEADY,True,98,🚀 HIGH OVERTAKE CHANCE!,success
209,852,467,103,71,7313,7313.0,2.176488095238095,0,1086,45,➡️ STEADY,True,98,🚀 HIGH OVERTAKE CHANCE!,success
210,852,468,103,71,7313,7313.0,2.176488095238095,0,1086,45,➡️ STEADY,True,98,🚀 HIGH OVERTAKE CHANCE!,success
211,853,467,103,71,7313,7313.0,2.176488095238095,0,1086,45,➡️ STEADY,True,98,🚀 HIGH OVERTAKE CHANCE!,success
212,854,467,103,71,7313,7313.0,2.176488095238095,0,1086,45,➡️ STEADY,True,98,🚀 HIGH OVERTAKE CHANCE!,success
213,854,466,103,71,7313,7313.0,2.176488095238095,0,1086,45,➡️ STEADY,True,98,🚀 HIGH OVERTAKE CHANCE!,success
214,855,466,103,71,7313,7313.0,2.176488095238095,0,1086,45,➡️ STEADY,True,98,🚀 HIGH OVERTAKE CHANCE!,success
215,855,465,103,71,7313,7313.0,2.176488095238095,0,1086,45,➡️ STEADY,True,98,🚀 HIGH OVERTAKE CHANCE!,success
216,856,466,103,71,7313,7313.0,2.176488095238095,0,1086,45,➡️ STEADY,True,98,🚀 HIGH OVERTAKE CHANCE!,success
217,855,466,103,71,7313,7313.0,2.176488095238095,0,1086,45,➡️ STEADY,True,98,🚀 HIGH OVERTAKE CHANCE!,success
218,855,467,103,71,7313,7313.0,2.176488095238095,0,1086,45,➡️ STEADY,True,98,🚀 HIGH OVERTAKE CHANCE!,success
219,856,467,103,71,7313,7313.0,2.176488095238095,0,1086,45,➡️ STEADY,True,98,🚀 HIGH OVERTAKE CHANCE!,success
220,855,469,103,71,7313,7313.0,2.176488095238095,0,1086,45,➡️ STEADY,True,98,🚀 HIGH OVERTAKE CHANCE!,success
221,854,469,103,71,7313,7313.0,2.176488095238095,0,1086,45,➡️ STEADY,True,98,🚀 HIGH OVERTAKE CHANCE!,success
222,854,470,103,71,7313,7313.0,2.176488095238095,0,1086,45,➡️ STEADY,True,98,🚀 HIGH OVERTAKE CHANCE!,success
223,853,470,103,71,7313,7313.0,2.176488095238095,0,1086,45,➡️ STEADY,True,98,🚀 HIGH OVERTAKE CHANCE!,success
224,852,471,103,71,7313,7313.0,2.176488095238095,0,1086,45,➡️ STEADY,True,98,🚀 HIGH OVERTAKE CHANCE!,success
225,851,471,103,71,7313,7313.0,2.176488095238095,0,1086,45,➡️ STEADY,True,98,🚀 HIGH OVERTAKE CHANCE!,success
226,850,471,103,71,7313,7313.0,2.176488095238095,0,1086,45,➡️ STEADY,True,98,🚀 HIGH OVERTAKE CHANCE!,success
227,848,470,103,71,7313,7313.0,2.176488095238095,0,1086,45,➡️ STEADY,True,98,🚀 HIGH OVERTAKE CHANCE!,success
228,847,470,103,71,7313,7313.0,2.176488095238095,0,1086,45,➡️ STEADY,True,98,🚀 HIGH OVERTAKE CHANCE!,success
229,845,470,103,71,7313,7313.0,2.176488095238095,0,1086,45,➡️ STEADY,True,98,🚀 HIGH OVERTAKE CHANCE!,success
230,845,470,103,71,7313,7313.0,2.176488095238095,0,1086,45,➡️ STEADY,True,98,🚀 HIGH OVERTAKE CHANCE!,success
231,842,470,103,71,7313,7313.0,2.176488095238095,0,1086,45,➡️ STEADY,True,98,🚀 HIGH OVERTAKE CHANCE!,success
232,841,470,103,71,7313,7313.0,2.176488095238095,0,1086,45,➡️ STEADY,True,98,🚀 HIGH OVERTAKE CHANCE!,success
233,840,470,103,71,7313,7313.0,2.176488095238095,0,1086,45,➡️ STEADY,True,98,🚀 HIGH OVERTAKE CHANCE!,success
234,838,470,103,71,7313,7313.0,2.176488095238095,0,1086,45,➡️ STEADY,True,98,🚀 HIGH OVERTAKE CHANCE!,success
235,837,470,103,71,7313,7313.0,2.176488095238095,0,1086,45,➡️ STEADY,True,98,🚀 HIGH OVERTAKE CHANCE!,success
236,836,472,103,71,7313,7313.0,2.176488095238095,0,1086,45,➡️ STEADY,True,98,🚀 HIGH OVERTAKE CHANCE!,success
237,835,472,103,71,7313,7313.0,2.176488095238095,0,1086,45,➡️ STEADY,True,98,🚀 HIGH OVERTAKE CHANCE!,success
238,835,473,103,71,7313,7313.0,2.176488095238095,0,1086,45,➡️ STEADY,True,98,🚀 HIGH OVERTAKE CHANCE!,success
239,834,473,103,71,7313,7313.0,2.176488095238095,0,1086,45,➡️ STEADY,True,98,🚀 HIGH OVERTAKE CHANCE!,success
240,834,474,103,71,7313,7313.0,2.176488095238095,0,1086,45,➡️ STEADY,True,98,🚀 HIGH OVERTAKE CHANCE!,success
241,833,475,103,71,7313,7313.0,2.176488095238095,0,1086,45,➡️ STEADY,True,98,🚀 HIGH OVERTAKE CHANCE!,success
242,832,475,103,71,7313,7313.0,2.176488095238095,0,1086,45,➡️ STEADY,True,98,🚀 HIGH OVERTAKE CHANCE!,success
243,832,475,103,71,7313,7313.0,2.176488095238095,0,1086,45,➡️ STEADY,True,98,🚀 HIGH OVERTAKE CHANCE!,success
244,832,475,103,71,7313,7313.0,2.176488095238095,0,1086,45,➡️ STEADY,True,98,🚀 HIGH OVERTAKE CHANCE!,success
245,832,475,103,71,7313,7313.0,2.176488095238095,0,1086,45,➡️ STEADY,True,98,🚀 HIGH OVERTAKE CHANCE!,success
246,832,474,103,71,7313,7313.0,2.176488095238095,0,1086,45,➡️ STEADY,True,98,🚀 HIGH OVERTAKE CHANCE!,success
247,832,475,103,71,7313,7313.0,2.176488095238095,0,1086,45,➡️ STEADY,True,98,🚀 HIGH OVERTAKE CHANCE!,success
248,832,476,103,71,7313,7313.0,2.176488095238095,0,1086,45,➡️ STEADY,True,98,🚀 HIGH OVERTAKE CHANCE!,success
249,833,476,103,71,7313,7313.0,2.176488095238095,0,1086,45,➡️ STEADY,True,98,🚀 HIGH OVERTAKE CHANCE!,success
250,833,476,103,71,7313,7313.0,2.176488095238095,0,1086,45,➡️ STEADY,True,98,🚀 HIGH OVERTAKE CHANCE!,success
251,833,477,103,71,7313,7313.0,2.176488095238095,0,1086,45,➡️ STEADY,True,98,🚀 HIGH OVERTAKE CHANCE!,success
252,834,477,103,71,7313,7313.0,2.176488095238095,0,1086,45,➡️ STEADY,True,98,🚀 HIGH OVERTAKE CHANCE!,success
253,834,477,103,71,7313,7313.0,2.176488095238095,0,1086,45,➡️ STEADY,True,98,🚀 HIGH OVERTAKE CHANCE!,success
254,835,477,103,71,7313,7313.0,2.176488095238095,0,1086,45,➡️ STEADY,True,98,🚀 HIGH OVERTAKE CHANCE!,success
255,835,477,103,71,7313,7313.0,2.176488095238095,0,1086,45,➡️ STEADY,True,98,🚀 HIGH OVERTAKE CHANCE!,success
256,835,477,103,71,7313,7313.0,2.176488095238095,0,1086,45,➡️ STEADY,True,98,🚀 HIGH OVERTAKE CHANCE!,success
257,835,477,103,71,7313,7313.0,2.176488095238095,0,1086,45,➡️ STEADY,True,98,🚀 HIGH OVERTAKE CHANCE!,success
258,836,478,103,71,7313,7313.0,2.176488095238095,0,1086,45,➡️ STEADY,True,98,🚀 HIGH OVERTAKE CHANCE!,success
259,837,478,103,71,7313,7313.0,2.176488095238095,0,1086,45,➡️ STEADY,True,98,🚀 HIGH OVERTAKE CHANCE!,success
260,837,478,103,71,7313,7313.0,2.176488095238095,0,1086,45,➡️ STEADY,True,98,🚀 HIGH OVERTAKE CHANCE!,success
261,838,479,103,71,7313,7313.0,2.176488095238095,0,1086,45,➡️ STEADY,True,98,🚀 HIGH OVERTAKE CHANCE!,success
262,838,479,103,71,7313,7313.0,2.176488095238095,0,1086,45,➡️ STEADY,True,98,🚀 HIGH OVERTAKE CHANCE!,success
263,840,480,103,71,7313,7313.0,2.176488095238095,0,1086,45,➡️ STEADY,True,98,🚀 HIGH OVERTAKE CHANCE!,success
264,843,481,98,68,6664,7248.1,2.157172619047619,-649,0,0,📉 MOVING AWAY,False,57,⚡ MEDIUM OVERTAKE CHANCE,success
265,843,481,98,68,6664,7183.2,2.137857142857143,-649,0,0,📉 MOVING AWAY,False,56,⚡ MEDIUM OVERTAKE CHANCE,success
266,842,480,103,71,7313,7183.2,2.137857142857143,0,0,0,➡️ STEADY,False,56,⚡ MEDIUM OVERTAKE CHANCE,success
267,846,481,98,68,6664,7118.3,2.1185416666666668,-649,0,0,📉 MOVING AWAY,False,55,⚡ MEDIUM OVERTAKE CHANCE,success
268,847,481,98,68,6664,7053.4,2.09922619047619,-649,0,0,📉 MOVING AWAY,False,53,⚡ MEDIUM OVERTAKE CHANCE,success
269,848,481,98,68,6664,6988.5,2.0799107142857145,0,0,0,➡️ STEADY,False,52,⚡ MEDIUM OVERTAKE CHANCE,success
270,845,479,103,71,7313,6988.5,2.0799107142857145,649,649,0,📈 APPROACHING,True,87,🚀 HIGH OVERTAKE CHANCE!,success
271,849,481,98,68,6664,6923.6,2.0605952380952384,-649,0,0,📉 MOVING AWAY,False,51,⚡ MEDIUM OVERTAKE CHANCE,success
272,852,482,94,64,6016,6793.9,2.0219940476190477,-648,0,0,📉 MOVING AWAY,False,49,⚡ MEDIUM OVERTAKE CHANCE,success
273,852,480,98,68,6664,6729.0,2.0026785714285715,0,0,0,➡️ STEADY,False,48,⚡ MEDIUM OVERTAKE CHANCE,success
274,856,482,94,64,6016,6664.2,1.9833928571428572,-648,0,0,📉 MOVING AWAY,False,47,⚡ MEDIUM OVERTAKE CHANCE,success
275,856,482,94,64,6016,6599.4,1.9641071428571428,-1297,0,0,📉 MOVING AWAY,False,46,⚡ MEDIUM OVERTAKE CHANCE,success
276,860,482,94,64,6016,6469.7,1.9255059523809523,-648,0,0,📉 MOVING AWAY,False,44,📉 LOW OVERTAKE CHANCE,success
277,859,482,94,64,6016,6404.9,1.906220238095238,0,0,0,➡️ STEADY,False,43,📉 LOW OVERTAKE CHANCE,success
278,865,483,89,61,5429,6281.4,1.8694642857142856,-1235,0,0,📉 MOVING AWAY,False,40,📉 LOW OVERTAKE CHANCE,success
279,867,483,89,61,5429,6157.9,1.8327083333333332,-587,0,0,📉 MOVING AWAY,False,38,📉 LOW OVERTAKE CHANCE,success
280,869,483,89,61,5429,5969.5,1.7766369047619048,-587,0,0,📉 MOVING AWAY,False,35,📉 LOW OVERTAKE CHANCE,success
281,872,483,89,61,5429,5846.0,1.7398809523809524,-587,0,0,📉 MOVING AWAY,False,33,📉 LOW OVERTAKE CHANCE,success
282,874,483,89,61,5429,5787.3,1.7224107142857144,-587,0,0,📉 MOVING AWAY,False,32,📉 LOW OVERTAKE CHANCE,success
283,879,483,89,61,5429,5663.8,1.685654761904762,0,0,0,➡️ STEADY,False,30,📉 LOW OVERTAKE CHANCE,success
284,881,483,89,61,5429,5605.1,1.6681845238095239,0,0,0,➡️ STEADY,False,29,📉 LOW OVERTAKE CHANCE,success
285,883,483,89,61,5429,5546.4,1.6507142857142856,0,0,0,➡️ STEADY,False,28,📉 LOW OVERTAKE CHANCE,success
286,886,483,89,61,5429,5487.7,1.6332440476190475,0,0,0,➡️ STEADY,False,27,📉 LOW OVERTAKE CHANCE,success
287,888,482,89,61,5429,5429.0,1.6157738095238094,0,0,0,➡️ STEADY,False,26,📉 LOW OVERTAKE CHANCE,success
288,891,482,89,61,5429,5429.0,1.6157738095238094,0,0,0,➡️ STEADY,False,26,📉 LOW OVERTAKE CHANCE,success
289,893,482,89,61,5429,5429.0,1.6157738095238094,0,0,0,➡️ STEADY,False,26,📉 LOW OVERTAKE CHANCE,success
290,895,482,89,61,5429,5429.0,1.6157738095238094,0,0,0,➡️ STEADY,False,26,📉 LOW OVERTAKE CHANCE,success
291,897,481,89,61,5429,5429.0,1.6157738095238094,0,0,0,➡️ STEADY,False,26,📉 LOW OVERTAKE CHANCE,success
292,898,482,89,61,5429,5429.0,1.6157738095238094,0,0,0,➡️ STEADY,False,26,📉 LOW OVERTAKE CHANCE,success
293,901,481,89,61,5429,5429.0,1.6157738095238094,0,0,0,➡️ STEADY,False,26,📉 LOW OVERTAKE CHANCE,success
294,904,481,89,61,5429,5429.0,1.6157738095238094,0,0,0,➡️ STEADY,False,26,📉 LOW OVERTAKE CHANCE,success
295,907,480,89,61,5429,5429.0,1.6157738095238094,0,0,0,➡️ STEADY,False,26,📉 LOW OVERTAKE CHANCE,success
296,910,480,89,61,5429,5429.0,1.6157738095238094,0,0,0,➡️ STEADY,False,26,📉 LOW OVERTAKE CHANCE,success
297,913,480,89,61,5429,5429.0,1.6157738095238094,0,0,0,➡️ STEADY,False,26,📉 LOW OVERTAKE CHANCE,success
298,918,480,89,61,5429,5429.0,1.6157738095238094,0,0,0,➡️ STEADY,False,26,📉 LOW OVERTAKE CHANCE,success
299,920,480,89,61,5429,5429.0,1.6157738095238094,0,0,0,➡️ STEADY,False,26,📉 LOW OVERTAKE CHANCE,success
300,919,479,94,64,6016,5487.7,1.6332440476190475,587,587,0,📈 APPROACHING,True,62,⚡ MEDIUM OVERTAKE CHANCE,success
301,925,479,94,64,6016,5546.4,1.6507142857142856,587,587,1,📈 APPROACHING,True,63,⚡ MEDIUM OVERTAKE CHANCE,success
302,929,480,89,61,5429,5546.4,1.6507142857142856,0,587,1,➡️ STEADY,True,63,⚡ MEDIUM OVERTAKE CHANCE,success
303,934,480,89,61,5429,5546.4,1.6507142857142856,0,587,1,➡️ STEADY,True,63,⚡ MEDIUM OVERTAKE CHANCE,success
304,933,479,94,64,6016,5605.1,1.6681845238095239,587,587,4,📈 APPROACHING,True,64,⚡ MEDIUM OVERTAKE CHANCE,success
305,939,479,94,64,6016,5663.8,1.685654761904762,0,587,4,➡️ STEADY,True,65,⚡ MEDIUM OVERTAKE CHANCE,success
306,943,480,89,61,5429,5663.8,1.685654761904762,-587,0,0,📉 MOVING AWAY,False,30,📉 LOW OVERTAKE CHANCE,success
307,947,480,89,61,5429,5663.8,1.685654761904762,0,0,0,➡️ STEADY,False,30,📉 LOW OVERTAKE CHANCE,success
308,948,479,94,64,6016,5722.5,1.703125,587,587,0,📈 APPROACHING,True,66,⚡ MEDIUM OVERTAKE CHANCE,success
309,953,480,89,61,5429,5722.5,1.703125,-587,0,0,📉 MOVING AWAY,False,31,📉 LOW OVERTAKE CHANCE,success
310,955,480,89,61,5429,5663.8,1.685654761904762,-587,0,0,📉 MOVING AWAY,False,30,📉 LOW OVERTAKE CHANCE,success
311,957,479,94,64,6016,5663.8,1.685654761904762,587,587,0,📈 APPROACHING,True,65,⚡ MEDIUM OVERTAKE CHANCE,success
312,960,480,89,61,5429,5663.8,1.685654761904762,0,587,0,➡️ STEADY,True,65,⚡ MEDIUM OVERTAKE CHANCE,success
313,966,480,89,61,5429,5663.8,1.685654761904762,-587,0,0,📉 MOVING AWAY,False,30,📉 LOW OVERTAKE CHANCE,success
314,967,480,89,61,5429,5605.1,1.6681845238095239,0,0,0,➡️ STEADY,False,29,📉 LOW OVERTAKE CHANCE,success
315,968,480,89,61,5429,5546.4,1.6507142857142856,0,0,0,➡️ STEADY,False,28,📉 LOW OVERTAKE CHANCE,success
316,974,480,89,61,5429,5546.4,1.6507142857142856,-587,0,0,📉 MOVING AWAY,False,28,📉 LOW OVERTAKE CHANCE,success
317,975,480,89,61,5429,5546.4,1.6507142857142856,0,0,0,➡️ STEADY,False,28,📉 LOW OVERTAKE CHANCE,success
318,980,479,94,64,6016,5546.4,1.6507142857142856,587,587,0,📈 APPROACHING,True,63,⚡ MEDIUM OVERTAKE CHANCE,success
319,984,480,89,61,5429,5546.4,1.6507142857142856,0,587,0,➡️ STEADY,True,63,⚡ MEDIUM OVERTAKE CHANCE,success
320,987,480,89,61,5429,5546.4,1.6507142857142856,0,587,0,➡️ STEADY,True,63,⚡ MEDIUM OVERTAKE CHANCE,success
321,992,481,89,61,5429,5487.7,1.6332440476190475,0,587,0,➡️ STEADY,True,62,⚡ MEDIUM OVERTAKE CHANCE,success
322,993,480,89,61,5429,5487.7,1.6332440476190475,0,587,0,➡️ STEADY,True,62,⚡ MEDIUM OVERTAKE CHANCE,success
323,993,479,94,64,6016,5546.4,1.6507142857142856,0,587,0,➡️ STEADY,True,63,⚡ MEDIUM OVERTAKE CHANCE,success
324,995,479,94,64,6016,5605.1,1.6681845238095239,587,587,6,📈 APPROACHING,True,64,⚡ MEDIUM OVERTAKE CHANCE,success
325,996,479,94,64,6016,5663.8,1.685654761904762,587,587,7,📈 APPROACHING,True,65,⚡ MEDIUM OVERTAKE CHANCE,success
326,997,479,94,64,6016,5722.5,1.703125,587,587,8,📈 APPROACHING,True,66,⚡ MEDIUM OVERTAKE CHANCE,success
327,998,479,94,64,6016,5781.2,1.720595238095238,587,587,9,📈 APPROACHING,True,77,🚀 HIGH OVERTAKE CHANCE!,success
328,999,478,94,64,6016,5781.2,1.720595238095238,0,587,9,➡️ STEADY,True,77,🚀 HIGH OVERTAKE CHANCE!,success
329,1000,478,94,64,6016,5839.9,1.7380654761904761,0,587,9,➡️ STEADY,True,78,🚀 HIGH OVERTAKE CHANCE!,success
330,1000,479,94,64,6016,5898.6,1.7555357142857144,0,587,9,➡️ STEADY,True,79,🚀 HIGH OVERTAKE CHANCE!,success
331,1002,479,94,64,6016,5957.3,1.7730059523809525,0,587,9,➡️ STEADY,True,80,🚀 HIGH OVERTAKE CHANCE!,success
332,1004,479,94,64,6016,6016.0,1.7904761904761906,0,587,9,➡️ STEADY,True,81,🚀 HIGH OVERTAKE CHANCE!,success
333,1006,478,94,64,6016,6016.0,1.7904761904761906,0,587,9,➡️ STEADY,True,81,🚀 HIGH OVERTAKE CHANCE!,success
334,1007,478,94,64,6016,6016.0,1.7904761904761906,0,587,9,➡️ STEADY,True,81,🚀 HIGH OVERTAKE CHANCE!,success
335,1009,478,94,64,6016,6016.0,1.7904761904761906,0,587,9,➡️ STEADY,True,81,🚀 HIGH OVERTAKE CHANCE!,success
336,1012,478,94,64,6016,6016.0,1.7904761904761906,0,587,9,➡️ STEADY,True,81,🚀 HIGH OVERTAKE CHANCE!,success
337,1014,478,94,64,6016,6016.0,1.7904761904761906,0,587,9,➡️ STEADY,True,81,🚀 HIGH OVERTAKE CHANCE!,success
338,1018,478,94,64,6016,6016.0,1.7904761904761906,0,587,9,➡️ STEADY,True,81,🚀 HIGH OVERTAKE CHANCE!,success
339,1019,477,94,64,6016,6016.0,1.7904761904761906,0,587,9,➡️ STEADY,True,81,🚀 HIGH OVERTAKE CHANCE!,success
340,1020,478,94,64,6016,6016.0,1.7904761904761906,0,587,9,➡️ STEADY,True,81,🚀 HIGH OVERTAKE CHANCE!,success
341,1022,477,94,64,6016,6016.0,1.7904761904761906,0,587,9,➡️ STEADY,True,81,🚀 HIGH OVERTAKE CHANCE!,success
342,1023,477,94,64,6016,6016.0,1.7904761904761906,0,587,9,➡️ STEADY,True,81,🚀 HIGH OVERTAKE CHANCE!,success
343,1023,477,94,64,6016,6016.0,1.7904761904761906,0,587,9,➡️ STEADY,True,81,🚀 HIGH OVERTAKE CHANCE!,success
344,1023,477,94,64,6016,6016.0,1.7904761904761906,0,587,9,➡️ STEADY,True,81,🚀 HIGH OVERTAKE CHANCE!,success
345,1023,477,94,64,6016,6016.0,1.7904761904761906,0,587,9,➡️ STEADY,True,81,🚀 HIGH OVERTAKE CHANCE!,success
346,1022,477,94,64,6016,6016.0,1.7904761904761906,0,587,9,➡️ STEADY,True,81,🚀 HIGH OVERTAKE CHANCE!,success
347,1022,477,94,64,6016,6016.0,1.7904761904761906,0,587,9,➡️ STEADY,True,81,🚀 HIGH OVERTAKE CHANCE!,success
348,1023,477,94,64,6016,6016.0,1.7904761904761906,0,587,9,➡️ STEADY,True,81,🚀 HIGH OVERTAKE CHANCE!,success
349,1024,477,94,64,6016,6016.0,1.7904761904761906,0,587,9,➡️ STEADY,True,81,🚀 HIGH OVERTAKE CHANCE!,success
350,1025,478,94,64,6016,6016.0,1.7904761904761906,0,587,9,➡️ STEADY,True,81,🚀 HIGH OVERTAKE CHANCE!,success
351,1026,479,94,64,6016,6016.0,1.7904761904761906,0,587,9,➡️ STEADY,True,81,🚀 HIGH OVERTAKE CHANCE!,success
352,1026,479,94,64,6016,6016.0,1.7904761904761906,0,587,9,➡️ STEADY,True,81,🚀 HIGH OVERTAKE CHANCE!,success
353,1028,480,94,64,6016,6016.0,1.7904761904761906,0,587,9,➡️ STEADY,True,81,🚀 HIGH OVERTAKE CHANCE!,success
354,1028,480,94,64,6016,6016.0,1.7904761904761906,0,587,9,➡️ STEADY,True,81,🚀 HIGH OVERTAKE CHANCE!,success
355,1028,480,94,64,6016,6016.0,1.7904761904761906,0,587,9,➡️ STEADY,True,81,🚀 HIGH OVERTAKE CHANCE!,success
356,1029,479,94,64,6016,6016.0,1.7904761904761906,0,587,9,➡️ STEADY,True,81,🚀 HIGH OVERTAKE CHANCE!,success
357,1030,479,94,64,6016,6016.0,1.7904761904761906,0,587,9,➡️ STEADY,True,81,🚀 HIGH OVERTAKE CHANCE!,success
358,1031,479,94,64,6016,6016.0,1.7904761904761906,0,587,9,➡️ STEADY,True,81,🚀 HIGH OVERTAKE CHANCE!,success
359,1032,479,89,61,5429,5957.3,1.7730059523809525,-587,0,0,📉 MOVING AWAY,False,35,📉 LOW OVERTAKE CHANCE,success
360,1030,475,94,64,6016,5957.3,1.7730059523809525,0,0,0,➡️ STEADY,False,35,📉 LOW OVERTAKE CHANCE,success
361,1029,474,94,64,6016,5957.3,1.7730059523809525,0,0,0,➡️ STEADY,False,35,📉 LOW OVERTAKE CHANCE,success
362,1028,474,94,64,6016,5957.3,1.7730059523809525,0,0,0,➡️ STEADY,False,35,📉 LOW OVERTAKE CHANCE,success
363,1030,474,89,61,5429,5898.6,1.7555357142857144,-587,0,0,📉 MOVING AWAY,False,34,📉 LOW OVERTAKE CHANCE,success
364,1027,471,94,64,6016,5898.6,1.7555357142857144,587,587,0,📈 APPROACHING,True,69,⚡ MEDIUM OVERTAKE CHANCE,success
365,1029,473,94,64,6016,5898.6,1.7555357142857144,0,587,0,➡️ STEADY,True,69,⚡ MEDIUM OVERTAKE CHANCE,success
366,1033,474,94,64,6016,5898.6,1.7555357142857144,0,587,0,➡️ STEADY,True,69,⚡ MEDIUM OVERTAKE CHANCE,success
367,1032,475,94,64,6016,5898.6,1.7555357142857144,0,587,0,➡️ STEADY,True,69,⚡ MEDIUM OVERTAKE CHANCE,success
368,1037,476,94,64,6016,5898.6,1.7555357142857144,587,587,4,📈 APPROACHING,True,69,⚡ MEDIUM OVERTAKE CHANCE,success
369,1043,477,94,64,6016,5957.3,1.7730059523809525,0,587,4,➡️ STEADY,True,70,🚀 HIGH OVERTAKE CHANCE!,success
370,1046,478,89,61,5429,5898.6,1.7555357142857144,-587,0,0,📉 MOVING AWAY,False,34,📉 LOW OVERTAKE CHANCE,success
371,1048,475,94,64,6016,5898.6,1.7555357142857144,0,0,0,➡️ STEADY,False,34,📉 LOW OVERTAKE CHANCE,success
372,1048,475,94,64,6016,5898.6,1.7555357142857144,0,0,0,➡️ STEADY,False,34,📉 LOW OVERTAKE CHANCE,success
373,1048,475,94,64,6016,5957.3,1.7730059523809525,0,0,0,➡️ STEADY,False,35,📉 LOW OVERTAKE CHANCE,success
374,1049,475,94,64,6016,5957.3,1.7730059523809525,0,0,0,➡️ STEADY,False,35,📉 LOW OVERTAKE CHANCE,success
375,1049,477,94,64,6016,5957.3,1.7730059523809525,587,587,0,📈 APPROACHING,True,70,🚀 HIGH OVERTAKE CHANCE!,success
376,1049,478,94,64,6016,5957.3,1.7730059523809525,0,587,0,➡️ STEADY,True,70,🚀 HIGH OVERTAKE CHANCE!,success
377,1049,480,94,64,6016,5957.3,1.7730059523809525,0,587,0,➡️ STEADY,True,70,🚀 HIGH OVERTAKE CHANCE!,success
378,1048,485,94,64,6016,5957.3,1.7730059523809525,0,587,0,➡️ STEADY,True,70,🚀 HIGH OVERTAKE CHANCE!,success
379,1047,487,94,64,6016,5957.3,1.7730059523809525,0,587,0,➡️ STEADY,True,70,🚀 HIGH OVERTAKE CHANCE!,success
380,1042,491,98,68,6664,6080.8,1.809761904761905,648,648,5,📈 APPROACHING,True,72,🚀 HIGH OVERTAKE CHANCE!,success
381,1037,500,94,64,6016,6080.8,1.809761904761905,0,648,5,➡️ STEADY,True,72,🚀 HIGH OVERTAKE CHANCE!,success
382,1031,503,94,64,6016,6080.8,1.809761904761905,0,648,5,➡️ STEADY,True,72,🚀 HIGH OVERTAKE CHANCE!,success
383,1022,507,94,64,6016,6080.8,1.809761904761905,0,648,5,➡️ STEADY,True,72,🚀 HIGH OVERTAKE CHANCE!,success
384,1016,508,94,64,6016,6080.8,1.809761904761905,0,648,5,➡️ STEADY,True,72,🚀 HIGH OVERTAKE CHANCE!,success
385,1009,506,98,68,6664,6145.6,1.8290476190476193,0,648,5,➡️ STEADY,True,73,🚀 HIGH OVERTAKE CHANCE!,success
386,1002,508,94,64,6016,6145.6,1.8290476190476193,0,648,5,➡️ STEADY,True,73,🚀 HIGH OVERTAKE CHANCE!,success
387,993,507,94,64,6016,6145.6,1.8290476190476193,0,648,5,➡️ STEADY,True,73,🚀 HIGH OVERTAKE CHANCE!,success
388,983,501,94,64,6016,6145.6,1.8290476190476193,0,648,5,➡️ STEADY,True,73,🚀 HIGH OVERTAKE CHANCE!,success
389,973,495,98,68,6664,6210.4,1.8483333333333332,648,648,14,📈 APPROACHING,True,74,🚀 HIGH OVERTAKE CHANCE!,success
390,970,495,98,68,6664,6210.4,1.8483333333333332,0,648,14,➡️ STEADY,True,74,🚀 HIGH OVERTAKE CHANCE!,success
391,956,488,98,68,6664,6275.2,1.8676190476190475,648,648,16,📈 APPROACHING,True,75,🚀 HIGH OVERTAKE CHANCE!,success
392,950,483,94,64,6016,6275.2,1.8676190476190475,0,648,16,➡️ STEADY,True,75,🚀 HIGH OVERTAKE CHANCE!,success
393,937,475,94,64,6016,6275.2,1.8676190476190475,0,648,16,➡️ STEADY,True,75,🚀 HIGH OVERTAKE CHANCE!,success
394,928,468,98,68,6664,6340.0,1.8869047619047619,0,648,16,➡️ STEADY,True,76,🚀 HIGH OVERTAKE CHANCE!,success
395,926,469,94,64,6016,6275.2,1.8676190476190475,-648,0,0,📉 MOVING AWAY,False,40,📉 LOW OVERTAKE CHANCE,success
396,914,462,94,64,6016,6275.2,1.8676190476190475,-648,0,0,📉 MOVING AWAY,False,40,📉 LOW OVERTAKE CHANCE,success
397,911,463,89,61,5429,6216.5,1.8501488095238094,-587,0,0,📉 MOVING AWAY,False,39,📉 LOW OVERTAKE CHANCE,success
398,903,468,89,61,5429,6157.8,1.8326785714285714,-587,0,0,📉 MOVING AWAY,False,38,📉 LOW OVERTAKE CHANCE,success
399,896,471,94,64,6016,6093.0,1.8133928571428573,-648,0,0,📉 MOVING AWAY,False,37,📉 LOW OVERTAKE CHANCE,success
400,897,475,94,64,6016,6028.2,1.794107142857143,0,0,0,➡️ STEADY,False,36,📉 LOW OVERTAKE CHANCE,success
401,893,484,94,64,6016,5963.4,1.7748214285714285,0,0,0,➡️ STEADY,False,35,📉 LOW OVERTAKE CHANCE,success
402,889,488,94,64,6016,5963.4,1.7748214285714285,587,587,0,📈 APPROACHING,True,70,🚀 HIGH OVERTAKE CHANCE!,success
403,881,492,98,68,6664,6028.2,1.794107142857143,1235,1235,1,📈 APPROACHING,True,71,🚀 HIGH OVERTAKE CHANCE!,success
404,881,496,94,64,6016,5963.4,1.7748214285714285,0,1235,1,➡️ STEADY,True,70,🚀 HIGH OVERTAKE CHANCE!,success
405,879,497,94,64,6016,5963.4,1.7748214285714285,0,1235,1,➡️ STEADY,True,70,🚀 HIGH OVERTAKE CHANCE!,success
406,873,498,94,64,6016,5963.4,1.7748214285714285,0,1235,1,➡️ STEADY,True,70,🚀 HIGH OVERTAKE CHANCE!,success
407,869,499,94,64,6016,6022.1,1.7922916666666668,0,1235,1,➡️ STEADY,True,71,🚀 HIGH OVERTAKE CHANCE!,success
408,861,499,94,64,6016,6080.8,1.809761904761905,-648,0,0,📉 MOVING AWAY,False,37,📉 LOW OVERTAKE CHANCE,success
409,856,498,94,64,6016,6080.8,1.809761904761905,0,0,0,➡️ STEADY,False,37,📉 LOW OVERTAKE CHANCE,success
410,852,497,94,64,6016,6080.8,1.809761904761905,0,0,0,➡️ STEADY,False,37,📉 LOW OVERTAKE CHANCE,success
411,844,493,94,64,6016,6080.8,1.809761904761905,0,0,0,➡️ STEADY,False,37,📉 LOW OVERTAKE CHANCE,success
412,838,489,94,64,6016,6080.8,1.809761904761905,0,0,0,➡️ STEADY,False,37,📉 LOW OVERTAKE CHANCE,success
413,828,481,94,64,6016,6016.0,1.7904761904761906,0,0,0,➡️ STEADY,False,36,📉 LOW OVERTAKE CHANCE,success
414,822,477,94,64,6016,6016.0,1.7904761904761906,0,0,0,➡️ STEADY,False,36,📉 LOW OVERTAKE CHANCE,success
415,820,475,94,64,6016,6016.0,1.7904761904761906,0,0,0,➡️ STEADY,False,36,📉 LOW OVERTAKE CHANCE,success
416,815,471,94,64,6016,6016.0,1.7904761904761906,0,0,0,➡️ STEADY,False,36,📉 LOW OVERTAKE CHANCE,success
417,815,471,89,61,5429,5957.3,1.7730059523809525,-587,0,0,📉 MOVING AWAY,False,35,📉 LOW OVERTAKE CHANCE,success
418,813,471,89,61,5429,5898.6,1.7555357142857144,-587,0,0,📉 MOVING AWAY,False,34,📉 LOW OVERTAKE CHANCE,success
419,812,472,89,61,5429,5839.9,1.7380654761904761,-587,0,0,📉 MOVING AWAY,False,33,📉 LOW OVERTAKE CHANCE,success
420,812,473,89,61,5429,5781.2,1.720595238095238,-587,0,0,📉 MOVING AWAY,False,32,📉 LOW OVERTAKE CHANCE,success
421,813,478,89,61,5429,5722.5,1.703125,-587,0,0,📉 MOVING AWAY,False,31,📉 LOW OVERTAKE CHANCE,success
422,813,480,89,61,5429,5663.8,1.685654761904762,0,0,0,➡️ STEADY,False,30,📉 LOW OVERTAKE CHANCE,success
423,817,486,85,58,4930,5555.2,1.6533333333333333,-499,0,0,📉 MOVING AWAY,False,28,📉 LOW OVERTAKE CHANCE,success
424,817,488,85,58,4930,5446.6,1.621011904761905,-499,0,0,📉 MOVING AWAY,False,26,📉 LOW OVERTAKE CHANCE,success
425,817,490,85,58,4930,5338.0,1.588690476190476,-499,0,0,📉 MOVING AWAY,False,25,📉 LOW OVERTAKE CHANCE,success
426,818,493,85,58,4930,5229.4,1.5563690476190475,-499,0,0,📉 MOVING AWAY,False,23,👀 WATCHING FOR OVERTAKE,success
427,818,493,85,58,4930,5179.5,1.5415178571428572,-499,0,0,📉 MOVING AWAY,False,22,👀 WATCHING FOR OVERTAKE,success
428,817,495,81,56,4536,5090.2,1.5149404761904761,-394,0,0,📉 MOVING AWAY,False,20,👀 WATCHING FOR OVERTAKE,success
429,816,494,81,56,4536,5000.9,1.488363095238095,-394,0,0,📉 MOVING AWAY,False,24,👀 WATCHING FOR OVERTAKE,success
430,815,494,81,56,4536,4911.6,1.4617857142857145,-394,0,0,📉 MOVING AWAY,False,23,👀 WATCHING FOR OVERTAKE,success
431,811,492,81,56,4536,4822.3,1.4352083333333334,-394,0,0,📉 MOVING AWAY,False,22,👀 WATCHING FOR OVERTAKE,success
432,810,491,81,56,4536,4733.0,1.4086309523809524,-394,0,0,📉 MOVING AWAY,False,21,👀 WATCHING FOR OVERTAKE,success
433,809,490,81,56,4536,4693.6,1.396904761904762,0,0,0,➡️ STEADY,False,21,👀 WATCHING FOR OVERTAKE,success
434,807,489,81,56,4536,4654.2,1.3851785714285714,0,0,0,➡️ STEADY,False,20,👀 WATCHING FOR OVERTAKE,success
435,807,489,81,56,4536,4614.8,1.373452380952381,0,0,0,➡️ STEADY,False,20,👀 WATCHING FOR OVERTAKE,success
436,806,489,81,56,4536,4575.4,1.3617261904761904,0,0,0,➡️ STEADY,False,19,👀 WATCHING FOR OVERTAKE,success
437,806,489,81,56,4536,4536.0,1.35,0,0,0,➡️ STEADY,False,19,👀 WATCHING FOR OVERTAKE,success
438,806,490,81,56,4536,4536.0,1.35,0,0,0,➡️ STEADY,False,19,👀 WATCHING FOR OVERTAKE,success
439,806,491,81,56,4536,4536.0,1.35,0,0,0,➡️ STEADY,False,19,👀 WATCHING FOR OVERTAKE,success
440,807,491,81,56,4536,4536.0,1.35,0,0,0,➡️ STEADY,False,19,👀 WATCHING FOR OVERTAKE,success
441,807,492,81,56,4536,4536.0,1.35,0,0,0,➡️ STEADY,False,19,👀 WATCHING FOR OVERTAKE,success
442,810,494,77,53,4081,4490.5,1.3364583333333333,-455,0,0,📉 MOVING AWAY,False,19,👀 WATCHING FOR OVERTAKE,success
443,810,493,77,53,4081,4445.0,1.3229166666666667,-455,0,0,📉 MOVING AWAY,False,18,👀 WATCHING FOR OVERTAKE,success
444,809,493,77,53,4081,4399.5,1.309375,-455,0,0,📉 MOVING AWAY,False,18,👀 WATCHING FOR OVERTAKE,success
445,810,494,77,53,4081,4354.0,1.2958333333333334,-455,0,0,📉 MOVING AWAY,False,17,👀 WATCHING FOR OVERTAKE,success
446,810,493,77,53,4081,4308.5,1.2822916666666666,-455,0,0,📉 MOVING AWAY,False,17,👀 WATCHING FOR OVERTAKE,success
447,811,494,77,53,4081,4263.0,1.26875,0,0,0,➡️ STEADY,False,16,👀 WATCHING FOR OVERTAKE,success
448,811,493,77,53,4081,4217.5,1.2552083333333333,0,0,0,➡️ STEADY,False,16,👀 WATCHING FOR OVERTAKE,success
449,812,493,77,53,4081,4172.0,1.2416666666666667,0,0,0,➡️ STEADY,False,15,👀 WATCHING FOR OVERTAKE,success
450,813,493,77,53,4081,4126.5,1.228125,0,0,0,➡️ STEADY,False,15,👀 WATCHING FOR OVERTAKE,success
451,813,493,77,53,4081,4081.0,1.2145833333333333,0,0,0,➡️ STEADY,False,14,👀 WATCHING FOR OVERTAKE,success
452,814,493,77,53,4081,4081.0,1.2145833333333333,0,0,0,➡️ STEADY,False,14,👀 WATCHING FOR OVERTAKE,success
453,818,494,74,50,3700,4042.9,1.2032440476190476,-381,0,0,📉 MOVING AWAY,False,14,👀 WATCHING FOR OVERTAKE,success
454,818,494,74,50,3700,4004.8,1.191904761904762,-381,0,0,📉 MOVING AWAY,False,13,👀 WATCHING FOR OVERTAKE,success
455,816,493,77,53,4081,4004.8,1.191904761904762,0,0,0,➡️ STEADY,False,13,👀 WATCHING FOR OVERTAKE,success
456,821,495,74,50,3700,3966.7,1.180565476190476,-381,0,0,📉 MOVING AWAY,False,13,👀 WATCHING FOR OVERTAKE,success
457,821,494,74,50,3700,3928.6,1.1692261904761905,-381,0,0,📉 MOVING AWAY,False,13,👀 WATCHING FOR OVERTAKE,success
458,822,495,74,50,3700,3890.5,1.1578869047619047,0,0,0,➡️ STEADY,False,13,👀 WATCHING FOR OVERTAKE,success
459,823,495,74,50,3700,3852.4,1.1465476190476191,0,0,0,➡️ STEADY,False,13,👀 WATCHING FOR OVERTAKE,success
460,824,494,74,50,3700,3814.3,1.1352083333333334,-381,0,0,📉 MOVING AWAY,False,13,👀 WATCHING FOR OVERTAKE,success
461,825,494,74,50,3700,3776.2,1.1238690476190476,0,0,0,➡️ STEADY,False,13,👀 WATCHING FOR OVERTAKE,success
462,826,493,74,50,3700,3738.1,1.1125297619047618,0,0,0,➡️ STEADY,False,13,👀 WATCHING FOR OVERTAKE,success
463,827,493,74,50,3700,3738.1,1.1125297619047618,0,0,0,➡️ STEADY,False,13,👀 WATCHING FOR OVERTAKE,success
464,831,494,70,48,3360,3704.1,1.1024107142857142,-340,0,0,📉 MOVING AWAY,False,13,👀 WATCHING FOR OVERTAKE,success
465,832,494,70,48,3360,3632.0,1.0809523809523809,-340,0,0,📉 MOVING AWAY,False,13,👀 WATCHING FOR OVERTAKE,success
466,835,496,67,46,3082,3570.2,1.0625595238095238,-618,0,0,📉 MOVING AWAY,False,13,👀 WATCHING FOR OVERTAKE,success
467,834,495,70,48,3360,3536.2,1.0524404761904762,-340,0,0,📉 MOVING AWAY,False,13,👀 WATCHING FOR OVERTAKE,success
468,837,496,70,48,3360,3502.2,1.0423214285714286,-340,0,0,📉 MOVING AWAY,False,13,👀 WATCHING FOR OVERTAKE,success
469,838,496,70,48,3360,3468.2,1.0322023809523808,0,0,0,➡️ STEADY,False,13,👀 WATCHING FOR OVERTAKE,success
470,840,496,70,48,3360,3434.2,1.0220833333333332,0,0,0,➡️ STEADY,False,13,👀 WATCHING FOR OVERTAKE,success
471,844,498,67,46,3082,3372.4,1.0036904761904761,0,0,0,➡️ STEADY,False,13,👀 WATCHING FOR OVERTAKE,success
472,845,499,67,46,3082,3310.6,0.985297619047619,-278,0,0,📉 MOVING AWAY,False,13,👀 WATCHING FOR OVERTAKE,success
473,848,500,67,46,3082,3248.8,0.9669047619047619,-278,0,0,📉 MOVING AWAY,False,13,👀 WATCHING FOR OVERTAKE,success
474,850,500,67,46,3082,3221.0,0.9586309523809524,-278,0,0,📉 MOVING AWAY,False,13,👀 WATCHING FOR OVERTAKE,success
475,851,500,67,46,3082,3193.2,0.9503571428571428,-278,0,0,📉 MOVING AWAY,False,13,👀 WATCHING FOR OVERTAKE,success
476,854,501,67,46,3082,3193.2,0.9503571428571428,0,0,0,➡️ STEADY,False,13,👀 WATCHING FOR OVERTAKE,success
477,855,501,67,46,3082,3165.4,0.9420833333333334,0,0,0,➡️ STEADY,False,13,👀 WATCHING FOR OVERTAKE,success
478,857,501,67,46,3082,3137.6,0.9338095238095238,0,0,0,➡️ STEADY,False,13,👀 WATCHING FOR OVERTAKE,success
479,859,500,67,46,3082,3109.8,0.9255357142857144,0,0,0,➡️ STEADY,False,13,👀 WATCHING FOR OVERTAKE,success
480,861,500,67,46,3082,3082.0,0.9172619047619047,0,0,0,➡️ STEADY,False,13,👀 WATCHING FOR OVERTAKE,success
481,864,499,67,46,3082,3082.0,0.9172619047619047,0,0,0,➡️ STEADY,False,13,👀 WATCHING FOR OVERTAKE,success
482,867,499,67,46,3082,3082.0,0.9172619047619047,0,0,0,➡️ STEADY,False,13,👀 WATCHING FOR OVERTAKE,success
483,869,498,67,46,3082,3082.0,0.9172619047619047,0,0,0,➡️ STEADY,False,13,👀 WATCHING FOR OVERTAKE,success
484,873,498,67,46,3082,3082.0,0.9172619047619047,0,0,0,➡️ STEADY,False,13,👀 WATCHING FOR OVERTAKE,success
485,874,497,67,46,3082,3082.0,0.9172619047619047,0,0,0,➡️ STEADY,False,13,👀 WATCHING FOR OVERTAKE,success
486,881,497,67,46,3082,3082.0,0.9172619047619047,0,0,0,➡️ STEADY,False,13,👀 WATCHING FOR OVERTAKE,success
487,886,496,67,46,3082,3082.0,0.9172619047619047,0,0,0,➡️ STEADY,False,13,👀 WATCHING FOR OVERTAKE,success
488,893,496,67,46,3082,3082.0,0.9172619047619047,0,0,0,➡️ STEADY,False,13,👀 WATCHING FOR OVERTAKE,success
489,895,496,67,46,3082,3082.0,0.9172619047619047,0,0,0,➡️ STEADY,False,13,👀 WATCHING FOR OVERTAKE,success
490,899,497,63,44,2772,3051.0,0.9080357142857143,-310,0,0,📉 MOVING AWAY,False,13,👀 WATCHING FOR OVERTAKE,success
491,905,496,67,46,3082,3051.0,0.9080357142857143,0,0,0,➡️ STEADY,False,13,👀 WATCHING FOR OVERTAKE,success
492,911,497,63,44,2772,3020.0,0.8988095238095238,-310,0,0,📉 MOVING AWAY,False,12,👀 WATCHING FOR OVERTAKE,success
493,920,496,63,44,2772,2989.0,0.8895833333333333,-310,0,0,📉 MOVING AWAY,False,12,👀 WATCHING FOR OVERTAKE,success
494,922,496,63,44,2772,2958.0,0.8803571428571428,-310,0,0,📉 MOVING AWAY,False,12,👀 WATCHING FOR OVERTAKE,success
495,929,496,63,44,2772,2927.0,0.8711309523809524,0,0,0,➡️ STEADY,False,12,👀 WATCHING FOR OVERTAKE,success
496,937,496,63,44,2772,2896.0,0.861904761904762,-310,0,0,📉 MOVING AWAY,False,12,👀 WATCHING FOR OVERTAKE,success
497,942,496,63,44,2772,2865.0,0.8526785714285714,0,0,0,➡️ STEADY,False,12,👀 WATCHING FOR OVERTAKE,success
498,949,496,63,44,2772,2834.0,0.843452380952381,0,0,0,➡️ STEADY,False,12,👀 WATCHING FOR OVERTAKE,success
499,956,496,63,44,2772,2803.0,0.8342261904761905,0,0,0,➡️ STEADY,False,12,👀 WATCHING FOR OVERTAKE,success
500,958,496,63,44,2772,2803.0,0.8342261904761905,0,0,0,➡️ STEADY,False,12,👀 WATCHING FOR OVERTAKE,success
501,968,497,60,41,2460,2740.8,0.8157142857142857,-312,0,0,📉 MOVING AWAY,False,12,👀 WATCHING FOR OVERTAKE,success
502,971,497,60,41,2460,2709.6,0.8064285714285714,-312,0,0,📉 MOVING AWAY,False,12,👀 WATCHING FOR OVERTAKE,success
503,980,497,60,41,2460,2678.4,0.7971428571428572,-312,0,0,📉 MOVING AWAY,False,12,👀 WATCHING FOR OVERTAKE,success
504,981,496,63,44,2772,2678.4,0.7971428571428572,0,0,0,➡️ STEADY,False,12,👀 WATCHING FOR OVERTAKE,success
505,986,497,63,44,2772,2678.4,0.7971428571428572,0,0,0,➡️ STEADY,False,12,👀 WATCHING FOR OVERTAKE,success
506,992,498,63,44,2772,2678.4,0.7971428571428572,312,312,0,📈 APPROACHING,True,47,⚡ MEDIUM OVERTAKE CHANCE,success
507,993,498,63,44,2772,2678.4,0.7971428571428572,312,312,1,📈 APPROACHING,True,47,⚡ MEDIUM OVERTAKE CHANCE,success
508,999,498,60,41,2460,2647.2,0.7878571428571428,0,312,1,➡️ STEADY,True,47,⚡ MEDIUM OVERTAKE CHANCE,success
509,1001,498,60,41,2460,2616.0,0.7785714285714286,-312,0,0,📉 MOVING AWAY,False,12,👀 WATCHING FOR OVERTAKE,success
510,1001,498,60,41,2460,2584.8,0.7692857142857144,-312,0,0,📉 MOVING AWAY,False,12,👀 WATCHING FOR OVERTAKE,success
511,1003,497,60,41,2460,2584.8,0.7692857142857144,-312,0,0,📉 MOVING AWAY,False,12,👀 WATCHING FOR OVERTAKE,success
512,1003,496,60,41,2460,2584.8,0.7692857142857144,-312,0,0,📉 MOVING AWAY,False,12,👀 WATCHING FOR OVERTAKE,success
513,1003,496,60,41,2460,2584.8,0.7692857142857144,0,0,0,➡️ STEADY,False,12,👀 WATCHING FOR OVERTAKE,success
514,1003,496,60,41,2460,2553.6,0.76,0,0,0,➡️ STEADY,False,12,👀 WATCHING FOR OVERTAKE,success
515,1003,496,60,41,2460,2522.4,0.7507142857142858,0,0,0,➡️ STEADY,False,12,👀 WATCHING FOR OVERTAKE,success
516,1003,496,60,41,2460,2491.2,0.7414285714285713,0,0,0,➡️ STEADY,False,12,👀 WATCHING FOR OVERTAKE,success
517,1002,496,60,41,2460,2460.0,0.7321428571428571,0,0,0,➡️ STEADY,False,12,👀 WATCHING FOR OVERTAKE,success
518,1001,496,60,41,2460,2460.0,0.7321428571428571,0,0,0,➡️ STEADY,False,12,👀 WATCHING FOR OVERTAKE,success
519,1000,496,60,41,2460,2460.0,0.7321428571428571,0,0,0,➡️ STEADY,False,12,👀 WATCHING FOR OVERTAKE,success
520,999,496,60,41,2460,2460.0,0.7321428571428571,0,0,0,➡️ STEADY,False,12,👀 WATCHING FOR OVERTAKE,success
521,998,496,60,41,2460,2460.0,0.7321428571428571,0,0,0,➡️ STEADY,False,12,👀 WATCHING FOR OVERTAKE,success
522,997,496,60,41,2460,2460.0,0.7321428571428571,0,0,0,➡️ STEADY,False,12,👀 WATCHING FOR OVERTAKE,success
523,996,496,60,41,2460,2460.0,0.7321428571428571,0,0,0,➡️ STEADY,False,12,👀 WATCHING FOR OVERTAKE,success
524,996,496,60,41,2460,2460.0,0.7321428571428571,0,0,0,➡️ STEADY,False,12,👀 WATCHING FOR OVERTAKE,success
525,995,496,60,41,2460,2460.0,0.7321428571428571,0,0,0,➡️ STEADY,False,12,👀 WATCHING FOR OVERTAKE,success
526,994,496,60,41,2460,2460.0,0.7321428571428571,0,0,0,➡️ STEADY,False,12,👀 WATCHING FOR OVERTAKE,success
527,992,496,60,41,2460,2460.0,0.7321428571428571,0,0,0,➡️ STEADY,False,12,👀 WATCHING FOR OVERTAKE,success
528,991,496,60,41,2460,2460.0,0.7321428571428571,0,0,0,➡️ STEADY,False,12,👀 WATCHING FOR OVERTAKE,success
529,990,496,60,41,2460,2460.0,0.7321428571428571,0,0,0,➡️ STEADY,False,12,👀 WATCHING FOR OVERTAKE,success
530,990,496,60,41,2460,2460.0,0.7321428571428571,0,0,0,➡️ STEADY,False,12,👀 WATCHING FOR OVERTAKE,success
531,987,495,60,41,2460,2460.0,0.7321428571428571,0,0,0,➡️ STEADY,False,12,👀 WATCHING FOR OVERTAKE,success
532,987,495,60,41,2460,2460.0,0.7321428571428571,0,0,0,➡️ STEADY,False,12,👀 WATCHING FOR OVERTAKE,success
533,985,495,60,41,2460,2460.0,0.7321428571428571,0,0,0,➡️ STEADY,False,12,👀 WATCHING FOR OVERTAKE,success
534,984,495,60,41,2460,2460.0,0.7321428571428571,0,0,0,➡️ STEADY,False,12,👀 WATCHING FOR OVERTAKE,success
535,984,495,60,41,2460,2460.0,0.7321428571428571,0,0,0,➡️ STEADY,False,12,👀 WATCHING FOR OVERTAKE,success
536,982,494,60,41,2460,2460.0,0.7321428571428571,0,0,0,➡️ STEADY,False,12,👀 WATCHING FOR OVERTAKE,success
537,981,494,60,41,2460,2460.0,0.7321428571428571,0,0,0,➡️ STEADY,False,12,👀 WATCHING FOR OVERTAKE,success
538,978,493,60,41,2460,2460.0,0.7321428571428571,0,0,0,➡️ STEADY,False,12,👀 WATCHING FOR OVERTAKE,success
539,978,493,60,41,2460,2460.0,0.7321428571428571,0,0,0,➡️ STEADY,False,12,👀 WATCHING FOR OVERTAKE,success
540,978,492,60,41,2460,2460.0,0.7321428571428571,0,0,0,➡️ STEADY,False,12,👀 WATCHING FOR OVERTAKE,success
541,976,490,60,41,2460,2460.0,0.7321428571428571,0,0,0,➡️ STEADY,False,12,👀 WATCHING FOR OVERTAKE,success
542,976,490,60,41,2460,2460.0,0.7321428571428571,0,0,0,➡️ STEADY,False,12,👀 WATCHING FOR OVERTAKE,success
543,976,490,60,41,2460,2460.0,0.7321428571428571,0,0,0,➡️ STEADY,False,12,👀 WATCHING FOR OVERTAKE,success
544,975,489,60,41,2460,2460.0,0.7321428571428571,0,0,0,➡️ STEADY,False,12,👀 WATCHING FOR OVERTAKE,success
545,975,489,60,41,2460,2460.0,0.7321428571428571,0,0,0,➡️ STEADY,False,12,👀 WATCHING FOR OVERTAKE,success
546,974,488,60,41,2460,2460.0,0.7321428571428571,0,0,0,➡️ STEADY,False,12,👀 WATCHING FOR OVERTAKE,success
547,974,488,60,41,2460,2460.0,0.7321428571428571,0,0,0,➡️ STEADY,False,12,👀 WATCHING FOR OVERTAKE,success
548,973,488,60,41,2460,2460.0,0.7321428571428571,0,0,0,➡️ STEADY,False,12,👀 WATCHING FOR OVERTAKE,success
549,973,487,60,41,2460,2460.0,0.7321428571428571,0,0,0,➡️ STEADY,False,12,👀 WATCHING FOR OVERTAKE,success
550,973,488,60,41,2460,2460.0,0.7321428571428571,0,0,0,➡️ STEADY,False,12,👀 WATCHING FOR OVERTAKE,success
551,971,489,60,41,2460,2460.0,0.7321428571428571,0,0,0,➡️ STEADY,False,12,👀 WATCHING FOR OVERTAKE,success
552,971,489,60,41,2460,2460.0,0.7321428571428571,0,0,0,➡️ STEADY,False,12,👀 WATCHING FOR OVERTAKE,success
553,971,489,60,41,2460,2460.0,0.7321428571428571,0,0,0,➡️ STEADY,False,12,👀 WATCHING FOR OVERTAKE,success
554,970,489,60,41,2460,2460.0,0.7321428571428571,0,0,0,➡️ STEADY,False,12,👀 WATCHING FOR OVERTAKE,success
555,971,490,60,41,2460,2460.0,0.7321428571428571,0,0,0,➡️ STEADY,False,12,👀 WATCHING FOR OVERTAKE,success
556,971,489,60,41,2460,2460.0,0.7321428571428571,0,0,0,➡️ STEADY,False,12,👀 WATCHING FOR OVERTAKE,success
557,971,489,60,41,2460,2460.0,0.7321428571428571,0,0,0,➡️ STEADY,False,12,👀 WATCHING FOR OVERTAKE,success
558,971,489,60,41,2460,2460.0,0.7321428571428571,0,0,0,➡️ STEADY,False,12,👀 WATCHING FOR OVERTAKE,success
559,971,489,60,41,2460,2460.0,0.7321428571428571,0,0,0,➡️ STEADY,False,12,👀 WATCHING FOR OVERTAKE,success
560,972,489,60,41,2460,2460.0,0.7321428571428571,0,0,0,➡️ STEADY,False,12,👀 WATCHING FOR OVERTAKE,success
561,972,489,60,41,2460,2460.0,0.7321428571428571,0,0,0,➡️ STEADY,False,12,👀 WATCHING FOR OVERTAKE,success
562,972,491,60,41,2460,2460.0,0.7321428571428571,0,0,0,➡️ STEADY,False,12,👀 WATCHING FOR OVERTAKE,success
563,972,491,60,41,2460,2460.0,0.7321428571428571,0,0,0,➡️ STEADY,False,12,👀 WATCHING FOR OVERTAKE,success
564,973,491,60,41,2460,2460.0,0.7321428571428571,0,0,0,➡️ STEADY,False,12,👀 WATCHING FOR OVERTAKE,success
565,973,491,60,41,2460,2460.0,0.7321428571428571,0,0,0,➡️ STEADY,False,12,👀 WATCHING FOR OVERTAKE,success
566,975,491,60,41,2460,2460.0,0.7321428571428571,0,0,0,➡️ STEADY,False,12,👀 WATCHING FOR OVERTAKE,success
567,975,491,60,41,2460,2460.0,0.7321428571428571,0,0,0,➡️ STEADY,False,12,👀 WATCHING FOR OVERTAKE,success
568,976,492,60,41,2460,2460.0,0.7321428571428571,0,0,0,➡️ STEADY,False,12,👀 WATCHING FOR OVERTAKE,success
569,977,494,60,41,2460,2460.0,0.7321428571428571,0,0,0,➡️ STEADY,False,12,👀 WATCHING FOR OVERTAKE,success
570,976,492,63,44,2772,2491.2,0.7414285714285713,312,312,0,📈 APPROACHING,True,47,⚡ MEDIUM OVERTAKE CHANCE,success
571,979,494,63,44,2772,2522.4,0.7507142857142858,312,312,1,📈 APPROACHING,True,47,⚡ MEDIUM OVERTAKE CHANCE,success
572,979,493,63,44,2772,2553.6,0.76,312,312,2,📈 APPROACHING,True,47,⚡ MEDIUM OVERTAKE CHANCE,success
573,982,494,63,44,2772,2584.8,0.7692857142857144,312,312,3,📈 APPROACHING,True,47,⚡ MEDIUM OVERTAKE CHANCE,success
574,982,493,63,44,2772,2616.0,0.7785714285714286,312,312,4,📈 APPROACHING,True,57,⚡ MEDIUM OVERTAKE CHANCE,success
575,982,493,63,44,2772,2647.2,0.7878571428571428,0,312,4,➡️ STEADY,True,57,⚡ MEDIUM OVERTAKE CHANCE,success
576,984,494,63,44,2772,2678.4,0.7971428571428572,0,312,4,➡️ STEADY,True,57,⚡ MEDIUM OVERTAKE CHANCE,success
577,985,495,63,44,2772,2709.6,0.8064285714285714,0,312,4,➡️ STEADY,True,57,⚡ MEDIUM OVERTAKE CHANCE,success
578,987,496,63,44,2772,2740.8,0.8157142857142857,0,312,4,➡️ STEADY,True,57,⚡ MEDIUM OVERTAKE CHANCE,success
579,987,496,63,44,2772,2772.0,0.825,0,312,4,➡️ STEADY,True,57,⚡ MEDIUM OVERTAKE CHANCE,success
580,988,496,63,44,2772,2772.0,0.825,0,312,4,➡️ STEADY,True,57,⚡ MEDIUM OVERTAKE CHANCE,success
581,988,498,63,44,2772,2772.0,0.825,0,312,4,➡️ STEADY,True,57,⚡ MEDIUM OVERTAKE CHANCE,success
582,989,498,63,44,2772,2772.0,0.825,0,312,4,➡️ STEADY,True,57,⚡ MEDIUM OVERTAKE CHANCE,success
583,991,498,63,44,2772,2772.0,0.825,0,312,4,➡️ STEADY,True,57,⚡ MEDIUM OVERTAKE CHANCE,success
584,992,498,63,44,2772,2772.0,0.825,0,312,4,➡️ STEADY,True,57,⚡ MEDIUM OVERTAKE CHANCE,success
585,992,499,63,44,2772,2772.0,0.825,0,312,4,➡️ STEADY,True,57,⚡ MEDIUM OVERTAKE CHANCE,success
586,993,499,63,44,2772,2772.0,0.825,0,312,4,➡️ STEADY,True,57,⚡ MEDIUM OVERTAKE CHANCE,success
587,993,500,63,44,2772,2772.0,0.825,0,312,4,➡️ STEADY,True,57,⚡ MEDIUM OVERTAKE CHANCE,success
588,994,500,63,44,2772,2772.0,0.825,0,312,4,➡️ STEADY,True,57,⚡ MEDIUM OVERTAKE CHANCE,success
589,993,500,63,44,2772,2772.0,0.825,0,312,4,➡️ STEADY,True,57,⚡ MEDIUM OVERTAKE CHANCE,success
590,992,501,63,44,2772,2772.0,0.825,0,312,4,➡️ STEADY,True,57,⚡ MEDIUM OVERTAKE CHANCE,success
591,992,502,63,44,2772,2772.0,0.825,0,312,4,➡️ STEADY,True,57,⚡ MEDIUM OVERTAKE CHANCE,success
592,991,501,63,44,2772,2772.0,0.825,0,312,4,➡️ STEADY,True,57,⚡ MEDIUM OVERTAKE CHANCE,success
593,990,501,63,44,2772,2772.0,0.825,0,312,4,➡️ STEADY,True,57,⚡ MEDIUM OVERTAKE CHANCE,success
594,989,501,63,44,2772,2772.0,0.825,0,312,4,➡️ STEADY,True,57,⚡ MEDIUM OVERTAKE CHANCE,success
595,987,501,63,44,2772,2772.0,0.825,0,312,4,➡️ STEADY,True,57,⚡ MEDIUM OVERTAKE CHANCE,success
596,984,500,63,44,2772,2772.0,0.825,0,312,4,➡️ STEADY,True,57,⚡ MEDIUM OVERTAKE CHANCE,success
597,982,500,63,44,2772,2772.0,0.825,0,312,4,➡️ STEADY,True,57,⚡ MEDIUM OVERTAKE CHANCE,success
598,977,499,63,44,2772,2772.0,0.825,0,312,4,➡️ STEADY,True,57,⚡ MEDIUM OVERTAKE CHANCE,success
599,975,499,63,44,2772,2772.0,0.825,0,312,4,➡️ STEADY,True,57,⚡ MEDIUM OVERTAKE CHANCE,success
600,973,499,63,44,2772,2772.0,0.825,0,312,4,➡️ STEADY,True,57,⚡ MEDIUM OVERTAKE CHANCE,success
601,969,499,63,44,2772,2772.0,0.825,0,312,4,➡️ STEADY,True,57,⚡ MEDIUM OVERTAKE CHANCE,success
602,966,498,63,44,2772,2772.0,0.825,0,312,4,➡️ STEADY,True,57,⚡ MEDIUM OVERTAKE CHANCE,success
603,960,497,63,44,2772,2772.0,0.825,0,312,4,➡️ STEADY,True,57,⚡ MEDIUM OVERTAKE CHANCE,success
604,956,496,63,44,2772,2772.0,0.825,0,312,4,➡️ STEADY,True,57,⚡ MEDIUM OVERTAKE CHANCE,success
605,955,497,63,44,2772,2772.0,0.825,0,312,4,➡️ STEADY,True,57,⚡ MEDIUM OVERTAKE CHANCE,success
606,946,495,63,44,2772,2772.0,0.825,0,312,4,➡️ STEADY,True,57,⚡ MEDIUM OVERTAKE CHANCE,success
607,943,495,63,44,2772,2772.0,0.825,0,312,4,➡️ STEADY,True,57,⚡ MEDIUM OVERTAKE CHANCE,success
608,935,494,67,46,3082,2803.0,0.8342261904761905,310,312,38,📈 APPROACHING,True,54,⚡ MEDIUM OVERTAKE CHANCE,success
609,930,494,67,46,3082,2834.0,0.843452380952381,310,312,39,📈 APPROACHING,True,54,⚡ MEDIUM OVERTAKE CHANCE,success
610,927,494,67,46,3082,2865.0,0.8526785714285714,310,312,40,📈 APPROACHING,True,54,⚡ MEDIUM OVERTAKE CHANCE,success
611,920,495,63,44,2772,2865.0,0.8526785714285714,0,312,40,➡️ STEADY,True,54,⚡ MEDIUM OVERTAKE CHANCE,success
612,917,495,63,44,2772,2865.0,0.8526785714285714,0,312,40,➡️ STEADY,True,54,⚡ MEDIUM OVERTAKE CHANCE,success
613,912,495,63,44,2772,2865.0,0.8526785714285714,-310,0,0,📉 MOVING AWAY,False,12,👀 WATCHING FOR OVERTAKE,success
614,907,495,63,44,2772,2865.0,0.8526785714285714,-310,0,0,📉 MOVING AWAY,False,12,👀 WATCHING FOR OVERTAKE,success
615,903,495,63,44,2772,2865.0,0.8526785714285714,-310,0,0,📉 MOVING AWAY,False,12,👀 WATCHING FOR OVERTAKE,success
616,898,495,63,44,2772,2865.0,0.8526785714285714,0,0,0,➡️ STEADY,False,12,👀 WATCHING FOR OVERTAKE,success
617,895,493,67,46,3082,2896.0,0.861904761904762,310,310,0,📈 APPROACHING,True,47,⚡ MEDIUM OVERTAKE CHANCE,success
618,892,494,63,44,2772,2865.0,0.8526785714285714,0,310,0,➡️ STEADY,True,47,⚡ MEDIUM OVERTAKE CHANCE,success
619,890,493,63,44,2772,2834.0,0.843452380952381,0,310,0,➡️ STEADY,True,47,⚡ MEDIUM OVERTAKE CHANCE,success
620,888,493,63,44,2772,2803.0,0.8342261904761905,0,310,0,➡️ STEADY,True,47,⚡ MEDIUM OVERTAKE CHANCE,success
621,883,492,63,44,2772,2803.0,0.8342261904761905,0,310,0,➡️ STEADY,True,47,⚡ MEDIUM OVERTAKE CHANCE,success
622,883,491,63,44,2772,2803.0,0.8342261904761905,-310,0,0,📉 MOVING AWAY,False,12,👀 WATCHING FOR OVERTAKE,success
623,881,490,63,44,2772,2803.0,0.8342261904761905,0,0,0,➡️ STEADY,False,12,👀 WATCHING FOR OVERTAKE,success
624,879,490,63,44,2772,2803.0,0.8342261904761905,0,0,0,➡️ STEADY,False,12,👀 WATCHING FOR OVERTAKE,success
625,879,490,63,44,2772,2803.0,0.8342261904761905,0,0,0,➡️ STEADY,False,12,👀 WATCHING FOR OVERTAKE,success
626,875,488,63,44,2772,2803.0,0.8342261904761905,0,0,0,➡️ STEADY,False,12,👀 WATCHING FOR OVERTAKE,success
627,874,486,63,44,2772,2772.0,0.825,0,0,0,➡️ STEADY,False,12,👀 WATCHING FOR OVERTAKE,success
628,872,486,63,44,2772,2772.0,0.825,0,0,0,➡️ STEADY,False,12,👀 WATCHING FOR OVERTAKE,success
629,868,483,67,46,3082,2803.0,0.8342261904761905,310,310,0,📈 APPROACHING,True,47,⚡ MEDIUM OVERTAKE CHANCE,success
630,867,482,67,46,3082,2834.0,0.843452380952381,310,310,1,📈 APPROACHING,True,47,⚡ MEDIUM OVERTAKE CHANCE,success
631,862,481,67,46,3082,2865.0,0.8526785714285714,310,310,2,📈 APPROACHING,True,47,⚡ MEDIUM OVERTAKE CHANCE,success
632,862,481,67,46,3082,2896.0,0.861904761904762,310,310,3,📈 APPROACHING,True,47,⚡ MEDIUM OVERTAKE CHANCE,success
633,859,481,67,46,3082,2927.0,0.8711309523809524,310,310,4,📈 APPROACHING,True,57,⚡ MEDIUM OVERTAKE CHANCE,success
634,858,481,67,46,3082,2958.0,0.8803571428571428,0,310,4,➡️ STEADY,True,57,⚡ MEDIUM OVERTAKE CHANCE,success
635,857,481,67,46,3082,2989.0,0.8895833333333333,0,310,4,➡️ STEADY,True,57,⚡ MEDIUM OVERTAKE CHANCE,success
636,853,482,67,46,3082,3020.0,0.8988095238095238,0,310,4,➡️ STEADY,True,57,⚡ MEDIUM OVERTAKE CHANCE,success
637,854,482,67,46,3082,3051.0,0.9080357142857143,0,310,4,➡️ STEADY,True,58,⚡ MEDIUM OVERTAKE CHANCE,success
638,852,486,67,46,3082,3082.0,0.9172619047619047,0,310,4,➡️ STEADY,True,58,⚡ MEDIUM OVERTAKE CHANCE,success
639,851,486,67,46,3082,3082.0,0.9172619047619047,0,310,4,➡️ STEADY,True,58,⚡ MEDIUM OVERTAKE CHANCE,success
640,851,488,67,46,3082,3082.0,0.9172619047619047,0,310,4,➡️ STEADY,True,58,⚡ MEDIUM OVERTAKE CHANCE,success
641,849,490,67,46,3082,3082.0,0.9172619047619047,0,310,4,➡️ STEADY,True,58,⚡ MEDIUM OVERTAKE CHANCE,success
642,850,491,67,46,3082,3082.0,0.9172619047619047,0,310,4,➡️ STEADY,True,58,⚡ MEDIUM OVERTAKE CHANCE,success
643,849,492,67,46,3082,3082.0,0.9172619047619047,0,310,4,➡️ STEADY,True,58,⚡ MEDIUM OVERTAKE CHANCE,success
644,849,493,67,46,3082,3082.0,0.9172619047619047,0,310,4,➡️ STEADY,True,58,⚡ MEDIUM OVERTAKE CHANCE,success
645,849,493,67,46,3082,3082.0,0.9172619047619047,0,310,4,➡️ STEADY,True,58,⚡ MEDIUM OVERTAKE CHANCE,success
646,849,494,67,46,3082,3082.0,0.9172619047619047,0,310,4,➡️ STEADY,True,58,⚡ MEDIUM OVERTAKE CHANCE,success
647,849,496,67,46,3082,3082.0,0.9172619047619047,0,310,4,➡️ STEADY,True,58,⚡ MEDIUM OVERTAKE CHANCE,success
648,849,497,67,46,3082,3082.0,0.9172619047619047,0,310,4,➡️ STEADY,True,58,⚡ MEDIUM OVERTAKE CHANCE,success
649,848,496,67,46,3082,3082.0,0.9172619047619047,0,310,4,➡️ STEADY,True,58,⚡ MEDIUM OVERTAKE CHANCE,success
650,846,495,70,48,3360,3109.8,0.9255357142857144,278,310,21,📈 APPROACHING,True,57,⚡ MEDIUM OVERTAKE CHANCE,success
651,847,497,67,46,3082,3109.8,0.9255357142857144,0,310,21,➡️ STEADY,True,57,⚡ MEDIUM OVERTAKE CHANCE,success
652,847,498,67,46,3082,3109.8,0.9255357142857144,0,310,21,➡️ STEADY,True,57,⚡ MEDIUM OVERTAKE CHANCE,success
653,849,498,67,46,3082,3109.8,0.9255357142857144,0,310,21,➡️ STEADY,True,57,⚡ MEDIUM OVERTAKE CHANCE,success
654,849,498,67,46,3082,3109.8,0.9255357142857144,0,310,21,➡️ STEADY,True,57,⚡ MEDIUM OVERTAKE CHANCE,success
655,849,499,67,46,3082,3109.8,0.9255357142857144,-278,0,0,📉 MOVING AWAY,False,13,👀 WATCHING FOR OVERTAKE,success
656,849,497,67,46,3082,3109.8,0.9255357142857144,0,0,0,➡️ STEADY,False,13,👀 WATCHING FOR OVERTAKE,success
657,849,496,67,46,3082,3109.8,0.9255357142857144,0,0,0,➡️ STEADY,False,13,👀 WATCHING FOR OVERTAKE,success
658,851,497,67,46,3082,3109.8,0.9255357142857144,0,0,0,➡️ STEADY,False,13,👀 WATCHING FOR OVERTAKE,success
659,851,497,67,46,3082,3109.8,0.9255357142857144,0,0,0,➡️ STEADY,False,13,👀 WATCHING FOR OVERTAKE,success
660,853,498,67,46,3082,3082.0,0.9172619047619047,0,0,0,➡️ STEADY,False,13,👀 WATCHING FOR OVERTAKE,success
661,853,497,67,46,3082,3082.0,0.9172619047619047,0,0,0,➡️ STEADY,False,13,👀 WATCHING FOR OVERTAKE,success
662,852,499,67,46,3082,3082.0,0.9172619047619047,0,0,0,➡️ STEADY,False,13,👀 WATCHING FOR OVERTAKE,success
663,852,499,67,46,3082,3082.0,0.9172619047619047,0,0,0,➡️ STEADY,False,13,👀 WATCHING FOR OVERTAKE,success
664,852,499,67,46,3082,3082.0,0.9172619047619047,0,0,0,➡️ STEADY,False,13,👀 WATCHING FOR OVERTAKE,success
665,851,499,67,46,3082,3082.0,0.9172619047619047,0,0,0,➡️ STEADY,False,13,👀 WATCHING FOR OVERTAKE,success
666,852,499,63,44,2772,3051.0,0.9080357142857143,-310,0,0,📉 MOVING AWAY,False,13,👀 WATCHING FOR OVERTAKE,success
667,852,499,63,44,2772,3020.0,0.8988095238095238,-310,0,0,📉 MOVING AWAY,False,12,👀 WATCHING FOR OVERTAKE,success
668,855,498,63,44,2772,2989.0,0.8895833333333333,-310,0,0,📉 MOVING AWAY,False,12,👀 WATCHING FOR OVERTAKE,success
669,855,497,63,44,2772,2958.0,0.8803571428571428,-310,0,0,📉 MOVING AWAY,False,12,👀 WATCHING FOR OVERTAKE,success
670,858,497,63,44,2772,2927.0,0.8711309523809524,-310,0,0,📉 MOVING AWAY,False,12,👀 WATCHING FOR OVERTAKE,success
671,863,500,63,44,2772,2896.0,0.861904761904762,0,0,0,➡️ STEADY,False,12,👀 WATCHING FOR OVERTAKE,success
672,866,499,63,44,2772,2865.0,0.8526785714285714,0,0,0,➡️ STEADY,False,12,👀 WATCHING FOR OVERTAKE,success
673,871,499,63,44,2772,2834.0,0.843452380952381,0,0,0,➡️ STEADY,False,12,👀 WATCHING FOR OVERTAKE,success
674,872,499,63,44,2772,2803.0,0.8342261904761905,0,0,0,➡️ STEADY,False,12,👀 WATCHING FOR OVERTAKE,success
675,873,499,63,44,2772,2772.0,0.825,0,0,0,➡️ STEADY,False,12,👀 WATCHING FOR OVERTAKE,success
676,874,500,63,44,2772,2772.0,0.825,0,0,0,➡️ STEADY,False,12,👀 WATCHING FOR OVERTAKE,success
677,875,500,63,44,2772,2772.0,0.825,0,0,0,➡️ STEADY,False,12,👀 WATCHING FOR OVERTAKE,success
678,876,500,63,44,2772,2772.0,0.825,0,0,0,➡️ STEADY,False,12,👀 WATCHING FOR OVERTAKE,success
679,878,502,60,41,2460,2740.8,0.8157142857142857,-312,0,0,📉 MOVING AWAY,False,12,👀 WATCHING FOR OVERTAKE,success
680,878,502,60,41,2460,2709.6,0.8064285714285714,-312,0,0,📉 MOVING AWAY,False,12,👀 WATCHING FOR OVERTAKE,success
681,879,502,60,41,2460,2678.4,0.7971428571428572,-312,0,0,📉 MOVING AWAY,False,12,👀 WATCHING FOR OVERTAKE,success
682,880,502,60,41,2460,2647.2,0.7878571428571428,-312,0,0,📉 MOVING AWAY,False,12,👀 WATCHING FOR OVERTAKE,success
683,880,500,60,41,2460,2616.0,0.7785714285714286,-312,0,0,📉 MOVING AWAY,False,12,👀 WATCHING FOR OVERTAKE,success
684,881,500,60,41,2460,2584.8,0.7692857142857144,0,0,0,➡️ STEADY,False,12,👀 WATCHING FOR OVERTAKE,success
685,881,500,60,41,2460,2553.6,0.76,0,0,0,➡️ STEADY,False,12,👀 WATCHING FOR OVERTAKE,success
686,884,497,60,41,2460,2522.4,0.7507142857142858,0,0,0,➡️ STEADY,False,12,👀 WATCHING FOR OVERTAKE,success
687,884,496,60,41,2460,2491.2,0.7414285714285713,0,0,0,➡️ STEADY,False,12,👀 WATCHING FOR OVERTAKE,success
688,885,494,60,41,2460,2460.0,0.7321428571428571,0,0,0,➡️ STEADY,False,12,👀 WATCHING FOR OVERTAKE,success
689,886,493,60,41,2460,2460.0,0.7321428571428571,0,0,0,➡️ STEADY,False,12,👀 WATCHING FOR OVERTAKE,success
690,889,493,60,41,2460,2460.0,0.7321428571428571,0,0,0,➡️ STEADY,False,12,👀 WATCHING FOR OVERTAKE,success
691,891,492,60,41,2460,2460.0,0.7321428571428571,0,0,0,➡️ STEADY,False,12,👀 WATCHING FOR OVERTAKE,success
692,893,492,60,41,2460,2460.0,0.7321428571428571,0,0,0,➡️ STEADY,False,12,👀 WATCHING FOR OVERTAKE,success
693,894,492,60,41,2460,2460.0,0.7321428571428571,0,0,0,➡️ STEADY,False,12,👀 WATCHING FOR OVERTAKE,success
694,896,491,60,41,2460,2460.0,0.7321428571428571,0,0,0,➡️ STEADY,False,12,👀 WATCHING FOR OVERTAKE,success
695,896,491,60,41,2460,2460.0,0.7321428571428571,0,0,0,➡️ STEADY,False,12,👀 WATCHING FOR OVERTAKE,success
696,896,490,60,41,2460,2460.0,0.7321428571428571,0,0,0,➡️ STEADY,False,12,👀 WATCHING FOR OVERTAKE,success
697,895,489,60,41,2460,2460.0,0.7321428571428571,0,0,0,➡️ STEADY,False,12,👀 WATCHING FOR OVERTAKE,success
698,892,488,60,41,2460,2460.0,0.7321428571428571,0,0,0,➡️ STEADY,False,12,👀 WATCHING FOR OVERTAKE,success
699,892,487,60,41,2460,2460.0,0.7321428571428571,0,0,0,➡️ STEADY,False,12,👀 WATCHING FOR OVERTAKE,success
700,890,486,60,41,2460,2460.0,0.7321428571428571,0,0,0,➡️ STEADY,False,12,👀 WATCHING FOR OVERTAKE,success
701,888,486,60,41,2460,2460.0,0.7321428571428571,0,0,0,➡️ STEADY,False,12,👀 WATCHING FOR OVERTAKE,success
702,888,486,60,41,2460,2460.0,0.7321428571428571,0,0,0,➡️ STEADY,False,12,👀 WATCHING FOR OVERTAKE,success
703,885,485,60,41,2460,2460.0,0.7321428571428571,0,0,0,➡️ STEADY,False,12,👀 WATCHING FOR OVERTAKE,success
704,885,486,60,41,2460,2460.0,0.7321428571428571,0,0,0,➡️ STEADY,False,12,👀 WATCHING FOR OVERTAKE,success
705,883,486,60,41,2460,2460.0,0.7321428571428571,0,0,0,➡️ STEADY,False,12,👀 WATCHING FOR OVERTAKE,success
706,882,487,60,41,2460,2460.0,0.7321428571428571,0,0,0,➡️ STEADY,False,12,👀 WATCHING FOR OVERTAKE,success
707,879,487,60,41,2460,2460.0,0.7321428571428571,0,0,0,➡️ STEADY,False,12,👀 WATCHING FOR OVERTAKE,success
708,876,488,60,41,2460,2460.0,0.7321428571428571,0,0,0,➡️ STEADY,False,12,👀 WATCHING FOR OVERTAKE,success
709,873,488,60,41,2460,2460.0,0.7321428571428571,0,0,0,➡️ STEADY,False,12,👀 WATCHING FOR OVERTAKE,success
710,872,489,60,41,2460,2460.0,0.7321428571428571,0,0,0,➡️ STEADY,False,12,👀 WATCHING FOR OVERTAKE,success
711,867,488,60,41,2460,2460.0,0.7321428571428571,0,0,0,➡️ STEADY,False,12,👀 WATCHING FOR OVERTAKE,success
712,866,488,60,41,2460,2460.0,0.7321428571428571,0,0,0,➡️ STEADY,False,12,👀 WATCHING FOR OVERTAKE,success
713,862,489,58,39,2262,2440.2,0.72625,-198,0,0,📉 MOVING AWAY,False,12,👀 WATCHING FOR OVERTAKE,success
714,860,489,58,39,2262,2420.4,0.7203571428571429,-198,0,0,📉 MOVING AWAY,False,12,👀 WATCHING FOR OVERTAKE,success
715,858,489,58,39,2262,2400.6,0.7144642857142857,-198,0,0,📉 MOVING AWAY,False,12,👀 WATCHING FOR OVERTAKE,success
716,854,490,58,39,2262,2380.8,0.7085714285714286,-198,0,0,📉 MOVING AWAY,False,12,👀 WATCHING FOR OVERTAKE,success
717,853,490,58,39,2262,2361.0,0.7026785714285714,-198,0,0,📉 MOVING AWAY,False,12,👀 WATCHING FOR OVERTAKE,success
718,849,489,58,39,2262,2341.2,0.6967857142857142,0,0,0,➡️ STEADY,False,12,👀 WATCHING FOR OVERTAKE,success
719,848,490,58,39,2262,2321.4,0.6908928571428572,0,0,0,➡️ STEADY,False,12,👀 WATCHING FOR OVERTAKE,success
720,847,490,58,39,2262,2301.6,0.6849999999999999,0,0,0,➡️ STEADY,False,12,👀 WATCHING FOR OVERTAKE,success
721,847,490,58,39,2262,2281.8,0.6791071428571429,0,0,0,➡️ STEADY,False,12,👀 WATCHING FOR OVERTAKE,success
722,846,490,58,39,2262,2262.0,0.6732142857142858,0,0,0,➡️ STEADY,False,12,👀 WATCHING FOR OVERTAKE,success
723,846,490,58,39,2262,2262.0,0.6732142857142858,0,0,0,➡️ STEADY,False,12,👀 WATCHING FOR OVERTAKE,success
724,846,490,58,39,2262,2262.0,0.6732142857142858,0,0,0,➡️ STEADY,False,12,👀 WATCHING FOR OVERTAKE,success
725,847,490,58,39,2262,2262.0,0.6732142857142858,0,0,0,➡️ STEADY,False,12,👀 WATCHING FOR OVERTAKE,success
726,846,490,58,39,2262,2262.0,0.6732142857142858,0,0,0,➡️ STEADY,False,12,👀 WATCHING FOR OVERTAKE,success
727,844,490,58,39,2262,2262.0,0.6732142857142858,0,0,0,➡️ STEADY,False,12,👀 WATCHING FOR OVERTAKE,success
728,840,490,58,39,2262,2262.0,0.6732142857142858,0,0,0,➡️ STEADY,False,12,👀 WATCHING FOR OVERTAKE,success
729,839,490,58,39,2262,2262.0,0.6732142857142858,0,0,0,➡️ STEADY,False,12,👀 WATCHING FOR OVERTAKE,success
730,838,491,58,39,2262,2262.0,0.6732142857142858,0,0,0,➡️ STEADY,False,12,👀 WATCHING FOR OVERTAKE,success
731,832,490,60,41,2460,2281.8,0.6791071428571429,198,198,0,📈 APPROACHING,True,46,⚡ MEDIUM OVERTAKE CHANCE,success
732,831,491,58,39,2262,2281.8,0.6791071428571429,0,198,0,➡️ STEADY,True,46,⚡ MEDIUM OVERTAKE CHANCE,success
733,827,492,58,39,2262,2281.8,0.6791071428571429,0,198,0,➡️ STEADY,True,46,⚡ MEDIUM OVERTAKE CHANCE,success
734,826,492,58,39,2262,2281.8,0.6791071428571429,0,198,0,➡️ STEADY,True,46,⚡ MEDIUM OVERTAKE CHANCE,success
735,825,492,58,39,2262,2281.8,0.6791071428571429,0,198,0,➡️ STEADY,True,46,⚡ MEDIUM OVERTAKE CHANCE,success
736,822,493,58,39,2262,2281.8,0.6791071428571429,-198,0,0,📉 MOVING AWAY,False,12,👀 WATCHING FOR OVERTAKE,success
737,821,493,58,39,2262,2281.8,0.6791071428571429,0,0,0,➡️ STEADY,False,12,👀 WATCHING FOR OVERTAKE,success
738,817,493,58,39,2262,2281.8,0.6791071428571429,0,0,0,➡️ STEADY,False,12,👀 WATCHING FOR OVERTAKE,success
739,816,494,58,39,2262,2281.8,0.6791071428571429,0,0,0,➡️ STEADY,False,12,👀 WATCHING FOR OVERTAKE,success
740,814,494,58,39,2262,2281.8,0.6791071428571429,0,0,0,➡️ STEADY,False,12,👀 WATCHING FOR OVERTAKE,success
741,812,494,58,39,2262,2262.0,0.6732142857142858,0,0,0,➡️ STEADY,False,12,👀 WATCHING FOR OVERTAKE,success
742,812,495,58,39,2262,2262.0,0.6732142857142858,0,0,0,➡️ STEADY,False,12,👀 WATCHING FOR OVERTAKE,success
743,811,495,58,39,2262,2262.0,0.6732142857142858,0,0,0,➡️ STEADY,False,12,👀 WATCHING FOR OVERTAKE,success
744,811,496,58,39,2262,2262.0,0.6732142857142858,0,0,0,➡️ STEADY,False,12,👀 WATCHING FOR OVERTAKE,success
745,812,497,58,39,2262,2262.0,0.6732142857142858,0,0,0,➡️ STEADY,False,12,👀 WATCHING FOR OVERTAKE,success
746,812,499,58,39,2262,2262.0,0.6732142857142858,0,0,0,➡️ STEADY,False,12,👀 WATCHING FOR OVERTAKE,success
747,814,500,55,38,2090,2244.8,0.6680952380952382,-172,0,0,📉 MOVING AWAY,False,12,👀 WATCHING FOR OVERTAKE,success
748,814,500,55,38,2090,2227.6,0.6629761904761905,-172,0,0,📉 MOVING AWAY,False,12,👀 WATCHING FOR OVERTAKE,success
749,814,501,55,38,2090,2210.4,0.6578571428571429,-172,0,0,📉 MOVING AWAY,False,12,👀 WATCHING FOR OVERTAKE,success
750,815,500,55,38,2090,2193.2,0.6527380952380952,-172,0,0,📉 MOVING AWAY,False,12,👀 WATCHING FOR OVERTAKE,success
751,816,501,52,36,1872,2154.2,0.6411309523809523,-390,0,0,📉 MOVING AWAY,False,12,👀 WATCHING FOR OVERTAKE,success
752,817,501,52,36,1872,2115.2,0.6295238095238095,-218,0,0,📉 MOVING AWAY,False,12,👀 WATCHING FOR OVERTAKE,success
753,818,502,52,36,1872,2076.2,0.6179166666666666,-218,0,0,📉 MOVING AWAY,False,12,👀 WATCHING FOR OVERTAKE,success
754,818,502,52,36,1872,2037.2,0.6063095238095239,-218,0,0,📉 MOVING AWAY,False,12,👀 WATCHING FOR OVERTAKE,success
755,818,502,52,36,1872,1998.2,0.5947023809523809,-218,0,0,📉 MOVING AWAY,False,11,👀 WATCHING FOR OVERTAKE,success
756,819,502,52,36,1872,1959.2,0.5830952380952381,0,0,0,➡️ STEADY,False,11,👀 WATCHING FOR OVERTAKE,success
757,822,504,50,34,1700,1920.2,0.5714880952380953,-172,0,0,📉 MOVING AWAY,False,11,👀 WATCHING FOR OVERTAKE,success
758,824,504,50,34,1700,1881.2,0.5598809523809524,-172,0,0,📉 MOVING AWAY,False,11,👀 WATCHING FOR OVERTAKE,success
759,825,505,50,34,1700,1842.2,0.5482738095238096,-172,0,0,📉 MOVING AWAY,False,11,👀 WATCHING FOR OVERTAKE,success
760,827,505,50,34,1700,1803.2,0.5366666666666666,-172,0,0,📉 MOVING AWAY,False,11,👀 WATCHING FOR OVERTAKE,success
761,830,505,50,34,1700,1786.0,0.531547619047619,-172,0,0,📉 MOVING AWAY,False,11,👀 WATCHING FOR OVERTAKE,success
762,829,504,52,36,1872,1786.0,0.531547619047619,172,172,0,📈 APPROACHING,True,41,📉 LOW OVERTAKE CHANCE,success
763,833,503,52,36,1872,1786.0,0.531547619047619,172,172,1,📈 APPROACHING,True,41,📉 LOW OVERTAKE CHANCE,success
764,834,502,52,36,1872,1786.0,0.531547619047619,172,172,2,📈 APPROACHING,True,41,📉 LOW OVERTAKE CHANCE,success
765,836,502,52,36,1872,1786.0,0.531547619047619,172,172,3,📈 APPROACHING,True,41,📉 LOW OVERTAKE CHANCE,success
766,841,502,52,36,1872,1786.0,0.531547619047619,172,172,4,📈 APPROACHING,True,51,⚡ MEDIUM OVERTAKE CHANCE,success
767,842,501,52,36,1872,1803.2,0.5366666666666666,0,172,4,➡️ STEADY,True,51,⚡ MEDIUM OVERTAKE CHANCE,success
768,848,501,50,34,1700,1803.2,0.5366666666666666,-172,0,0,📉 MOVING AWAY,False,11,👀 WATCHING FOR OVERTAKE,success
769,850,502,50,34,1700,1803.2,0.5366666666666666,-172,0,0,📉 MOVING AWAY,False,11,👀 WATCHING FOR OVERTAKE,success
770,853,502,50,34,1700,1803.2,0.5366666666666666,-172,0,0,📉 MOVING AWAY,False,11,👀 WATCHING FOR OVERTAKE,success
771,855,502,50,34,1700,1803.2,0.5366666666666666,-172,0,0,📉 MOVING AWAY,False,11,👀 WATCHING FOR OVERTAKE,success
772,858,502,50,34,1700,1786.0,0.531547619047619,-172,0,0,📉 MOVING AWAY,False,11,👀 WATCHING FOR OVERTAKE,success
773,861,502,50,34,1700,1768.8,0.5264285714285715,0,0,0,➡️ STEADY,False,11,👀 WATCHING FOR OVERTAKE,success
774,864,503,50,34,1700,1751.6,0.5213095238095238,0,0,0,➡️ STEADY,False,11,👀 WATCHING FOR OVERTAKE,success
775,865,503,50,34,1700,1734.4,0.5161904761904762,0,0,0,➡️ STEADY,False,11,👀 WATCHING FOR OVERTAKE,success
776,868,503,50,34,1700,1717.2,0.5110714285714286,0,0,0,➡️ STEADY,False,11,👀 WATCHING FOR OVERTAKE,success
777,871,503,50,34,1700,1700.0,0.5059523809523809,0,0,0,➡️ STEADY,False,11,👀 WATCHING FOR OVERTAKE,success
778,873,502,50,34,1700,1700.0,0.5059523809523809,0,0,0,➡️ STEADY,False,11,👀 WATCHING FOR OVERTAKE,success
779,876,502,50,34,1700,1700.0,0.5059523809523809,0,0,0,➡️ STEADY,False,11,👀 WATCHING FOR OVERTAKE,success
780,878,503,47,32,1504,1680.4,0.5001190476190477,-196,0,0,📉 MOVING AWAY,False,11,👀 WATCHING FOR OVERTAKE,success
781,882,502,47,32,1504,1660.8,0.4942857142857143,-196,0,0,📉 MOVING AWAY,False,11,👀 WATCHING FOR OVERTAKE,success
782,884,502,47,32,1504,1641.2,0.48845238095238097,-196,0,0,📉 MOVING AWAY,False,11,👀 WATCHING FOR OVERTAKE,success
783,888,501,47,32,1504,1621.6,0.4826190476190476,-196,0,0,📉 MOVING AWAY,False,11,👀 WATCHING FOR OVERTAKE,success
784,889,501,47,32,1504,1602.0,0.4767857142857143,-196,0,0,📉 MOVING AWAY,False,11,👀 WATCHING FOR OVERTAKE,success
785,891,500,47,32,1504,1582.4,0.47095238095238096,0,0,0,➡️ STEADY,False,11,👀 WATCHING FOR OVERTAKE,success
786,893,501,47,32,1504,1562.8,0.4651190476190476,0,0,0,➡️ STEADY,False,11,👀 WATCHING FOR OVERTAKE,success
787,896,501,47,32,1504,1543.2,0.4592857142857143,0,0,0,➡️ STEADY,False,11,👀 WATCHING FOR OVERTAKE,success
788,901,503,45,31,1395,1512.7,0.4502083333333333,-109,0,0,📉 MOVING AWAY,False,11,👀 WATCHING FOR OVERTAKE,success
789,902,503,45,31,1395,1482.2,0.4411309523809524,-109,0,0,📉 MOVING AWAY,False,11,👀 WATCHING FOR OVERTAKE,success
790,904,503,45,31,1395,1471.3,0.4378869047619047,-109,0,0,📉 MOVING AWAY,False,11,👀 WATCHING FOR OVERTAKE,success
791,907,503,45,31,1395,1460.4,0.43464285714285716,-109,0,0,📉 MOVING AWAY,False,11,👀 WATCHING FOR OVERTAKE,success
792,909,503,45,31,1395,1449.5,0.43139880952380955,-109,0,0,📉 MOVING AWAY,False,11,👀 WATCHING FOR OVERTAKE,success
793,914,503,45,31,1395,1438.6,0.42815476190476187,0,0,0,➡️ STEADY,False,11,👀 WATCHING FOR OVERTAKE,success
794,915,503,45,31,1395,1427.7,0.4249107142857143,0,0,0,➡️ STEADY,False,11,👀 WATCHING FOR OVERTAKE,success
795,918,503,45,31,1395,1416.8,0.42166666666666663,0,0,0,➡️ STEADY,False,11,👀 WATCHING FOR OVERTAKE,success
796,922,502,45,31,1395,1405.9,0.41842261904761907,0,0,0,➡️ STEADY,False,11,👀 WATCHING FOR OVERTAKE,success
797,923,502,45,31,1395,1395.0,0.41517857142857145,0,0,0,➡️ STEADY,False,11,👀 WATCHING FOR OVERTAKE,success
798,928,502,45,31,1395,1395.0,0.41517857142857145,0,0,0,➡️ STEADY,False,11,👀 WATCHING FOR OVERTAKE,success
799,931,502,45,31,1395,1395.0,0.41517857142857145,0,0,0,➡️ STEADY,False,11,👀 WATCHING FOR OVERTAKE,success
800,933,502,45,31,1395,1395.0,0.41517857142857145,0,0,0,➡️ STEADY,False,11,👀 WATCHING FOR OVERTAKE,success
801,937,501,45,31,1395,1395.0,0.41517857142857145,0,0,0,➡️ STEADY,False,11,👀 WATCHING FOR OVERTAKE,success
802,938,501,45,31,1395,1395.0,0.41517857142857145,0,0,0,➡️ STEADY,False,11,👀 WATCHING FOR OVERTAKE,success
803,943,502,45,31,1395,1395.0,0.41517857142857145,0,0,0,➡️ STEADY,False,11,👀 WATCHING FOR OVERTAKE,success
804,947,501,45,31,1395,1395.0,0.41517857142857145,0,0,0,➡️ STEADY,False,11,👀 WATCHING FOR OVERTAKE,success
805,948,502,45,31,1395,1395.0,0.41517857142857145,0,0,0,➡️ STEADY,False,11,👀 WATCHING FOR OVERTAKE,success
806,953,503,43,29,1247,1380.2,0.41077380952380954,-148,0,0,📉 MOVING AWAY,False,11,👀 WATCHING FOR OVERTAKE,success
807,957,504,43,29,1247,1365.4,0.40636904761904763,-148,0,0,📉 MOVING AWAY,False,11,👀 WATCHING FOR OVERTAKE,success
808,960,504,45,31,1395,1365.4,0.40636904761904763,0,0,0,➡️ STEADY,False,11,👀 WATCHING FOR OVERTAKE,success
809,961,503,45,31,1395,1365.4,0.40636904761904763,0,0,0,➡️ STEADY,False,11,👀 WATCHING FOR OVERTAKE,success
810,964,504,43,29,1247,1350.6,0.40196428571428566,-148,0,0,📉 MOVING AWAY,False,11,👀 WATCHING FOR OVERTAKE,success
811,968,504,43,29,1247,1335.8,0.3975595238095238,0,0,0,➡️ STEADY,False,11,👀 WATCHING FOR OVERTAKE,success
812,969,504,43,29,1247,1321.0,0.3931547619047619,0,0,0,➡️ STEADY,False,11,👀 WATCHING FOR OVERTAKE,success
813,971,503,45,31,1395,1321.0,0.3931547619047619,0,0,0,➡️ STEADY,False,11,👀 WATCHING FOR OVERTAKE,success
814,972,502,45,31,1395,1321.0,0.3931547619047619,0,0,0,➡️ STEADY,False,11,👀 WATCHING FOR OVERTAKE,success
815,973,502,45,31,1395,1321.0,0.3931547619047619,148,148,0,📈 APPROACHING,True,37,📉 LOW OVERTAKE CHANCE,success
816,976,502,43,29,1247,1321.0,0.3931547619047619,0,148,0,➡️ STEADY,True,37,📉 LOW OVERTAKE CHANCE,success
817,976,502,43,29,1247,1321.0,0.3931547619047619,0,148,0,➡️ STEADY,True,37,📉 LOW OVERTAKE CHANCE,success
818,978,502,43,29,1247,1306.2,0.38875000000000004,-148,0,0,📉 MOVING AWAY,False,11,👀 WATCHING FOR OVERTAKE,success
819,977,502,43,29,1247,1291.4,0.38434523809523813,-148,0,0,📉 MOVING AWAY,False,11,👀 WATCHING FOR OVERTAKE,success
820,978,502,43,29,1247,1291.4,0.38434523809523813,-148,0,0,📉 MOVING AWAY,False,11,👀 WATCHING FOR OVERTAKE,success
821,977,502,43,29,1247,1291.4,0.38434523809523813,0,0,0,➡️ STEADY,False,11,👀 WATCHING FOR OVERTAKE,success
822,977,502,43,29,1247,1291.4,0.38434523809523813,0,0,0,➡️ STEADY,False,11,👀 WATCHING FOR OVERTAKE,success
823,976,503,43,29,1247,1276.6,0.37994047619047616,0,0,0,➡️ STEADY,False,11,👀 WATCHING FOR OVERTAKE,success
824,976,503,43,29,1247,1261.8,0.37553571428571425,0,0,0,➡️ STEADY,False,11,👀 WATCHING FOR OVERTAKE,success
825,974,503,43,29,1247,1247.0,0.3711309523809524,0,0,0,➡️ STEADY,False,11,👀 WATCHING FOR OVERTAKE,success
826,972,503,45,31,1395,1261.8,0.37553571428571425,148,148,0,📈 APPROACHING,True,37,📉 LOW OVERTAKE CHANCE,success
827,972,503,43,29,1247,1261.8,0.37553571428571425,0,148,0,➡️ STEADY,True,37,📉 LOW OVERTAKE CHANCE,success
828,970,503,43,29,1247,1261.8,0.37553571428571425,0,148,0,➡️ STEADY,True,37,📉 LOW OVERTAKE CHANCE,success
829,970,503,43,29,1247,1261.8,0.37553571428571425,0,148,0,➡️ STEADY,True,37,📉 LOW OVERTAKE CHANCE,success
830,968,502,43,29,1247,1261.8,0.37553571428571425,0,148,0,➡️ STEADY,True,37,📉 LOW OVERTAKE CHANCE,success
831,966,502,43,29,1247,1261.8,0.37553571428571425,-148,0,0,📉 MOVING AWAY,False,11,👀 WATCHING FOR OVERTAKE,success
832,966,503,43,29,1247,1261.8,0.37553571428571425,0,0,0,➡️ STEADY,False,11,👀 WATCHING FOR OVERTAKE,success
833,963,502,43,29,1247,1261.8,0.37553571428571425,0,0,0,➡️ STEADY,False,11,👀 WATCHING FOR OVERTAKE,success
834,961,502,43,29,1247,1261.8,0.37553571428571425,0,0,0,➡️ STEADY,False,11,👀 WATCHING FOR OVERTAKE,success
835,960,502,43,29,1247,1261.8,0.37553571428571425,0,0,0,➡️ STEADY,False,11,👀 WATCHING FOR OVERTAKE,success
836,957,501,45,31,1395,1261.8,0.37553571428571425,148,148,0,📈 APPROACHING,True,37,📉 LOW OVERTAKE CHANCE,success
837,955,500,45,31,1395,1276.6,0.37994047619047616,148,148,1,📈 APPROACHING,True,37,📉 LOW OVERTAKE CHANCE,success
838,953,500,45,31,1395,1291.4,0.38434523809523813,148,148,2,📈 APPROACHING,True,37,📉 LOW OVERTAKE CHANCE,success
839,951,501,43,29,1247,1291.4,0.38434523809523813,0,148,2,➡️ STEADY,True,37,📉 LOW OVERTAKE CHANCE,success
840,952,501,43,29,1247,1291.4,0.38434523809523813,0,148,2,➡️ STEADY,True,37,📉 LOW OVERTAKE CHANCE,success
841,948,501,45,31,1395,1306.2,0.38875000000000004,0,148,2,➡️ STEADY,True,37,📉 LOW OVERTAKE CHANCE,success
842,947,499,45,31,1395,1321.0,0.3931547619047619,0,148,2,➡️ STEADY,True,37,📉 LOW OVERTAKE CHANCE,success
843,945,499,45,31,1395,1335.8,0.3975595238095238,0,148,2,➡️ STEADY,True,37,📉 LOW OVERTAKE CHANCE,success
844,945,499,43,29,1247,1335.8,0.3975595238095238,0,148,2,➡️ STEADY,True,37,📉 LOW OVERTAKE CHANCE,success
845,945,499,43,29,1247,1335.8,0.3975595238095238,0,148,2,➡️ STEADY,True,37,📉 LOW OVERTAKE CHANCE,success
846,943,497,43,29,1247,1321.0,0.3931547619047619,-148,0,0,📉 MOVING AWAY,False,11,👀 WATCHING FOR OVERTAKE,success
847,942,496,45,31,1395,1321.0,0.3931547619047619,0,0,0,➡️ STEADY,False,11,👀 WATCHING FOR OVERTAKE,success
848,943,495,43,29,1247,1306.2,0.38875000000000004,-148,0,0,📉 MOVING AWAY,False,11,👀 WATCHING FOR OVERTAKE,success
849,942,495,43,29,1247,1306.2,0.38875000000000004,0,0,0,➡️ STEADY,False,11,👀 WATCHING FOR OVERTAKE,success
850,942,494,43,29,1247,1306.2,0.38875000000000004,0,0,0,➡️ STEADY,False,11,👀 WATCHING FOR OVERTAKE,success
851,941,492,43,29,1247,1291.4,0.38434523809523813,0,0,0,➡️ STEADY,False,11,👀 WATCHING FOR OVERTAKE,success
852,941,490,43,29,1247,1276.6,0.37994047619047616,-148,0,0,📉 MOVING AWAY,False,11,👀 WATCHING FOR OVERTAKE,success
853,940,489,43,29,1247,1261.8,0.37553571428571425,0,0,0,➡️ STEADY,False,11,👀 WATCHING FOR OVERTAKE,success
854,940,488,43,29,1247,1261.8,0.37553571428571425,0,0,0,➡️ STEADY,False,11,👀 WATCHING FOR OVERTAKE,success
855,940,488,43,29,1247,1261.8,0.37553571428571425,0,0,0,➡️ STEADY,False,11,👀 WATCHING FOR OVERTAKE,success
856,940,485,43,29,1247,1261.8,0.37553571428571425,0,0,0,➡️ STEADY,False,11,👀 WATCHING FOR OVERTAKE,success
857,939,484,43,29,1247,1247.0,0.3711309523809524,0,0,0,➡️ STEADY,False,11,👀 WATCHING FOR OVERTAKE,success
858,938,484,43,29,1247,1247.0,0.3711309523809524,0,0,0,➡️ STEADY,False,11,👀 WATCHING FOR OVERTAKE,success
859,938,484,43,29,1247,1247.0,0.3711309523809524,0,0,0,➡️ STEADY,False,11,👀 WATCHING FOR OVERTAKE,success
860,937,484,43,29,1247,1247.0,0.3711309523809524,0,0,0,➡️ STEADY,False,11,👀 WATCHING FOR OVERTAKE,success
861,935,484,43,29,1247,1247.0,0.3711309523809524,0,0,0,➡️ STEADY,False,11,👀 WATCHING FOR OVERTAKE,success
862,936,484,43,29,1247,1247.0,0.3711309523809524,0,0,0,➡️ STEADY,False,11,👀 WATCHING FOR OVERTAKE,success
863,933,485,43,29,1247,1247.0,0.3711309523809524,0,0,0,➡️ STEADY,False,11,👀 WATCHING FOR OVERTAKE,success
864,934,484,43,29,1247,1247.0,0.3711309523809524,0,0,0,➡️ STEADY,False,11,👀 WATCHING FOR OVERTAKE,success
865,933,484,43,29,1247,1247.0,0.3711309523809524,0,0,0,➡️ STEADY,False,11,👀 WATCHING FOR OVERTAKE,success
866,933,483,43,29,1247,1247.0,0.3711309523809524,0,0,0,➡️ STEADY,False,11,👀 WATCHING FOR OVERTAKE,success
867,932,482,43,29,1247,1247.0,0.3711309523809524,0,0,0,➡️ STEADY,False,11,👀 WATCHING FOR OVERTAKE,success
868,933,480,43,29,1247,1247.0,0.3711309523809524,0,0,0,➡️ STEADY,False,11,👀 WATCHING FOR OVERTAKE,success
869,933,479,45,31,1395,1261.8,0.37553571428571425,148,148,0,📈 APPROACHING,True,37,📉 LOW OVERTAKE CHANCE,success
870,934,478,43,29,1247,1261.8,0.37553571428571425,0,148,0,➡️ STEADY,True,37,📉 LOW OVERTAKE CHANCE,success
871,935,477,43,29,1247,1261.8,0.37553571428571425,0,148,0,➡️ STEADY,True,37,📉 LOW OVERTAKE CHANCE,success
872,937,476,43,29,1247,1261.8,0.37553571428571425,0,148,0,➡️ STEADY,True,37,📉 LOW OVERTAKE CHANCE,success
873,937,474,43,29,1247,1261.8,0.37553571428571425,0,148,0,➡️ STEADY,True,37,📉 LOW OVERTAKE CHANCE,success
874,938,474,43,29,1247,1261.8,0.37553571428571425,-148,0,0,📉 MOVING AWAY,False,11,👀 WATCHING FOR OVERTAKE,success
875,938,474,43,29,1247,1261.8,0.37553571428571425,0,0,0,➡️ STEADY,False,11,👀 WATCHING FOR OVERTAKE,success
876,938,474,43,29,1247,1261.8,0.37553571428571425,0,0,0,➡️ STEADY,False,11,👀 WATCHING FOR OVERTAKE,success
877,938,474,43,29,1247,1261.8,0.37553571428571425,0,0,0,➡️ STEADY,False,11,👀 WATCHING FOR OVERTAKE,success
878,937,476,43,29,1247,1261.8,0.37553571428571425,0,0,0,➡️ STEADY,False,11,👀 WATCHING FOR OVERTAKE,success
879,937,476,43,29,1247,1247.0,0.3711309523809524,0,0,0,➡️ STEADY,False,11,👀 WATCHING FOR OVERTAKE,success
880,934,477,45,31,1395,1261.8,0.37553571428571425,148,148,0,📈 APPROACHING,True,37,📉 LOW OVERTAKE CHANCE,success
881,934,477,45,31,1395,1276.6,0.37994047619047616,148,148,1,📈 APPROACHING,True,37,📉 LOW OVERTAKE CHANCE,success
882,935,477,45,31,1395,1291.4,0.38434523809523813,148,148,2,📈 APPROACHING,True,37,📉 LOW OVERTAKE CHANCE,success
883,934,480,45,31,1395,1306.2,0.38875000000000004,148,148,3,📈 APPROACHING,True,37,📉 LOW OVERTAKE CHANCE,success
884,934,480,45,31,1395,1321.0,0.3931547619047619,148,148,4,📈 APPROACHING,True,47,⚡ MEDIUM OVERTAKE CHANCE,success
885,934,479,45,31,1395,1335.8,0.3975595238095238,0,148,4,➡️ STEADY,True,47,⚡ MEDIUM OVERTAKE CHANCE,success
886,934,481,45,31,1395,1350.6,0.40196428571428566,0,148,4,➡️ STEADY,True,47,⚡ MEDIUM OVERTAKE CHANCE,success
887,934,481,45,31,1395,1365.4,0.40636904761904763,0,148,4,➡️ STEADY,True,47,⚡ MEDIUM OVERTAKE CHANCE,success
888,935,482,45,31,1395,1380.2,0.41077380952380954,0,148,4,➡️ STEADY,True,47,⚡ MEDIUM OVERTAKE CHANCE,success
889,936,483,45,31,1395,1395.0,0.41517857142857145,0,148,4,➡️ STEADY,True,47,⚡ MEDIUM OVERTAKE CHANCE,success
890,936,483,45,31,1395,1395.0,0.41517857142857145,0,148,4,➡️ STEADY,True,47,⚡ MEDIUM OVERTAKE CHANCE,success
891,937,483,45,31,1395,1395.0,0.41517857142857145,0,148,4,➡️ STEADY,True,47,⚡ MEDIUM OVERTAKE CHANCE,success
892,938,483,45,31,1395,1395.0,0.41517857142857145,0,148,4,➡️ STEADY,True,47,⚡ MEDIUM OVERTAKE CHANCE,success
893,938,484,45,31,1395,1395.0,0.41517857142857145,0,148,4,➡️ STEADY,True,47,⚡ MEDIUM OVERTAKE CHANCE,success
894,939,485,45,31,1395,1395.0,0.41517857142857145,0,148,4,➡️ STEADY,True,47,⚡ MEDIUM OVERTAKE CHANCE,success
895,940,485,45,31,1395,1395.0,0.41517857142857145,0,148,4,➡️ STEADY,True,47,⚡ MEDIUM OVERTAKE CHANCE,success
896,940,486,45,31,1395,1395.0,0.41517857142857145,0,148,4,➡️ STEADY,True,47,⚡ MEDIUM OVERTAKE CHANCE,success
897,940,486,45,31,1395,1395.0,0.41517857142857145,0,148,4,➡️ STEADY,True,47,⚡ MEDIUM OVERTAKE CHANCE,success
898,941,489,45,31,1395,1395.0,0.41517857142857145,0,148,4,➡️ STEADY,True,47,⚡ MEDIUM OVERTAKE CHANCE,success
899,941,489,45,31,1395,1395.0,0.41517857142857145,0,148,4,➡️ STEADY,True,47,⚡ MEDIUM OVERTAKE CHANCE,success
900,942,489,45,31,1395,1395.0,0.41517857142857145,0,148,4,➡️ STEADY,True,47,⚡ MEDIUM OVERTAKE CHANCE,success
901,942,492,45,31,1395,1395.0,0.41517857142857145,0,148,4,➡️ STEADY,True,47,⚡ MEDIUM OVERTAKE CHANCE,success
902,942,492,45,31,1395,1395.0,0.41517857142857145,0,148,4,➡️ STEADY,True,47,⚡ MEDIUM OVERTAKE CHANCE,success
903,942,494,45,31,1395,1395.0,0.41517857142857145,0,148,4,➡️ STEADY,True,47,⚡ MEDIUM OVERTAKE CHANCE,success
904,943,494,45,31,1395,1395.0,0.41517857142857145,0,148,4,➡️ STEADY,True,47,⚡ MEDIUM OVERTAKE CHANCE,success
905,943,494,45,31,1395,1395.0,0.41517857142857145,0,148,4,➡️ STEADY,True,47,⚡ MEDIUM OVERTAKE CHANCE,success
906,943,495,45,31,1395,1395.0,0.41517857142857145,0,148,4,➡️ STEADY,True,47,⚡ MEDIUM OVERTAKE CHANCE,success
907,944,495,45,31,1395,1395.0,0.41517857142857145,0,148,4,➡️ STEADY,True,47,⚡ MEDIUM OVERTAKE CHANCE,success
908,944,495,45,31,1395,1395.0,0.41517857142857145,0,148,4,➡️ STEADY,True,47,⚡ MEDIUM OVERTAKE CHANCE,success
909,944,496,45,31,1395,1395.0,0.41517857142857145,0,148,4,➡️ STEADY,True,47,⚡ MEDIUM OVERTAKE CHANCE,success
910,944,495,45,31,1395,1395.0,0.41517857142857145,0,148,4,➡️ STEADY,True,47,⚡ MEDIUM OVERTAKE CHANCE,success
911,945,495,45,31,1395,1395.0,0.41517857142857145,0,148,4,➡️ STEADY,True,47,⚡ MEDIUM OVERTAKE CHANCE,success
912,944,495,45,31,1395,1395.0,0.41517857142857145,0,148,4,➡️ STEADY,True,47,⚡ MEDIUM OVERTAKE CHANCE,success
913,943,494,45,31,1395,1395.0,0.41517857142857145,0,148,4,➡️ STEADY,True,47,⚡ MEDIUM OVERTAKE CHANCE,success
914,941,494,45,31,1395,1395.0,0.41517857142857145,0,148,4,➡️ STEADY,True,47,⚡ MEDIUM OVERTAKE CHANCE,success
915,940,494,45,31,1395,1395.0,0.41517857142857145,0,148,4,➡️ STEADY,True,47,⚡ MEDIUM OVERTAKE CHANCE,success
916,937,494,45,31,1395,1395.0,0.41517857142857145,0,148,4,➡️ STEADY,True,47,⚡ MEDIUM OVERTAKE CHANCE,success
917,937,494,45,31,1395,1395.0,0.41517857142857145,0,148,4,➡️ STEADY,True,47,⚡ MEDIUM OVERTAKE CHANCE,success
918,933,494,45,31,1395,1395.0,0.41517857142857145,0,148,4,➡️ STEADY,True,47,⚡ MEDIUM OVERTAKE CHANCE,success
919,931,494,45,31,1395,1395.0,0.41517857142857145,0,148,4,➡️ STEADY,True,47,⚡ MEDIUM OVERTAKE CHANCE,success
920,930,494,45,31,1395,1395.0,0.41517857142857145,0,148,4,➡️ STEADY,True,47,⚡ MEDIUM OVERTAKE CHANCE,success
921,925,494,45,31,1395,1395.0,0.41517857142857145,0,148,4,➡️ STEADY,True,47,⚡ MEDIUM OVERTAKE CHANCE,success
922,922,494,45,31,1395,1395.0,0.41517857142857145,0,148,4,➡️ STEADY,True,47,⚡ MEDIUM OVERTAKE CHANCE,success
923,917,494,45,31,1395,1395.0,0.41517857142857145,0,148,4,➡️ STEADY,True,47,⚡ MEDIUM OVERTAKE CHANCE,success
924,915,494,45,31,1395,1395.0,0.41517857142857145,0,148,4,➡️ STEADY,True,47,⚡ MEDIUM OVERTAKE CHANCE,success
925,911,494,45,31,1395,1395.0,0.41517857142857145,0,148,4,➡️ STEADY,True,47,⚡ MEDIUM OVERTAKE CHANCE,success
926,906,494,45,31,1395,1395.0,0.41517857142857145,0,148,4,➡️ STEADY,True,47,⚡ MEDIUM OVERTAKE CHANCE,success
927,901,494,45,31,1395,1395.0,0.41517857142857145,0,148,4,➡️ STEADY,True,47,⚡ MEDIUM OVERTAKE CHANCE,success
928,895,494,45,31,1395,1395.0,0.41517857142857145,0,148,4,➡️ STEADY,True,47,⚡ MEDIUM OVERTAKE CHANCE,success
929,892,494,45,31,1395,1395.0,0.41517857142857145,0,148,4,➡️ STEADY,True,47,⚡ MEDIUM OVERTAKE CHANCE,success
930,891,494,45,31,1395,1395.0,0.41517857142857145,0,148,4,➡️ STEADY,True,47,⚡ MEDIUM OVERTAKE CHANCE,success
931,882,493,45,31,1395,1395.0,0.41517857142857145,0,148,4,➡️ STEADY,True,47,⚡ MEDIUM OVERTAKE CHANCE,success
932,881,494,45,31,1395,1395.0,0.41517857142857145,0,148,4,➡️ STEADY,True,47,⚡ MEDIUM OVERTAKE CHANCE,success
933,874,494,45,31,1395,1395.0,0.41517857142857145,0,148,4,➡️ STEADY,True,47,⚡ MEDIUM OVERTAKE CHANCE,success
934,870,495,45,31,1395,1395.0,0.41517857142857145,0,148,4,➡️ STEADY,True,47,⚡ MEDIUM OVERTAKE CHANCE,success
935,866,496,45,31,1395,1395.0,0.41517857142857145,0,148,4,➡️ STEADY,True,47,⚡ MEDIUM OVERTAKE CHANCE,success
936,860,497,45,31,1395,1395.0,0.41517857142857145,0,148,4,➡️ STEADY,True,47,⚡ MEDIUM OVERTAKE CHANCE,success
937,856,498,45,31,1395,1395.0,0.41517857142857145,0,148,4,➡️ STEADY,True,47,⚡ MEDIUM OVERTAKE CHANCE,success
938,853,500,45,31,1395,1395.0,0.41517857142857145,0,148,4,➡️ STEADY,True,47,⚡ MEDIUM OVERTAKE CHANCE,success
939,849,500,45,31,1395,1395.0,0.41517857142857145,0,148,4,➡️ STEADY,True,47,⚡ MEDIUM OVERTAKE CHANCE,success
940,848,501,45,31,1395,1395.0,0.41517857142857145,0,148,4,➡️ STEADY,True,47,⚡ MEDIUM OVERTAKE CHANCE,success
941,845,501,45,31,1395,1395.0,0.41517857142857145,0,148,4,➡️ STEADY,True,47,⚡ MEDIUM OVERTAKE CHANCE,success
942,842,501,45,31,1395,1395.0,0.41517857142857145,0,148,4,➡️ STEADY,True,47,⚡ MEDIUM OVERTAKE CHANCE,success
943,842,502,45,31,1395,1395.0,0.41517857142857145,0,148,4,➡️ STEADY,True,47,⚡ MEDIUM OVERTAKE CHANCE,success
944,842,502,45,31,1395,1395.0,0.41517857142857145,0,148,4,➡️ STEADY,True,47,⚡ MEDIUM OVERTAKE CHANCE,success
945,842,502,45,31,1395,1395.0,0.41517857142857145,0,148,4,➡️ STEADY,True,47,⚡ MEDIUM OVERTAKE CHANCE,success
946,842,502,45,31,1395,1395.0,0.41517857142857145,0,148,4,➡️ STEADY,True,47,⚡ MEDIUM OVERTAKE CHANCE,success
947,841,501,45,31,1395,1395.0,0.41517857142857145,0,148,4,➡️ STEADY,True,47,⚡ MEDIUM OVERTAKE CHANCE,success
948,842,501,45,31,1395,1395.0,0.41517857142857145,0,148,4,➡️ STEADY,True,47,⚡ MEDIUM OVERTAKE CHANCE,success
949,842,500,45,31,1395,1395.0,0.41517857142857145,0,148,4,➡️ STEADY,True,47,⚡ MEDIUM OVERTAKE CHANCE,success
950,842,500,45,31,1395,1395.0,0.41517857142857145,0,148,4,➡️ STEADY,True,47,⚡ MEDIUM OVERTAKE CHANCE,success
951,845,498,45,31,1395,1395.0,0.41517857142857145,0,148,4,➡️ STEADY,True,47,⚡ MEDIUM OVERTAKE CHANCE,success
952,845,498,45,31,1395,1395.0,0.41517857142857145,0,148,4,➡️ STEADY,True,47,⚡ MEDIUM OVERTAKE CHANCE,success
953,847,496,45,31,1395,1395.0,0.41517857142857145,0,148,4,➡️ STEADY,True,47,⚡ MEDIUM OVERTAKE CHANCE,success
954,847,497,45,31,1395,1395.0,0.41517857142857145,0,148,4,➡️ STEADY,True,47,⚡ MEDIUM OVERTAKE CHANCE,success
955,849,496,45,31,1395,1395.0,0.41517857142857145,0,148,4,➡️ STEADY,True,47,⚡ MEDIUM OVERTAKE CHANCE,success
956,851,495,45,31,1395,1395.0,0.41517857142857145,0,148,4,➡️ STEADY,True,47,⚡ MEDIUM OVERTAKE CHANCE,success
957,853,494,45,31,1395,1395.0,0.41517857142857145,0,148,4,➡️ STEADY,True,47,⚡ MEDIUM OVERTAKE CHANCE,success
958,857,494,45,31,1395,1395.0,0.41517857142857145,0,148,4,➡️ STEADY,True,47,⚡ MEDIUM OVERTAKE CHANCE,success
959,857,494,45,31,1395,1395.0,0.41517857142857145,0,148,4,➡️ STEADY,True,47,⚡ MEDIUM OVERTAKE CHANCE,success
960,860,494,45,31,1395,1395.0,0.41517857142857145,0,148,4,➡️ STEADY,True,47,⚡ MEDIUM OVERTAKE CHANCE,success
961,863,493,45,31,1395,1395.0,0.41517857142857145,0,148,4,➡️ STEADY,True,47,⚡ MEDIUM OVERTAKE CHANCE,success
962,865,493,45,31,1395,1395.0,0.41517857142857145,0,148,4,➡️ STEADY,True,47,⚡ MEDIUM OVERTAKE CHANCE,success
963,869,493,45,31,1395,1395.0,0.41517857142857145,0,148,4,➡️ STEADY,True,47,⚡ MEDIUM OVERTAKE CHANCE,success
964,871,495,45,31,1395,1395.0,0.41517857142857145,0,148,4,➡️ STEADY,True,47,⚡ MEDIUM OVERTAKE CHANCE,success
965,874,495,45,31,1395,1395.0,0.41517857142857145,0,148,4,➡️ STEADY,True,47,⚡ MEDIUM OVERTAKE CHANCE,success
966,879,495,45,31,1395,1395.0,0.41517857142857145,0,148,4,➡️ STEADY,True,47,⚡ MEDIUM OVERTAKE CHANCE,success
967,882,497,45,31,1395,1395.0,0.41517857142857145,0,148,4,➡️ STEADY,True,47,⚡ MEDIUM OVERTAKE CHANCE,success
968,887,498,45,31,1395,1395.0,0.41517857142857145,0,148,4,➡️ STEADY,True,47,⚡ MEDIUM OVERTAKE CHANCE,success
969,887,499,45,31,1395,1395.0,0.41517857142857145,0,148,4,➡️ STEADY,True,47,⚡ MEDIUM OVERTAKE CHANCE,success
970,889,499,45,31,1395,1395.0,0.41517857142857145,0,148,4,➡️ STEADY,True,47,⚡ MEDIUM OVERTAKE CHANCE,success
971,893,499,45,31,1395,1395.0,0.41517857142857145,0,148,4,➡️ STEADY,True,47,⚡ MEDIUM OVERTAKE CHANCE,success
972,896,499,45,31,1395,1395.0,0.41517857142857145,0,148,4,➡️ STEADY,True,47,⚡ MEDIUM OVERTAKE CHANCE,success
973,899,499,45,31,1395,1395.0,0.41517857142857145,0,148,4,➡️ STEADY,True,47,⚡ MEDIUM OVERTAKE CHANCE,success
974,901,499,45,31,1395,1395.0,0.41517857142857145,0,148,4,➡️ STEADY,True,47,⚡ MEDIUM OVERTAKE CHANCE,success
975,903,499,45,31,1395,1395.0,0.41517857142857145,0,148,4,➡️ STEADY,True,47,⚡ MEDIUM OVERTAKE CHANCE,success
976,905,499,45,31,1395,1395.0,0.41517857142857145,0,148,4,➡️ STEADY,True,47,⚡ MEDIUM OVERTAKE CHANCE,success
977,907,499,45,31,1395,1395.0,0.41517857142857145,0,148,4,➡️ STEADY,True,47,⚡ MEDIUM OVERTAKE CHANCE,success
978,909,497,45,31,1395,1395.0,0.41517857142857145,0,148,4,➡️ STEADY,True,47,⚡ MEDIUM OVERTAKE CHANCE,success
979,911,497,45,31,1395,1395.0,0.41517857142857145,0,148,4,➡️ STEADY,True,47,⚡ MEDIUM OVERTAKE CHANCE,success
980,912,497,45,31,1395,1395.0,0.41517857142857145,0,148,4,➡️ STEADY,True,47,⚡ MEDIUM OVERTAKE CHANCE,success
981,915,496,45,31,1395,1395.0,0.41517857142857145,0,148,4,➡️ STEADY,True,47,⚡ MEDIUM OVERTAKE CHANCE,success
982,918,496,45,31,1395,1395.0,0.41517857142857145,0,148,4,➡️ STEADY,True,47,⚡ MEDIUM OVERTAKE CHANCE,success
983,923,496,45,31,1395,1395.0,0.41517857142857145,0,148,4,➡️ STEADY,True,47,⚡ MEDIUM OVERTAKE CHANCE,success
984,924,496,45,31,1395,1395.0,0.41517857142857145,0,148,4,➡️ STEADY,True,47,⚡ MEDIUM OVERTAKE CHANCE,success
985,928,496,45,31,1395,1395.0,0.41517857142857145,0,148,4,➡️ STEADY,True,47,⚡ MEDIUM OVERTAKE CHANCE,success
986,932,497,45,31,1395,1395.0,0.41517857142857145,0,148,4,➡️ STEADY,True,47,⚡ MEDIUM OVERTAKE CHANCE,success
987,935,497,45,31,1395,1395.0,0.41517857142857145,0,148,4,➡️ STEADY,True,47,⚡ MEDIUM OVERTAKE CHANCE,success
988,941,498,45,31,1395,1395.0,0.41517857142857145,0,148,4,➡️ STEADY,True,47,⚡ MEDIUM OVERTAKE CHANCE,success
989,944,500,45,31,1395,1395.0,0.41517857142857145,0,148,4,➡️ STEADY,True,47,⚡ MEDIUM OVERTAKE CHANCE,success
990,946,499,45,31,1395,1395.0,0.41517857142857145,0,148,4,➡️ STEADY,True,47,⚡ MEDIUM OVERTAKE CHANCE,success
991,950,501,45,31,1395,1395.0,0.41517857142857145,0,148,4,➡️ STEADY,True,47,⚡ MEDIUM OVERTAKE CHANCE,success
992,952,500,45,31,1395,1395.0,0.41517857142857145,0,148,4,➡️ STEADY,True,47,⚡ MEDIUM OVERTAKE CHANCE,success
993,953,500,45,31,1395,1395.0,0.41517857142857145,0,148,4,➡️ STEADY,True,47,⚡ MEDIUM OVERTAKE CHANCE,success
994,954,500,45,31,1395,1395.0,0.41517857142857145,0,148,4,➡️ STEADY,True,47,⚡ MEDIUM OVERTAKE CHANCE,success
995,953,498,45,31,1395,1395.0,0.41517857142857145,0,148,4,➡️ STEADY,True,47,⚡ MEDIUM OVERTAKE CHANCE,success
996,954,496,45,31,1395,1395.0,0.41517857142857145,0,148,4,➡️ STEADY,True,47,⚡ MEDIUM OVERTAKE CHANCE,success
997,953,494,45,31,1395,1395.0,0.41517857142857145,0,148,4,➡️ STEADY,True,47,⚡ MEDIUM OVERTAKE CHANCE,success
998,952,491,45,31,1395,1395.0,0.41517857142857145,0,148,4,➡️ STEADY,True,47,⚡ MEDIUM OVERTAKE CHANCE,success
999,951,489,45,31,1395,1395.0,0.41517857142857145,0,148,4,➡️ STEADY,True,47,⚡ MEDIUM OVERTAKE CHANCE,success
1000,952,489,45,31,1395,1395.0,0.41517857142857145,0,148,4,➡️ STEADY,True,47,⚡ MEDIUM OVERTAKE CHANCE,success
1001,950,485,45,31,1395,1395.0,0.41517857142857145,0,148,4,➡️ STEADY,True,47,⚡ MEDIUM OVERTAKE CHANCE,success
1002,951,484,45,31,1395,1395.0,0.41517857142857145,0,148,4,➡️ STEADY,True,47,⚡ MEDIUM OVERTAKE CHANCE,success
1003,949,482,45,31,1395,1395.0,0.41517857142857145,0,148,4,➡️ STEADY,True,47,⚡ MEDIUM OVERTAKE CHANCE,success
1004,949,481,45,31,1395,1395.0,0.41517857142857145,0,148,4,➡️ STEADY,True,47,⚡ MEDIUM OVERTAKE CHANCE,success
1005,949,481,45,31,1395,1395.0,0.41517857142857145,0,148,4,➡️ STEADY,True,47,⚡ MEDIUM OVERTAKE CHANCE,success
1006,948,479,45,31,1395,1395.0,0.41517857142857145,0,148,4,➡️ STEADY,True,47,⚡ MEDIUM OVERTAKE CHANCE,success
1007,948,479,45,31,1395,1395.0,0.41517857142857145,0,148,4,➡️ STEADY,True,47,⚡ MEDIUM OVERTAKE CHANCE,success
1008,948,480,45,31,1395,1395.0,0.41517857142857145,0,148,4,➡️ STEADY,True,47,⚡ MEDIUM OVERTAKE CHANCE,success
1009,949,480,45,31,1395,1395.0,0.41517857142857145,0,148,4,➡️ STEADY,True,47,⚡ MEDIUM OVERTAKE CHANCE,success
1010,948,482,45,31,1395,1395.0,0.41517857142857145,0,148,4,➡️ STEADY,True,47,⚡ MEDIUM OVERTAKE CHANCE,success
1011,950,484,45,31,1395,1395.0,0.41517857142857145,0,148,4,➡️ STEADY,True,47,⚡ MEDIUM OVERTAKE CHANCE,success
1012,950,486,45,31,1395,1395.0,0.41517857142857145,0,148,4,➡️ STEADY,True,47,⚡ MEDIUM OVERTAKE CHANCE,success
1013,954,492,45,31,1395,1395.0,0.41517857142857145,0,148,4,➡️ STEADY,True,47,⚡ MEDIUM OVERTAKE CHANCE,success
1014,954,493,45,31,1395,1395.0,0.41517857142857145,0,148,4,➡️ STEADY,True,47,⚡ MEDIUM OVERTAKE CHANCE,success
1015,955,495,45,31,1395,1395.0,0.41517857142857145,0,148,4,➡️ STEADY,True,47,⚡ MEDIUM OVERTAKE CHANCE,success
1016,955,498,45,31,1395,1395.0,0.41517857142857145,0,148,4,➡️ STEADY,True,47,⚡ MEDIUM OVERTAKE CHANCE,success
1017,955,499,45,31,1395,1395.0,0.41517857142857145,0,148,4,➡️ STEADY,True,47,⚡ MEDIUM OVERTAKE CHANCE,success
1018,954,500,45,31,1395,1395.0,0.41517857142857145,0,148,4,➡️ STEADY,True,47,⚡ MEDIUM OVERTAKE CHANCE,success
1019,954,501,45,31,1395,1395.0,0.41517857142857145,0,148,4,➡️ STEADY,True,47,⚡ MEDIUM OVERTAKE CHANCE,success
1020,953,500,45,31,1395,1395.0,0.41517857142857145,0,148,4,➡️ STEADY,True,47,⚡ MEDIUM OVERTAKE CHANCE,success
1021,950,500,45,31,1395,1395.0,0.41517857142857145,0,148,4,➡️ STEADY,True,47,⚡ MEDIUM OVERTAKE CHANCE,success
1022,949,501,45,31,1395,1395.0,0.41517857142857145,0,148,4,➡️ STEADY,True,47,⚡ MEDIUM OVERTAKE CHANCE,success
1023,945,499,45,31,1395,1395.0,0.41517857142857145,0,148,4,➡️ STEADY,True,47,⚡ MEDIUM OVERTAKE CHANCE,success
1024,942,499,45,31,1395,1395.0,0.41517857142857145,0,148,4,➡️ STEADY,True,47,⚡ MEDIUM OVERTAKE CHANCE,success
1025,942,499,45,31,1395,1395.0,0.41517857142857145,0,148,4,➡️ STEADY,True,47,⚡ MEDIUM OVERTAKE CHANCE,success
1026,938,497,45,31,1395,1395.0,0.41517857142857145,0,148,4,➡️ STEADY,True,47,⚡ MEDIUM OVERTAKE CHANCE,success
1027,935,497,45,31,1395,1395.0,0.41517857142857145,0,148,4,➡️ STEADY,True,47,⚡ MEDIUM OVERTAKE CHANCE,success
1028,932,496,45,31,1395,1395.0,0.41517857142857145,0,148,4,➡️ STEADY,True,47,⚡ MEDIUM OVERTAKE CHANCE,success
1029,929,496,45,31,1395,1395.0,0.41517857142857145,0,148,4,➡️ STEADY,True,47,⚡ MEDIUM OVERTAKE CHANCE,success
1030,928,496,45,31,1395,1395.0,0.41517857142857145,0,148,4,➡️ STEADY,True,47,⚡ MEDIUM OVERTAKE CHANCE,success
1031,926,495,45,31,1395,1395.0,0.41517857142857145,0,148,4,➡️ STEADY,True,47,⚡ MEDIUM OVERTAKE CHANCE,success
1032,924,497,45,31,1395,1395.0,0.41517857142857145,0,148,4,➡️ STEADY,True,47,⚡ MEDIUM OVERTAKE CHANCE,success
1033,923,497,45,31,1395,1395.0,0.41517857142857145,0,148,4,➡️ STEADY,True,47,⚡ MEDIUM OVERTAKE CHANCE,success
1034,922,497,45,31,1395,1395.0,0.41517857142857145,0,148,4,➡️ STEADY,True,47,⚡ MEDIUM OVERTAKE CHANCE,success
1035,921,498,45,31,1395,1395.0,0.41517857142857145,0,148,4,➡️ STEADY,True,47,⚡ MEDIUM OVERTAKE CHANCE,success
1036,919,498,45,31,1395,1395.0,0.41517857142857145,0,148,4,➡️ STEADY,True,47,⚡ MEDIUM OVERTAKE CHANCE,success
1037,918,498,45,31,1395,1395.0,0.41517857142857145,0,148,4,➡️ STEADY,True,47,⚡ MEDIUM OVERTAKE CHANCE,success
1038,915,498,47,32,1504,1405.9,0.41842261904761907,109,148,158,📈 APPROACHING,True,32,📉 LOW OVERTAKE CHANCE,success
1039,913,498,47,32,1504,1416.8,0.42166666666666663,109,148,159,📈 APPROACHING,True,32,📉 LOW OVERTAKE CHANCE,success
1040,912,498,45,31,1395,1416.8,0.42166666666666663,0,148,159,➡️ STEADY,True,32,📉 LOW OVERTAKE CHANCE,success
1041,909,499,45,31,1395,1416.8,0.42166666666666663,0,148,159,➡️ STEADY,True,32,📉 LOW OVERTAKE CHANCE,success
1042,906,498,45,31,1395,1416.8,0.42166666666666663,0,148,159,➡️ STEADY,True,32,📉 LOW OVERTAKE CHANCE,success
1043,902,498,45,31,1395,1416.8,0.42166666666666663,-109,0,0,📉 MOVING AWAY,False,11,👀 WATCHING FOR OVERTAKE,success
1044,901,498,45,31,1395,1416.8,0.42166666666666663,-109,0,0,📉 MOVING AWAY,False,11,👀 WATCHING FOR OVERTAKE,success
1045,898,498,45,31,1395,1416.8,0.42166666666666663,0,0,0,➡️ STEADY,False,11,👀 WATCHING FOR OVERTAKE,success
1046,893,497,45,31,1395,1416.8,0.42166666666666663,0,0,0,➡️ STEADY,False,11,👀 WATCHING FOR OVERTAKE,success
1047,892,498,45,31,1395,1416.8,0.42166666666666663,0,0,0,➡️ STEADY,False,11,👀 WATCHING FOR OVERTAKE,success
1048,886,497,45,31,1395,1405.9,0.41842261904761907,0,0,0,➡️ STEADY,False,11,👀 WATCHING FOR OVERTAKE,success
1049,880,497,47,32,1504,1405.9,0.41842261904761907,109,109,0,📈 APPROACHING,True,30,📉 LOW OVERTAKE CHANCE,success
1050,877,497,47,32,1504,1416.8,0.42166666666666663,109,109,1,📈 APPROACHING,True,30,📉 LOW OVERTAKE CHANCE,success
1051,871,497,47,32,1504,1427.7,0.4249107142857143,109,109,2,📈 APPROACHING,True,30,📉 LOW OVERTAKE CHANCE,success
1052,868,497,47,32,1504,1438.6,0.42815476190476187,109,109,3,📈 APPROACHING,True,30,📉 LOW OVERTAKE CHANCE,success
1053,861,496,47,32,1504,1449.5,0.43139880952380955,109,109,4,📈 APPROACHING,True,40,📉 LOW OVERTAKE CHANCE,success
1054,859,496,47,32,1504,1460.4,0.43464285714285716,0,109,4,➡️ STEADY,True,40,📉 LOW OVERTAKE CHANCE,success
1055,856,496,47,32,1504,1471.3,0.4378869047619047,0,109,4,➡️ STEADY,True,40,📉 LOW OVERTAKE CHANCE,success
1056,853,496,47,32,1504,1482.2,0.4411309523809524,0,109,4,➡️ STEADY,True,40,📉 LOW OVERTAKE CHANCE,success
1057,851,496,47,32,1504,1493.1,0.44437499999999996,0,109,4,➡️ STEADY,True,40,📉 LOW OVERTAKE CHANCE,success
1058,847,496,47,32,1504,1504.0,0.44761904761904764,0,109,4,➡️ STEADY,True,40,📉 LOW OVERTAKE CHANCE,success
1059,845,496,47,32,1504,1504.0,0.44761904761904764,0,109,4,➡️ STEADY,True,40,📉 LOW OVERTAKE CHANCE,success
1060,843,497,47,32,1504,1504.0,0.44761904761904764,0,109,4,➡️ STEADY,True,40,📉 LOW OVERTAKE CHANCE,success
1061,840,497,47,32,1504,1504.0,0.44761904761904764,0,109,4,➡️ STEADY,True,40,📉 LOW OVERTAKE CHANCE,success
1062,838,496,47,32,1504,1504.0,0.44761904761904764,0,109,4,➡️ STEADY,True,40,📉 LOW OVERTAKE CHANCE,success
1063,836,497,47,32,1504,1504.0,0.44761904761904764,0,109,4,➡️ STEADY,True,40,📉 LOW OVERTAKE CHANCE,success
1064,834,497,47,32,1504,1504.0,0.44761904761904764,0,109,4,➡️ STEADY,True,40,📉 LOW OVERTAKE CHANCE,success
1065,834,497,47,32,1504,1504.0,0.44761904761904764,0,109,4,➡️ STEADY,True,40,📉 LOW OVERTAKE CHANCE,success
1066,831,497,47,32,1504,1504.0,0.44761904761904764,0,109,4,➡️ STEADY,True,40,📉 LOW OVERTAKE CHANCE,success
1067,829,497,47,32,1504,1504.0,0.44761904761904764,0,109,4,➡️ STEADY,True,40,📉 LOW OVERTAKE CHANCE,success
1068,828,497,47,32,1504,1504.0,0.44761904761904764,0,109,4,➡️ STEADY,True,40,📉 LOW OVERTAKE CHANCE,success
1069,827,497,47,32,1504,1504.0,0.44761904761904764,0,109,4,➡️ STEADY,True,40,📉 LOW OVERTAKE CHANCE,success
1070,827,497,47,32,1504,1504.0,0.44761904761904764,0,109,4,➡️ STEADY,True,40,📉 LOW OVERTAKE CHANCE,success
1071,825,497,47,32,1504,1504.0,0.44761904761904764,0,109,4,➡️ STEADY,True,40,📉 LOW OVERTAKE CHANCE,success
1072,823,498,47,32,1504,1504.0,0.44761904761904764,0,109,4,➡️ STEADY,True,40,📉 LOW OVERTAKE CHANCE,success
1073,822,498,47,32,1504,1504.0,0.44761904761904764,0,109,4,➡️ STEADY,True,40,📉 LOW OVERTAKE CHANCE,success
1074,821,498,47,32,1504,1504.0,0.44761904761904764,0,109,4,➡️ STEADY,True,40,📉 LOW OVERTAKE CHANCE,success
1075,821,499,47,32,1504,1504.0,0.44761904761904764,0,109,4,➡️ STEADY,True,40,📉 LOW OVERTAKE CHANCE,success
1076,818,502,47,32,1504,1504.0,0.44761904761904764,0,109,4,➡️ STEADY,True,40,📉 LOW OVERTAKE CHANCE,success
1077,817,502,47,32,1504,1504.0,0.44761904761904764,0,109,4,➡️ STEADY,True,40,📉 LOW OVERTAKE CHANCE,success
1078,814,502,50,34,1700,1523.6,0.45345238095238094,196,196,29,📈 APPROACHING,True,54,⚡ MEDIUM OVERTAKE CHANCE,success
1079,815,503,50,34,1700,1543.2,0.4592857142857143,196,196,30,📈 APPROACHING,True,53,⚡ MEDIUM OVERTAKE CHANCE,success
1080,813,504,50,34,1700,1562.8,0.4651190476190476,196,196,31,📈 APPROACHING,True,53,⚡ MEDIUM OVERTAKE CHANCE,success
1081,810,506,50,34,1700,1582.4,0.47095238095238096,196,196,32,📈 APPROACHING,True,53,⚡ MEDIUM OVERTAKE CHANCE,success
1082,810,505,50,34,1700,1602.0,0.4767857142857143,196,196,33,📈 APPROACHING,True,53,⚡ MEDIUM OVERTAKE CHANCE,success
1083,807,506,50,34,1700,1621.6,0.4826190476190476,0,196,33,➡️ STEADY,True,53,⚡ MEDIUM OVERTAKE CHANCE,success
1084,807,506,50,34,1700,1641.2,0.48845238095238097,0,196,33,➡️ STEADY,True,53,⚡ MEDIUM OVERTAKE CHANCE,success
1085,806,506,50,34,1700,1660.8,0.4942857142857143,0,196,33,➡️ STEADY,True,53,⚡ MEDIUM OVERTAKE CHANCE,success
1086,805,505,50,34,1700,1680.4,0.5001190476190477,0,196,33,➡️ STEADY,True,53,⚡ MEDIUM OVERTAKE CHANCE,success
1087,803,505,50,34,1700,1700.0,0.5059523809523809,0,196,33,➡️ STEADY,True,53,⚡ MEDIUM OVERTAKE CHANCE,success
1088,801,504,50,34,1700,1700.0,0.5059523809523809,0,196,33,➡️ STEADY,True,53,⚡ MEDIUM OVERTAKE CHANCE,success
1089,801,504,50,34,1700,1700.0,0.5059523809523809,0,196,33,➡️ STEADY,True,53,⚡ MEDIUM OVERTAKE CHANCE,success
1090,800,504,50,34,1700,1700.0,0.5059523809523809,0,196,33,➡️ STEADY,True,53,⚡ MEDIUM OVERTAKE CHANCE,success
1091,797,503,50,34,1700,1700.0,0.5059523809523809,0,196,33,➡️ STEADY,True,53,⚡ MEDIUM OVERTAKE CHANCE,success
1092,796,502,52,36,1872,1717.2,0.5110714285714286,172,196,43,📈 APPROACHING,True,51,⚡ MEDIUM OVERTAKE CHANCE,success
1093,794,501,52,36,1872,1734.4,0.5161904761904762,172,196,44,📈 APPROACHING,True,51,⚡ MEDIUM OVERTAKE CHANCE,success
1094,794,500,52,36,1872,1751.6,0.5213095238095238,172,196,45,📈 APPROACHING,True,51,⚡ MEDIUM OVERTAKE CHANCE,success
1095,794,500,52,36,1872,1768.8,0.5264285714285715,172,196,46,📈 APPROACHING,True,51,⚡ MEDIUM OVERTAKE CHANCE,success
1096,794,498,52,36,1872,1786.0,0.531547619047619,172,196,47,📈 APPROACHING,True,51,⚡ MEDIUM OVERTAKE CHANCE,success
1097,793,498,52,36,1872,1803.2,0.5366666666666666,0,196,47,➡️ STEADY,True,51,⚡ MEDIUM OVERTAKE CHANCE,success
1098,791,498,52,36,1872,1820.4,0.5417857142857143,0,196,47,➡️ STEADY,True,51,⚡ MEDIUM OVERTAKE CHANCE,success
1099,791,498,52,36,1872,1837.6,0.5469047619047619,0,196,47,➡️ STEADY,True,51,⚡ MEDIUM OVERTAKE CHANCE,success
1100,790,496,55,38,2090,1876.6,0.5585119047619047,218,218,51,📈 APPROACHING,True,51,⚡ MEDIUM OVERTAKE CHANCE,success
1101,787,496,55,38,2090,1915.6,0.5701190476190476,218,218,52,📈 APPROACHING,True,50,⚡ MEDIUM OVERTAKE CHANCE,success
1102,787,496,55,38,2090,1937.4,0.5766071428571429,218,218,53,📈 APPROACHING,True,50,⚡ MEDIUM OVERTAKE CHANCE,success
1103,787,496,55,38,2090,1959.2,0.5830952380952381,218,218,54,📈 APPROACHING,True,50,⚡ MEDIUM OVERTAKE CHANCE,success
1104,786,496,55,38,2090,1981.0,0.5895833333333333,218,218,55,📈 APPROACHING,True,50,⚡ MEDIUM OVERTAKE CHANCE,success
1105,786,495,55,38,2090,2002.8,0.5960714285714286,0,218,55,➡️ STEADY,True,50,⚡ MEDIUM OVERTAKE CHANCE,success
1106,785,494,58,39,2262,2041.8,0.6076785714285714,172,218,57,📈 APPROACHING,True,50,⚡ MEDIUM OVERTAKE CHANCE,success
1107,786,494,58,39,2262,2080.8,0.6192857142857143,172,218,58,📈 APPROACHING,True,49,⚡ MEDIUM OVERTAKE CHANCE,success
1108,786,494,58,39,2262,2119.8,0.6308928571428571,172,218,59,📈 APPROACHING,True,49,⚡ MEDIUM OVERTAKE CHANCE,success
1109,787,494,58,39,2262,2158.8,0.6425000000000001,172,218,60,📈 APPROACHING,True,49,⚡ MEDIUM OVERTAKE CHANCE,success
1110,788,494,58,39,2262,2176.0,0.6476190476190476,172,218,61,📈 APPROACHING,True,49,⚡ MEDIUM OVERTAKE CHANCE,success
1111,790,494,58,39,2262,2193.2,0.6527380952380952,0,218,61,➡️ STEADY,True,49,⚡ MEDIUM OVERTAKE CHANCE,success
1112,790,494,58,39,2262,2210.4,0.6578571428571429,0,218,61,➡️ STEADY,True,49,⚡ MEDIUM OVERTAKE CHANCE,success
1113,791,495,58,39,2262,2227.6,0.6629761904761905,0,218,61,➡️ STEADY,True,49,⚡ MEDIUM OVERTAKE CHANCE,success
1114,791,494,58,39,2262,2244.8,0.6680952380952382,0,218,61,➡️ STEADY,True,49,⚡ MEDIUM OVERTAKE CHANCE,success
1115,791,494,58,39,2262,2262.0,0.6732142857142858,0,218,61,➡️ STEADY,True,49,⚡ MEDIUM OVERTAKE CHANCE,success
1116,790,494,60,41,2460,2281.8,0.6791071428571429,198,218,67,📈 APPROACHING,True,48,⚡ MEDIUM OVERTAKE CHANCE,success
1117,791,495,60,41,2460,2301.6,0.6849999999999999,198,218,68,📈 APPROACHING,True,48,⚡ MEDIUM OVERTAKE CHANCE,success
1118,790,494,63,44,2772,2352.6,0.7001785714285714,510,510,69,📈 APPROACHING,True,48,⚡ MEDIUM OVERTAKE CHANCE,success
1119,790,495,63,44,2772,2403.6,0.7153571428571428,510,510,70,📈 APPROACHING,True,48,⚡ MEDIUM OVERTAKE CHANCE,success
1120,791,495,63,44,2772,2454.6,0.7305357142857143,510,510,71,📈 APPROACHING,True,47,⚡ MEDIUM OVERTAKE CHANCE,success
1121,791,495,63,44,2772,2505.6,0.7457142857142857,312,510,72,📈 APPROACHING,True,47,⚡ MEDIUM OVERTAKE CHANCE,success
1122,791,495,63,44,2772,2556.6,0.7608928571428571,312,510,73,📈 APPROACHING,True,47,⚡ MEDIUM OVERTAKE CHANCE,success
1123,791,495,67,46,3082,2638.6,0.785297619047619,310,510,74,📈 APPROACHING,True,47,⚡ MEDIUM OVERTAKE CHANCE,success
1124,792,496,67,46,3082,2720.6,0.8097023809523809,310,510,75,📈 APPROACHING,True,47,⚡ MEDIUM OVERTAKE CHANCE,success
1125,792,496,67,46,3082,2802.6,0.8341071428571428,310,510,76,📈 APPROACHING,True,47,⚡ MEDIUM OVERTAKE CHANCE,success
1126,792,497,67,46,3082,2864.8,0.8526190476190477,310,510,77,📈 APPROACHING,True,47,⚡ MEDIUM OVERTAKE CHANCE,success
1127,792,497,67,46,3082,2927.0,0.8711309523809524,310,510,78,📈 APPROACHING,True,47,⚡ MEDIUM OVERTAKE CHANCE,success
1128,791,498,67,46,3082,2958.0,0.8803571428571428,0,510,78,➡️ STEADY,True,47,⚡ MEDIUM OVERTAKE CHANCE,success
1129,789,497,70,48,3360,3016.8,0.8978571428571429,278,510,80,📈 APPROACHING,True,46,⚡ MEDIUM OVERTAKE CHANCE,success
1130,789,498,70,48,3360,3075.6,0.9153571428571429,278,510,81,📈 APPROACHING,True,46,⚡ MEDIUM OVERTAKE CHANCE,success
1131,788,499,70,48,3360,3134.4,0.9328571428571428,278,510,82,📈 APPROACHING,True,46,⚡ MEDIUM OVERTAKE CHANCE,success
1132,789,499,70,48,3360,3193.2,0.9503571428571428,278,510,83,📈 APPROACHING,True,46,⚡ MEDIUM OVERTAKE CHANCE,success
1133,788,500,70,48,3360,3221.0,0.9586309523809524,278,510,84,📈 APPROACHING,True,46,⚡ MEDIUM OVERTAKE CHANCE,success
1134,786,500,74,50,3700,3282.8,0.9770238095238096,340,510,85,📈 APPROACHING,True,46,⚡ MEDIUM OVERTAKE CHANCE,success
1135,786,500,74,50,3700,3344.6,0.9954166666666666,340,510,86,📈 APPROACHING,True,45,⚡ MEDIUM OVERTAKE CHANCE,success
1136,784,499,77,53,4081,3444.5,1.0251488095238095,721,721,87,📈 APPROACHING,True,45,⚡ MEDIUM OVERTAKE CHANCE,success
1137,783,499,77,53,4081,3544.4,1.0548809523809524,721,721,88,📈 APPROACHING,True,45,⚡ MEDIUM OVERTAKE CHANCE,success
1138,784,500,77,53,4081,3644.3,1.0846130952380952,721,721,89,📈 APPROACHING,True,45,⚡ MEDIUM OVERTAKE CHANCE,success
1139,786,502,74,50,3700,3678.3,1.0947321428571428,0,721,89,➡️ STEADY,True,45,⚡ MEDIUM OVERTAKE CHANCE,success
1140,784,500,77,53,4081,3750.4,1.1161904761904762,381,721,91,📈 APPROACHING,True,45,⚡ MEDIUM OVERTAKE CHANCE,success
1141,786,500,77,53,4081,3822.5,1.1376488095238095,0,721,91,➡️ STEADY,True,45,⚡ MEDIUM OVERTAKE CHANCE,success
1142,786,500,77,53,4081,3894.6,1.159107142857143,0,721,91,➡️ STEADY,True,45,⚡ MEDIUM OVERTAKE CHANCE,success
1143,784,497,81,56,4536,4012.2,1.1941071428571428,455,721,94,📈 APPROACHING,True,45,⚡ MEDIUM OVERTAKE CHANCE,success
1144,787,497,81,56,4536,4095.8,1.2189880952380954,836,836,95,📈 APPROACHING,True,45,⚡ MEDIUM OVERTAKE CHANCE,success
1145,786,497,81,56,4536,4179.4,1.2438690476190475,455,836,96,📈 APPROACHING,True,46,⚡ MEDIUM OVERTAKE CHANCE,success
1146,786,497,81,56,4536,4224.9,1.2574107142857143,455,836,97,📈 APPROACHING,True,46,⚡ MEDIUM OVERTAKE CHANCE,success
1147,786,498,81,56,4536,4270.4,1.2709523809523808,455,836,98,📈 APPROACHING,True,46,⚡ MEDIUM OVERTAKE CHANCE,success
1148,785,498,81,56,4536,4315.9,1.2844940476190476,0,836,98,➡️ STEADY,True,47,⚡ MEDIUM OVERTAKE CHANCE,success
1149,785,498,81,56,4536,4399.5,1.309375,0,836,98,➡️ STEADY,True,48,⚡ MEDIUM OVERTAKE CHANCE,success
1150,785,498,81,56,4536,4445.0,1.3229166666666667,0,836,98,➡️ STEADY,True,48,⚡ MEDIUM OVERTAKE CHANCE,success
1151,783,498,85,58,4930,4529.9,1.3481845238095238,394,836,102,📈 APPROACHING,True,49,⚡ MEDIUM OVERTAKE CHANCE,success
1152,783,498,85,58,4930,4614.8,1.373452380952381,394,836,103,📈 APPROACHING,True,50,⚡ MEDIUM OVERTAKE CHANCE,success
1153,784,497,85,58,4930,4654.2,1.3851785714285714,394,836,104,📈 APPROACHING,True,50,⚡ MEDIUM OVERTAKE CHANCE,success
1154,784,497,85,58,4930,4693.6,1.396904761904762,394,836,105,📈 APPROACHING,True,51,⚡ MEDIUM OVERTAKE CHANCE,success
1155,785,497,85,58,4930,4733.0,1.4086309523809524,394,836,106,📈 APPROACHING,True,51,⚡ MEDIUM OVERTAKE CHANCE,success
1156,786,495,89,61,5429,4822.3,1.4352083333333334,499,836,107,📈 APPROACHING,True,52,⚡ MEDIUM OVERTAKE CHANCE,success
1157,787,495,89,61,5429,4911.6,1.4617857142857145,499,836,108,📈 APPROACHING,True,53,⚡ MEDIUM OVERTAKE CHANCE,success
1158,788,493,94,64,6016,5059.6,1.5058333333333334,1086,1086,109,📈 APPROACHING,True,50,⚡ MEDIUM OVERTAKE CHANCE,success
1159,788,493,94,64,6016,5207.6,1.5498809523809525,1086,1086,110,📈 APPROACHING,True,52,⚡ MEDIUM OVERTAKE CHANCE,success
1160,788,492,94,64,6016,5355.6,1.5939285714285716,1086,1086,111,📈 APPROACHING,True,55,⚡ MEDIUM OVERTAKE CHANCE,success
1161,790,492,94,64,6016,5464.2,1.62625,587,1086,112,📈 APPROACHING,True,57,⚡ MEDIUM OVERTAKE CHANCE,success
1162,790,492,94,64,6016,5572.8,1.6585714285714286,587,1086,113,📈 APPROACHING,True,58,⚡ MEDIUM OVERTAKE CHANCE,success
1163,791,492,94,64,6016,5681.4,1.690892857142857,0,1086,113,➡️ STEADY,True,60,⚡ MEDIUM OVERTAKE CHANCE,success
1164,792,493,94,64,6016,5790.0,1.7232142857142858,0,1086,113,➡️ STEADY,True,62,⚡ MEDIUM OVERTAKE CHANCE,success
1165,793,493,94,64,6016,5898.6,1.7555357142857144,0,1086,113,➡️ STEADY,True,64,⚡ MEDIUM OVERTAKE CHANCE,success
1166,794,492,94,64,6016,5957.3,1.7730059523809525,0,1086,113,➡️ STEADY,True,65,⚡ MEDIUM OVERTAKE CHANCE,success
1167,794,493,94,64,6016,6016.0,1.7904761904761906,0,1086,113,➡️ STEADY,True,66,⚡ MEDIUM OVERTAKE CHANCE,success
1168,796,493,94,64,6016,6016.0,1.7904761904761906,0,1086,113,➡️ STEADY,True,66,⚡ MEDIUM OVERTAKE CHANCE,success
1169,796,493,94,64,6016,6016.0,1.7904761904761906,0,1086,113,➡️ STEADY,True,66,⚡ MEDIUM OVERTAKE CHANCE,success
1170,796,492,98,68,6664,6080.8,1.809761904761905,648,1086,121,📈 APPROACHING,True,67,⚡ MEDIUM OVERTAKE CHANCE,success
1171,799,493,98,68,6664,6145.6,1.8290476190476193,648,1086,122,📈 APPROACHING,True,68,⚡ MEDIUM OVERTAKE CHANCE,success
1172,801,492,98,68,6664,6210.4,1.8483333333333332,648,1086,123,📈 APPROACHING,True,69,⚡ MEDIUM OVERTAKE CHANCE,success
1173,804,492,98,68,6664,6275.2,1.8676190476190475,648,1086,124,📈 APPROACHING,True,70,🚀 HIGH OVERTAKE CHANCE!,success
1174,805,493,98,68,6664,6340.0,1.8869047619047619,648,1086,125,📈 APPROACHING,True,71,🚀 HIGH OVERTAKE CHANCE!,success
1175,805,493,98,68,6664,6404.8,1.9061904761904762,0,1086,125,➡️ STEADY,True,73,🚀 HIGH OVERTAKE CHANCE!,success
1176,807,493,98,68,6664,6469.6,1.9254761904761906,0,1086,125,➡️ STEADY,True,74,🚀 HIGH OVERTAKE CHANCE!,success
1177,807,494,98,68,6664,6534.4,1.9447619047619047,0,1086,125,➡️ STEADY,True,75,🚀 HIGH OVERTAKE CHANCE!,success
1178,807,495,98,68,6664,6599.2,1.964047619047619,0,1086,125,➡️ STEADY,True,76,🚀 HIGH OVERTAKE CHANCE!,success
1179,807,496,98,68,6664,6664.0,1.9833333333333334,0,1086,125,➡️ STEADY,True,77,🚀 HIGH OVERTAKE CHANCE!,success
1180,809,497,94,64,6016,6599.2,1.964047619047619,-648,0,0,📉 MOVING AWAY,False,46,⚡ MEDIUM OVERTAKE CHANCE,success
1181,810,498,94,64,6016,6534.4,1.9447619047619047,-648,0,0,📉 MOVING AWAY,False,45,⚡ MEDIUM OVERTAKE CHANCE,success
1182,808,496,98,68,6664,6534.4,1.9447619047619047,0,0,0,➡️ STEADY,False,45,⚡ MEDIUM OVERTAKE CHANCE,success
1183,812,498,94,64,6016,6469.6,1.9254761904761906,-648,0,0,📉 MOVING AWAY,False,44,📉 LOW OVERTAKE CHANCE,success
1184,812,496,98,68,6664,6469.6,1.9254761904761906,0,0,0,➡️ STEADY,False,44,📉 LOW OVERTAKE CHANCE,success
1185,813,497,98,68,6664,6469.6,1.9254761904761906,648,648,0,📈 APPROACHING,True,79,🚀 HIGH OVERTAKE CHANCE!,success
1186,815,496,98,68,6664,6469.6,1.9254761904761906,648,648,1,📈 APPROACHING,True,79,🚀 HIGH OVERTAKE CHANCE!,success
1187,816,496,98,68,6664,6469.6,1.9254761904761906,0,648,1,➡️ STEADY,True,79,🚀 HIGH OVERTAKE CHANCE!,success
1188,818,495,98,68,6664,6469.6,1.9254761904761906,648,648,3,📈 APPROACHING,True,79,🚀 HIGH OVERTAKE CHANCE!,success
1189,820,495,98,68,6664,6469.6,1.9254761904761906,0,648,3,➡️ STEADY,True,79,🚀 HIGH OVERTAKE CHANCE!,success
1190,820,495,98,68,6664,6534.4,1.9447619047619047,0,648,3,➡️ STEADY,True,80,🚀 HIGH OVERTAKE CHANCE!,success
1191,821,494,98,68,6664,6599.2,1.964047619047619,0,648,3,➡️ STEADY,True,81,🚀 HIGH OVERTAKE CHANCE!,success
1192,823,496,94,64,6016,6534.4,1.9447619047619047,-648,0,0,📉 MOVING AWAY,False,45,⚡ MEDIUM OVERTAKE CHANCE,success
1193,823,495,94,64,6016,6534.4,1.9447619047619047,-648,0,0,📉 MOVING AWAY,False,45,⚡ MEDIUM OVERTAKE CHANCE,success
1194,823,495,94,64,6016,6469.6,1.9254761904761906,-648,0,0,📉 MOVING AWAY,False,44,📉 LOW OVERTAKE CHANCE,success
1195,823,495,94,64,6016,6404.8,1.9061904761904762,-648,0,0,📉 MOVING AWAY,False,43,📉 LOW OVERTAKE CHANCE,success
1196,823,495,94,64,6016,6340.0,1.8869047619047619,-648,0,0,📉 MOVING AWAY,False,41,📉 LOW OVERTAKE CHANCE,success
1197,824,495,94,64,6016,6275.2,1.8676190476190475,0,0,0,➡️ STEADY,False,40,📉 LOW OVERTAKE CHANCE,success
1198,825,494,94,64,6016,6210.4,1.8483333333333332,0,0,0,➡️ STEADY,False,39,📉 LOW OVERTAKE CHANCE,success
1199,826,494,94,64,6016,6145.6,1.8290476190476193,0,0,0,➡️ STEADY,False,38,📉 LOW OVERTAKE CHANCE,success
1200,826,494,94,64,6016,6080.8,1.809761904761905,0,0,0,➡️ STEADY,False,37,📉 LOW OVERTAKE CHANCE,success
1201,827,491,98,68,6664,6080.8,1.809761904761905,648,648,0,📈 APPROACHING,True,72,🚀 HIGH OVERTAKE CHANCE!,success
1202,829,493,94,64,6016,6080.8,1.809761904761905,0,648,0,➡️ STEADY,True,72,🚀 HIGH OVERTAKE CHANCE!,success
1203,832,494,89,61,5429,6022.1,1.7922916666666668,-587,0,0,📉 MOVING AWAY,False,36,📉 LOW OVERTAKE CHANCE,success
1204,832,492,94,64,6016,6022.1,1.7922916666666668,0,0,0,➡️ STEADY,False,36,📉 LOW OVERTAKE CHANCE,success
1205,833,495,89,61,5429,5963.4,1.7748214285714285,-587,0,0,📉 MOVING AWAY,False,35,📉 LOW OVERTAKE CHANCE,success
1206,830,495,94,64,6016,5963.4,1.7748214285714285,-648,0,0,📉 MOVING AWAY,False,35,📉 LOW OVERTAKE CHANCE,success
1207,829,496,94,64,6016,5963.4,1.7748214285714285,0,0,0,➡️ STEADY,False,35,📉 LOW OVERTAKE CHANCE,success
1208,830,499,89,61,5429,5904.7,1.7573511904761905,0,0,0,➡️ STEADY,False,34,📉 LOW OVERTAKE CHANCE,success
1209,828,498,94,64,6016,5904.7,1.7573511904761905,0,0,0,➡️ STEADY,False,34,📉 LOW OVERTAKE CHANCE,success
1210,825,499,98,68,6664,5969.5,1.7766369047619048,1235,1235,0,📈 APPROACHING,True,70,🚀 HIGH OVERTAKE CHANCE!,success
1211,827,503,94,64,6016,5904.7,1.7573511904761905,0,1235,0,➡️ STEADY,True,69,⚡ MEDIUM OVERTAKE CHANCE,success
1212,826,504,94,64,6016,5904.7,1.7573511904761905,0,1235,0,➡️ STEADY,True,69,⚡ MEDIUM OVERTAKE CHANCE,success
1213,826,505,94,64,6016,5963.4,1.7748214285714285,587,1235,3,📈 APPROACHING,True,70,🚀 HIGH OVERTAKE CHANCE!,success
1214,828,505,94,64,6016,5963.4,1.7748214285714285,0,1235,3,➡️ STEADY,True,70,🚀 HIGH OVERTAKE CHANCE!,success
1215,828,504,94,64,6016,6022.1,1.7922916666666668,-648,0,0,📉 MOVING AWAY,False,36,📉 LOW OVERTAKE CHANCE,success
1216,830,502,98,68,6664,6086.9,1.8115773809523807,648,648,0,📈 APPROACHING,True,72,🚀 HIGH OVERTAKE CHANCE!,success
1217,832,501,98,68,6664,6151.7,1.830863095238095,648,648,1,📈 APPROACHING,True,73,🚀 HIGH OVERTAKE CHANCE!,success
1218,834,498,98,68,6664,6275.2,1.8676190476190475,648,648,2,📈 APPROACHING,True,75,🚀 HIGH OVERTAKE CHANCE!,success
1219,835,497,98,68,6664,6340.0,1.8869047619047619,648,648,3,📈 APPROACHING,True,76,🚀 HIGH OVERTAKE CHANCE!,success
1220,838,496,98,68,6664,6340.0,1.8869047619047619,648,648,4,📈 APPROACHING,True,86,🚀 HIGH OVERTAKE CHANCE!,success
1221,840,495,98,68,6664,6404.8,1.9061904761904762,0,648,4,➡️ STEADY,True,88,🚀 HIGH OVERTAKE CHANCE!,success
1222,840,495,98,68,6664,6469.6,1.9254761904761906,0,648,4,➡️ STEADY,True,89,🚀 HIGH OVERTAKE CHANCE!,success
1223,844,494,98,68,6664,6534.4,1.9447619047619047,0,648,4,➡️ STEADY,True,90,🚀 HIGH OVERTAKE CHANCE!,success
1224,842,492,103,71,7313,6664.1,1.9833630952380954,649,649,8,📈 APPROACHING,True,92,🚀 HIGH OVERTAKE CHANCE!,success
1225,845,493,98,68,6664,6728.9,2.0026488095238095,0,649,8,➡️ STEADY,True,93,🚀 HIGH OVERTAKE CHANCE!,success
1226,848,493,98,68,6664,6728.9,2.0026488095238095,0,649,8,➡️ STEADY,True,93,🚀 HIGH OVERTAKE CHANCE!,success
1227,846,491,103,71,7313,6793.8,2.0219642857142857,649,649,11,📈 APPROACHING,True,94,🚀 HIGH OVERTAKE CHANCE!,success
1228,848,491,103,71,7313,6858.7,2.041279761904762,649,649,12,📈 APPROACHING,True,95,🚀 HIGH OVERTAKE CHANCE!,success
1229,853,492,98,68,6664,6858.7,2.041279761904762,-649,0,0,📉 MOVING AWAY,False,50,⚡ MEDIUM OVERTAKE CHANCE,success
1230,855,492,98,68,6664,6858.7,2.041279761904762,0,0,0,➡️ STEADY,False,50,⚡ MEDIUM OVERTAKE CHANCE,success
1231,856,490,103,71,7313,6923.6,2.0605952380952384,649,649,0,📈 APPROACHING,True,86,🚀 HIGH OVERTAKE CHANCE!,success
1232,856,490,103,71,7313,6988.5,2.0799107142857145,0,649,0,➡️ STEADY,True,87,🚀 HIGH OVERTAKE CHANCE!,success
1233,861,490,103,71,7313,7053.4,2.09922619047619,0,649,0,➡️ STEADY,True,88,🚀 HIGH OVERTAKE CHANCE!,success
1234,863,490,103,71,7313,7053.4,2.09922619047619,649,649,3,📈 APPROACHING,True,88,🚀 HIGH OVERTAKE CHANCE!,success
1235,864,488,109,74,8066,7193.6,2.140952380952381,1402,1402,4,📈 APPROACHING,True,91,🚀 HIGH OVERTAKE CHANCE!,success
1236,869,490,103,71,7313,7258.5,2.1602678571428573,0,1402,4,➡️ STEADY,True,92,🚀 HIGH OVERTAKE CHANCE!,success
1237,872,489,103,71,7313,7258.5,2.1602678571428573,0,1402,4,➡️ STEADY,True,92,🚀 HIGH OVERTAKE CHANCE!,success
1238,874,487,109,74,8066,7333.8,2.1826785714285717,753,1402,7,📈 APPROACHING,True,93,🚀 HIGH OVERTAKE CHANCE!,success
1239,876,489,103,71,7313,7398.7,2.2019940476190474,0,1402,7,➡️ STEADY,True,94,🚀 HIGH OVERTAKE CHANCE!,success
1240,878,487,109,74,8066,7538.9,2.243720238095238,0,1402,7,➡️ STEADY,True,97,🚀 HIGH OVERTAKE CHANCE!,success
1241,883,487,109,74,8066,7614.2,2.2661309523809523,753,1402,10,📈 APPROACHING,True,100,🚀 HIGH OVERTAKE CHANCE!,success
1242,886,487,109,74,8066,7689.5,2.2885416666666667,753,1402,11,📈 APPROACHING,True,100,🚀 HIGH OVERTAKE CHANCE!,success
1243,892,487,109,74,8066,7764.8,2.310952380952381,0,1402,11,➡️ STEADY,True,100,🚀 HIGH OVERTAKE CHANCE!,success
1244,897,488,103,71,7313,7764.8,2.310952380952381,0,1402,11,➡️ STEADY,True,100,🚀 HIGH OVERTAKE CHANCE!,success
1245,898,487,109,74,8066,7764.8,2.310952380952381,0,1402,11,➡️ STEADY,True,100,🚀 HIGH OVERTAKE CHANCE!,success
1246,904,486,109,74,8066,7840.1,2.3333630952380955,0,1402,11,➡️ STEADY,True,100,🚀 HIGH OVERTAKE CHANCE!,success
1247,908,486,109,74,8066,7915.4,2.3557738095238094,0,1402,11,➡️ STEADY,True,100,🚀 HIGH OVERTAKE CHANCE!,success
1248,915,485,109,74,8066,7915.4,2.3557738095238094,0,1402,11,➡️ STEADY,True,100,🚀 HIGH OVERTAKE CHANCE!,success
1249,922,486,103,71,7313,7915.4,2.3557738095238094,0,1402,11,➡️ STEADY,True,100,🚀 HIGH OVERTAKE CHANCE!,success
1250,926,487,103,71,7313,7840.1,2.3333630952380955,-753,0,0,📉 MOVING AWAY,False,67,⚡ MEDIUM OVERTAKE CHANCE,success
1251,929,485,109,74,8066,7840.1,2.3333630952380955,0,0,0,➡️ STEADY,False,67,⚡ MEDIUM OVERTAKE CHANCE,success
1252,936,487,103,71,7313,7764.8,2.310952380952381,-753,0,0,📉 MOVING AWAY,False,65,⚡ MEDIUM OVERTAKE CHANCE,success
1253,941,489,103,71,7313,7689.5,2.2885416666666667,-753,0,0,📉 MOVING AWAY,False,64,⚡ MEDIUM OVERTAKE CHANCE,success
1254,942,489,103,71,7313,7689.5,2.2885416666666667,0,0,0,➡️ STEADY,False,64,⚡ MEDIUM OVERTAKE CHANCE,success
1255,946,490,103,71,7313,7614.2,2.2661309523809523,0,0,0,➡️ STEADY,False,63,⚡ MEDIUM OVERTAKE CHANCE,success
1256,953,491,103,71,7313,7538.9,2.243720238095238,-753,0,0,📉 MOVING AWAY,False,62,⚡ MEDIUM OVERTAKE CHANCE,success
1257,961,493,98,68,6664,7398.7,2.2019940476190474,-649,0,0,📉 MOVING AWAY,False,59,⚡ MEDIUM OVERTAKE CHANCE,success
1258,967,492,98,68,6664,7258.5,2.1602678571428573,-649,0,0,📉 MOVING AWAY,False,57,⚡ MEDIUM OVERTAKE CHANCE,success
1259,973,492,98,68,6664,7193.6,2.140952380952381,-649,0,0,📉 MOVING AWAY,False,56,⚡ MEDIUM OVERTAKE CHANCE,success
1260,978,492,98,68,6664,7128.7,2.1216369047619046,-649,0,0,📉 MOVING AWAY,False,55,⚡ MEDIUM OVERTAKE CHANCE,success
1261,983,490,103,71,7313,7053.4,2.09922619047619,0,0,0,➡️ STEADY,False,53,⚡ MEDIUM OVERTAKE CHANCE,success
1262,988,490,103,71,7313,7053.4,2.09922619047619,649,649,0,📈 APPROACHING,True,88,🚀 HIGH OVERTAKE CHANCE!,success
1263,996,489,103,71,7313,7053.4,2.09922619047619,649,649,1,📈 APPROACHING,True,88,🚀 HIGH OVERTAKE CHANCE!,success
1264,999,487,109,74,8066,7128.7,2.1216369047619046,1402,1402,2,📈 APPROACHING,True,90,🚀 HIGH OVERTAKE CHANCE!,success
1265,1003,489,103,71,7313,7128.7,2.1216369047619046,649,1402,3,📈 APPROACHING,True,90,🚀 HIGH OVERTAKE CHANCE!,success
1266,1010,488,103,71,7313,7128.7,2.1216369047619046,0,1402,3,➡️ STEADY,True,90,🚀 HIGH OVERTAKE CHANCE!,success
1267,1019,490,98,68,6664,7128.7,2.1216369047619046,-649,0,0,📉 MOVING AWAY,False,55,⚡ MEDIUM OVERTAKE CHANCE,success
1268,1028,489,98,68,6664,7128.7,2.1216369047619046,-649,0,0,📉 MOVING AWAY,False,55,⚡ MEDIUM OVERTAKE CHANCE,success
1269,1030,487,103,71,7313,7193.6,2.140952380952381,-753,0,0,📉 MOVING AWAY,False,56,⚡ MEDIUM OVERTAKE CHANCE,success
1270,1029,487,103,71,7313,7258.5,2.1602678571428573,0,0,0,➡️ STEADY,False,57,⚡ MEDIUM OVERTAKE CHANCE,success
1271,1040,486,98,68,6664,7193.6,2.140952380952381,-649,0,0,📉 MOVING AWAY,False,56,⚡ MEDIUM OVERTAKE CHANCE,success
1272,1041,484,103,71,7313,7193.6,2.140952380952381,649,649,0,📈 APPROACHING,True,91,🚀 HIGH OVERTAKE CHANCE!,success
1273,1046,482,103,71,7313,7193.6,2.140952380952381,649,649,1,📈 APPROACHING,True,91,🚀 HIGH OVERTAKE CHANCE!,success
1274,1050,482,98,68,6664,7053.4,2.09922619047619,-649,0,0,📉 MOVING AWAY,False,53,⚡ MEDIUM OVERTAKE CHANCE,success
1275,1052,482,98,68,6664,6988.5,2.0799107142857145,-649,0,0,📉 MOVING AWAY,False,52,⚡ MEDIUM OVERTAKE CHANCE,success
1276,1059,481,94,64,6016,6858.8,2.041309523809524,-648,0,0,📉 MOVING AWAY,False,50,⚡ MEDIUM OVERTAKE CHANCE,success
1277,1058,479,98,68,6664,6858.8,2.041309523809524,-649,0,0,📉 MOVING AWAY,False,50,⚡ MEDIUM OVERTAKE CHANCE,success
1278,1063,479,98,68,6664,6858.8,2.041309523809524,-649,0,0,📉 MOVING AWAY,False,50,⚡ MEDIUM OVERTAKE CHANCE,success
1279,1064,480,94,64,6016,6729.1,2.0027083333333335,-648,0,0,📉 MOVING AWAY,False,48,⚡ MEDIUM OVERTAKE CHANCE,success
1280,1067,479,94,64,6016,6599.4,1.9641071428571428,-648,0,0,📉 MOVING AWAY,False,46,⚡ MEDIUM OVERTAKE CHANCE,success
1281,1070,480,89,61,5429,6475.9,1.9273511904761904,-587,0,0,📉 MOVING AWAY,False,44,📉 LOW OVERTAKE CHANCE,success
1282,1068,478,94,64,6016,6346.2,1.88875,-648,0,0,📉 MOVING AWAY,False,42,📉 LOW OVERTAKE CHANCE,success
1283,1071,478,89,61,5429,6157.8,1.8326785714285714,-1235,0,0,📉 MOVING AWAY,False,38,📉 LOW OVERTAKE CHANCE,success
1284,1073,476,89,61,5429,6034.3,1.7959226190476192,-587,0,0,📉 MOVING AWAY,False,36,📉 LOW OVERTAKE CHANCE,success
1285,1074,475,89,61,5429,5910.8,1.7591666666666668,-587,0,0,📉 MOVING AWAY,False,34,📉 LOW OVERTAKE CHANCE,success
1286,1076,474,89,61,5429,5852.1,1.7416964285714287,0,0,0,➡️ STEADY,False,33,📉 LOW OVERTAKE CHANCE,success
1287,1075,473,89,61,5429,5728.6,1.7049404761904763,-587,0,0,📉 MOVING AWAY,False,31,📉 LOW OVERTAKE CHANCE,success
1288,1077,473,89,61,5429,5605.1,1.6681845238095239,0,0,0,➡️ STEADY,False,29,📉 LOW OVERTAKE CHANCE,success
1289,1077,473,89,61,5429,5546.4,1.6507142857142856,0,0,0,➡️ STEADY,False,28,📉 LOW OVERTAKE CHANCE,success
1290,1078,473,89,61,5429,5487.7,1.6332440476190475,0,0,0,➡️ STEADY,False,27,📉 LOW OVERTAKE CHANCE,success
1291,1079,473,89,61,5429,5487.7,1.6332440476190475,0,0,0,➡️ STEADY,False,27,📉 LOW OVERTAKE CHANCE,success
1292,1080,474,89,61,5429,5429.0,1.6157738095238094,0,0,0,➡️ STEADY,False,26,📉 LOW OVERTAKE CHANCE,success
1293,1080,474,89,61,5429,5429.0,1.6157738095238094,0,0,0,➡️ STEADY,False,26,📉 LOW OVERTAKE CHANCE,success
1294,1081,474,89,61,5429,5429.0,1.6157738095238094,0,0,0,➡️ STEADY,False,26,📉 LOW OVERTAKE CHANCE,success
1295,1082,475,89,61,5429,5429.0,1.6157738095238094,0,0,0,➡️ STEADY,False,26,📉 LOW OVERTAKE CHANCE,success
1296,1082,475,89,61,5429,5429.0,1.6157738095238094,0,0,0,➡️ STEADY,False,26,📉 LOW OVERTAKE CHANCE,success
1297,1082,475,89,61,5429,5429.0,1.6157738095238094,0,0,0,➡️ STEADY,False,26,📉 LOW OVERTAKE CHANCE,success
1298,1083,477,85,58,4930,5379.1,1.6009226190476191,-499,0,0,📉 MOVING AWAY,False,25,📉 LOW OVERTAKE CHANCE,success
1299,1083,476,85,58,4930,5329.2,1.5860714285714286,-499,0,0,📉 MOVING AWAY,False,24,👀 WATCHING FOR OVERTAKE,success
1300,1082,476,85,58,4930,5279.3,1.5712202380952383,-499,0,0,📉 MOVING AWAY,False,24,👀 WATCHING FOR OVERTAKE,success
1301,1082,475,85,58,4930,5229.4,1.5563690476190475,-499,0,0,📉 MOVING AWAY,False,23,👀 WATCHING FOR OVERTAKE,success
1302,1080,473,89,61,5429,5229.4,1.5563690476190475,0,0,0,➡️ STEADY,False,23,👀 WATCHING FOR OVERTAKE,success
1303,1083,475,85,58,4930,5179.5,1.5415178571428572,0,0,0,➡️ STEADY,False,22,👀 WATCHING FOR OVERTAKE,success
1304,1083,475,85,58,4930,5129.6,1.5266666666666668,0,0,0,➡️ STEADY,False,21,👀 WATCHING FOR OVERTAKE,success
1305,1083,475,85,58,4930,5079.7,1.511815476190476,0,0,0,➡️ STEADY,False,20,👀 WATCHING FOR OVERTAKE,success
1306,1083,476,85,58,4930,5029.8,1.4969642857142857,0,0,0,➡️ STEADY,False,24,👀 WATCHING FOR OVERTAKE,success
1307,1084,476,85,58,4930,4979.9,1.4821130952380952,-499,0,0,📉 MOVING AWAY,False,24,👀 WATCHING FOR OVERTAKE,success
1308,1084,477,85,58,4930,4979.9,1.4821130952380952,0,0,0,➡️ STEADY,False,24,👀 WATCHING FOR OVERTAKE,success
1309,1084,478,85,58,4930,4979.9,1.4821130952380952,0,0,0,➡️ STEADY,False,24,👀 WATCHING FOR OVERTAKE,success
1310,1085,479,85,58,4930,4979.9,1.4821130952380952,0,0,0,➡️ STEADY,False,24,👀 WATCHING FOR OVERTAKE,success
1311,1086,482,81,56,4536,4940.5,1.4703869047619047,-394,0,0,📉 MOVING AWAY,False,23,👀 WATCHING FOR OVERTAKE,success
1312,1088,484,77,53,4081,4805.7,1.430267857142857,-849,0,0,📉 MOVING AWAY,False,22,👀 WATCHING FOR OVERTAKE,success
1313,1086,484,77,53,4081,4720.8,1.405,-849,0,0,📉 MOVING AWAY,False,21,👀 WATCHING FOR OVERTAKE,success
1314,1087,484,77,53,4081,4635.9,1.3797321428571427,-849,0,0,📉 MOVING AWAY,False,20,👀 WATCHING FOR OVERTAKE,success
1315,1085,483,77,53,4081,4551.0,1.3544642857142857,-849,0,0,📉 MOVING AWAY,False,19,👀 WATCHING FOR OVERTAKE,success
1316,1082,482,77,53,4081,4466.1,1.3291964285714286,-455,0,0,📉 MOVING AWAY,False,18,👀 WATCHING FOR OVERTAKE,success
1317,1084,483,74,50,3700,4343.1,1.2925892857142858,-381,0,0,📉 MOVING AWAY,False,17,👀 WATCHING FOR OVERTAKE,success
1318,1080,480,77,53,4081,4258.2,1.2673214285714285,0,0,0,➡️ STEADY,False,16,👀 WATCHING FOR OVERTAKE,success
1319,1082,482,74,50,3700,4135.2,1.2307142857142856,-381,0,0,📉 MOVING AWAY,False,15,👀 WATCHING FOR OVERTAKE,success
1320,1081,482,74,50,3700,4012.2,1.1941071428571428,-381,0,0,📉 MOVING AWAY,False,13,👀 WATCHING FOR OVERTAKE,success
1321,1081,481,74,50,3700,3928.6,1.1692261904761905,-381,0,0,📉 MOVING AWAY,False,13,👀 WATCHING FOR OVERTAKE,success
1322,1080,482,74,50,3700,3890.5,1.1578869047619047,0,0,0,➡️ STEADY,False,13,👀 WATCHING FOR OVERTAKE,success
1323,1078,480,77,53,4081,3890.5,1.1578869047619047,0,0,0,➡️ STEADY,False,13,👀 WATCHING FOR OVERTAKE,success
1324,1078,481,77,53,4081,3890.5,1.1578869047619047,381,381,0,📈 APPROACHING,True,48,⚡ MEDIUM OVERTAKE CHANCE,success
1325,1080,483,74,50,3700,3852.4,1.1465476190476191,0,381,0,➡️ STEADY,True,48,⚡ MEDIUM OVERTAKE CHANCE,success
1326,1080,484,74,50,3700,3814.3,1.1352083333333334,0,381,0,➡️ STEADY,True,48,⚡ MEDIUM OVERTAKE CHANCE,success
1327,1078,483,77,53,4081,3852.4,1.1465476190476191,381,381,3,📈 APPROACHING,True,48,⚡ MEDIUM OVERTAKE CHANCE,success
1328,1078,486,77,53,4081,3852.4,1.1465476190476191,0,381,3,➡️ STEADY,True,48,⚡ MEDIUM OVERTAKE CHANCE,success
1329,1081,487,74,50,3700,3852.4,1.1465476190476191,-381,0,0,📉 MOVING AWAY,False,13,👀 WATCHING FOR OVERTAKE,success
1330,1081,487,74,50,3700,3852.4,1.1465476190476191,0,0,0,➡️ STEADY,False,13,👀 WATCHING FOR OVERTAKE,success
1331,1081,489,74,50,3700,3852.4,1.1465476190476191,0,0,0,➡️ STEADY,False,13,👀 WATCHING FOR OVERTAKE,success
1332,1081,489,74,50,3700,3852.4,1.1465476190476191,-381,0,0,📉 MOVING AWAY,False,13,👀 WATCHING FOR OVERTAKE,success
1333,1081,490,74,50,3700,3814.3,1.1352083333333334,-381,0,0,📉 MOVING AWAY,False,13,👀 WATCHING FOR OVERTAKE,success
1334,1081,490,74,50,3700,3776.2,1.1238690476190476,0,0,0,➡️ STEADY,False,13,👀 WATCHING FOR OVERTAKE,success
1335,1081,490,74,50,3700,3776.2,1.1238690476190476,0,0,0,➡️ STEADY,False,13,👀 WATCHING FOR OVERTAKE,success
1336,1081,491,74,50,3700,3776.2,1.1238690476190476,0,0,0,➡️ STEADY,False,13,👀 WATCHING FOR OVERTAKE,success
1337,1082,491,74,50,3700,3738.1,1.1125297619047618,0,0,0,➡️ STEADY,False,13,👀 WATCHING FOR OVERTAKE,success
1338,1082,491,74,50,3700,3700.0,1.1011904761904763,0,0,0,➡️ STEADY,False,13,👀 WATCHING FOR OVERTAKE,success
1339,1083,491,74,50,3700,3700.0,1.1011904761904763,0,0,0,➡️ STEADY,False,13,👀 WATCHING FOR OVERTAKE,success
1340,1083,490,74,50,3700,3700.0,1.1011904761904763,0,0,0,➡️ STEADY,False,13,👀 WATCHING FOR OVERTAKE,success
1341,1085,490,74,50,3700,3700.0,1.1011904761904763,0,0,0,➡️ STEADY,False,13,👀 WATCHING FOR OVERTAKE,success
1342,1087,490,70,48,3360,3666.0,1.0910714285714285,-340,0,0,📉 MOVING AWAY,False,13,👀 WATCHING FOR OVERTAKE,success
1343,1089,489,70,48,3360,3632.0,1.0809523809523809,-340,0,0,📉 MOVING AWAY,False,13,👀 WATCHING FOR OVERTAKE,success
1344,1090,489,70,48,3360,3598.0,1.0708333333333333,-340,0,0,📉 MOVING AWAY,False,13,👀 WATCHING FOR OVERTAKE,success
1345,1091,489,70,48,3360,3564.0,1.0607142857142857,-340,0,0,📉 MOVING AWAY,False,13,👀 WATCHING FOR OVERTAKE,success
1346,1095,489,70,48,3360,3530.0,1.0505952380952381,-340,0,0,📉 MOVING AWAY,False,13,👀 WATCHING FOR OVERTAKE,success
1347,1097,488,70,48,3360,3496.0,1.0404761904761906,0,0,0,➡️ STEADY,False,13,👀 WATCHING FOR OVERTAKE,success
1348,1099,487,70,48,3360,3462.0,1.0303571428571427,0,0,0,➡️ STEADY,False,13,👀 WATCHING FOR OVERTAKE,success
1349,1098,483,74,50,3700,3462.0,1.0303571428571427,340,340,0,📈 APPROACHING,True,48,⚡ MEDIUM OVERTAKE CHANCE,success
1350,1098,483,74,50,3700,3462.0,1.0303571428571427,340,340,1,📈 APPROACHING,True,48,⚡ MEDIUM OVERTAKE CHANCE,success
1351,1101,482,74,50,3700,3462.0,1.0303571428571427,340,340,2,📈 APPROACHING,True,48,⚡ MEDIUM OVERTAKE CHANCE,success
1352,1102,482,74,50,3700,3496.0,1.0404761904761906,340,340,3,📈 APPROACHING,True,48,⚡ MEDIUM OVERTAKE CHANCE,success
1353,1103,480,77,53,4081,3568.1,1.0619345238095237,721,721,4,📈 APPROACHING,True,58,⚡ MEDIUM OVERTAKE CHANCE,success
1354,1109,479,74,50,3700,3602.1,1.0720535714285715,0,721,4,➡️ STEADY,True,58,⚡ MEDIUM OVERTAKE CHANCE,success
1355,1107,478,77,53,4081,3674.2,1.0935119047619046,381,721,6,📈 APPROACHING,True,58,⚡ MEDIUM OVERTAKE CHANCE,success
1356,1114,479,74,50,3700,3708.2,1.1036309523809524,0,721,6,➡️ STEADY,True,58,⚡ MEDIUM OVERTAKE CHANCE,success
1357,1116,478,74,50,3700,3742.2,1.11375,0,721,6,➡️ STEADY,True,58,⚡ MEDIUM OVERTAKE CHANCE,success
1358,1121,479,70,48,3360,3742.2,1.11375,-721,0,0,📉 MOVING AWAY,False,13,👀 WATCHING FOR OVERTAKE,success
1359,1123,478,74,50,3700,3742.2,1.11375,0,0,0,➡️ STEADY,False,13,👀 WATCHING FOR OVERTAKE,success
1360,1123,478,74,50,3700,3742.2,1.11375,-381,0,0,📉 MOVING AWAY,False,13,👀 WATCHING FOR OVERTAKE,success
1361,1125,477,77,53,4081,3780.3,1.1250892857142858,381,381,0,📈 APPROACHING,True,48,⚡ MEDIUM OVERTAKE CHANCE,success
1362,1126,476,81,56,4536,3863.9,1.1499702380952381,836,836,1,📈 APPROACHING,True,48,⚡ MEDIUM OVERTAKE CHANCE,success
1363,1136,480,77,53,4081,3863.9,1.1499702380952381,721,836,2,📈 APPROACHING,True,48,⚡ MEDIUM OVERTAKE CHANCE,success
1364,1138,480,77,53,4081,3902.0,1.161309523809524,381,836,3,📈 APPROACHING,True,48,⚡ MEDIUM OVERTAKE CHANCE,success
1365,1138,479,81,56,4536,3947.5,1.1748511904761905,836,836,4,📈 APPROACHING,True,58,⚡ MEDIUM OVERTAKE CHANCE,success
1366,1146,482,77,53,4081,3985.6,1.1861904761904762,0,836,4,➡️ STEADY,True,58,⚡ MEDIUM OVERTAKE CHANCE,success
1367,1143,479,85,58,4930,4108.6,1.222797619047619,394,836,6,📈 APPROACHING,True,59,⚡ MEDIUM OVERTAKE CHANCE,success
1368,1152,481,81,56,4536,4226.2,1.257797619047619,455,836,7,📈 APPROACHING,True,61,⚡ MEDIUM OVERTAKE CHANCE,success
1369,1153,482,81,56,4536,4309.8,1.2826785714285716,455,836,8,📈 APPROACHING,True,62,⚡ MEDIUM OVERTAKE CHANCE,success
1370,1153,481,85,58,4930,4432.8,1.3192857142857144,394,836,9,📈 APPROACHING,True,63,⚡ MEDIUM OVERTAKE CHANCE,success
1371,1158,482,85,58,4930,4517.7,1.3445535714285715,849,849,10,📈 APPROACHING,True,64,⚡ MEDIUM OVERTAKE CHANCE,success
1372,1161,482,85,58,4930,4557.1,1.356279761904762,0,849,10,➡️ STEADY,True,64,⚡ MEDIUM OVERTAKE CHANCE,success
1373,1164,482,85,58,4930,4642.0,1.381547619047619,394,849,12,📈 APPROACHING,True,65,⚡ MEDIUM OVERTAKE CHANCE,success
1374,1165,481,89,61,5429,4776.8,1.4216666666666666,893,893,13,📈 APPROACHING,True,67,⚡ MEDIUM OVERTAKE CHANCE,success
1375,1171,484,85,58,4930,4816.2,1.4333928571428571,0,893,13,➡️ STEADY,True,67,⚡ MEDIUM OVERTAKE CHANCE,success
1376,1171,482,89,61,5429,4951.0,1.4735119047619047,499,893,15,📈 APPROACHING,True,69,⚡ MEDIUM OVERTAKE CHANCE,success
1377,1175,484,85,58,4930,4951.0,1.4735119047619047,0,893,15,➡️ STEADY,True,69,⚡ MEDIUM OVERTAKE CHANCE,success
1378,1177,482,89,61,5429,5040.3,1.5000892857142858,499,893,17,📈 APPROACHING,True,65,⚡ MEDIUM OVERTAKE CHANCE,success
1379,1179,483,89,61,5429,5129.6,1.5266666666666668,0,893,17,➡️ STEADY,True,66,⚡ MEDIUM OVERTAKE CHANCE,success
1380,1181,483,89,61,5429,5179.5,1.5415178571428572,499,893,19,📈 APPROACHING,True,67,⚡ MEDIUM OVERTAKE CHANCE,success
1381,1184,483,89,61,5429,5229.4,1.5563690476190475,0,893,19,➡️ STEADY,True,68,⚡ MEDIUM OVERTAKE CHANCE,success
1382,1184,481,94,64,6016,5338.0,1.588690476190476,1086,1086,21,📈 APPROACHING,True,69,⚡ MEDIUM OVERTAKE CHANCE,success
1383,1188,481,94,64,6016,5446.6,1.621011904761905,587,1086,22,📈 APPROACHING,True,71,🚀 HIGH OVERTAKE CHANCE!,success
1384,1189,481,94,64,6016,5505.3,1.638482142857143,587,1086,23,📈 APPROACHING,True,72,🚀 HIGH OVERTAKE CHANCE!,success
1385,1187,480,98,68,6664,5678.7,1.6900892857142857,1235,1235,24,📈 APPROACHING,True,75,🚀 HIGH OVERTAKE CHANCE!,success
1386,1190,480,98,68,6664,5802.2,1.726845238095238,1235,1235,25,📈 APPROACHING,True,76,🚀 HIGH OVERTAKE CHANCE!,success
1387,1192,481,98,68,6664,5975.6,1.7784523809523811,648,1235,26,📈 APPROACHING,True,79,🚀 HIGH OVERTAKE CHANCE!,success
1388,1192,479,103,71,7313,6164.0,1.8345238095238094,1297,1297,27,📈 APPROACHING,True,82,🚀 HIGH OVERTAKE CHANCE!,success
1389,1195,480,103,71,7313,6352.4,1.890595238095238,1297,1297,28,📈 APPROACHING,True,85,🚀 HIGH OVERTAKE CHANCE!,success
1390,1195,480,103,71,7313,6540.8,1.9466666666666668,649,1297,29,📈 APPROACHING,True,88,🚀 HIGH OVERTAKE CHANCE!,success
1391,1197,480,109,74,8066,6804.5,2.0251488095238095,1402,1402,30,📈 APPROACHING,True,92,🚀 HIGH OVERTAKE CHANCE!,success
1392,1197,481,109,74,8066,7009.5,2.086160714285714,1402,1402,31,📈 APPROACHING,True,96,🚀 HIGH OVERTAKE CHANCE!,success
1393,1199,480,114,78,8892,7297.1,2.1717559523809524,1579,1579,32,📈 APPROACHING,True,100,🚀 HIGH OVERTAKE CHANCE!,success
1394,1202,482,109,74,8066,7502.1,2.232767857142857,753,1579,33,📈 APPROACHING,True,100,🚀 HIGH OVERTAKE CHANCE!,success
1395,1202,481,114,78,8892,7724.9,2.299077380952381,1579,1579,34,📈 APPROACHING,True,100,🚀 HIGH OVERTAKE CHANCE!,success
1396,1208,482,114,78,8892,7947.7,2.3653869047619045,826,1579,35,📈 APPROACHING,True,100,🚀 HIGH OVERTAKE CHANCE!,success
1397,1209,483,114,78,8892,8170.5,2.4316964285714286,826,1579,36,📈 APPROACHING,True,100,🚀 HIGH OVERTAKE CHANCE!,success
1398,1211,482,120,82,9840,8423.2,2.506904761904762,948,1579,37,📈 APPROACHING,True,100,🚀 HIGH OVERTAKE CHANCE!,success
1399,1217,485,114,78,8892,8581.1,2.5538988095238095,826,1579,38,📈 APPROACHING,True,100,🚀 HIGH OVERTAKE CHANCE!,success
1400,1216,484,120,82,9840,8833.8,2.6291071428571424,948,1579,39,📈 APPROACHING,True,100,🚀 HIGH OVERTAKE CHANCE!,success
1401,1222,486,120,82,9840,9011.2,2.6819047619047622,948,1579,40,📈 APPROACHING,True,100,🚀 HIGH OVERTAKE CHANCE!,success
1402,1227,488,114,78,8892,9093.8,2.706488095238095,0,1579,40,➡️ STEADY,True,100,🚀 HIGH OVERTAKE CHANCE!,success
1403,1228,486,120,82,9840,9188.6,2.734702380952381,0,1579,40,➡️ STEADY,True,100,🚀 HIGH OVERTAKE CHANCE!,success
1404,1229,485,126,86,10836,9465.6,2.817142857142857,1944,1944,43,📈 APPROACHING,True,100,🚀 HIGH OVERTAKE CHANCE!,success
1405,1230,485,126,86,10836,9660.0,2.875,996,1944,44,📈 APPROACHING,True,100,🚀 HIGH OVERTAKE CHANCE!,success
1406,1233,486,126,86,10836,9854.4,2.932857142857143,996,1944,45,📈 APPROACHING,True,100,🚀 HIGH OVERTAKE CHANCE!,success
1407,1237,486,126,86,10836,10048.8,2.9907142857142857,1944,1944,46,📈 APPROACHING,True,100,🚀 HIGH OVERTAKE CHANCE!,success
1408,1239,484,132,91,12012,10266.0,3.055357142857143,2172,2172,47,📈 APPROACHING,True,100,🚀 HIGH OVERTAKE CHANCE!,success
1409,1245,487,126,86,10836,10460.4,3.1132142857142857,0,2172,47,➡️ STEADY,True,100,🚀 HIGH OVERTAKE CHANCE!,success
1410,1245,487,126,86,10836,10560.0,3.142857142857143,0,2172,47,➡️ STEADY,True,100,🚀 HIGH OVERTAKE CHANCE!,success
1411,1247,485,132,91,12012,10777.2,3.2075,1176,2172,50,📈 APPROACHING,True,100,🚀 HIGH OVERTAKE CHANCE!,success
1412,1248,486,132,91,12012,11089.2,3.300357142857143,1176,2172,51,📈 APPROACHING,True,100,🚀 HIGH OVERTAKE CHANCE!,success
1413,1252,486,132,91,12012,11306.4,3.3649999999999998,0,2172,51,➡️ STEADY,True,100,🚀 HIGH OVERTAKE CHANCE!,success
1414,1250,484,139,95,13205,11543.3,3.4355059523809524,2369,2369,53,📈 APPROACHING,True,100,🚀 HIGH OVERTAKE CHANCE!,success
1415,1254,484,139,95,13205,11780.2,3.506011904761905,2369,2369,54,📈 APPROACHING,True,100,🚀 HIGH OVERTAKE CHANCE!,success
1416,1255,484,139,95,13205,12017.1,3.576517857142857,1193,2369,55,📈 APPROACHING,True,100,🚀 HIGH OVERTAKE CHANCE!,success
1417,1255,484,139,95,13205,12254.0,3.6470238095238097,1193,2369,56,📈 APPROACHING,True,100,🚀 HIGH OVERTAKE CHANCE!,success
1418,1255,484,139,95,13205,12373.3,3.6825297619047617,1193,2369,57,📈 APPROACHING,True,100,🚀 HIGH OVERTAKE CHANCE!,success
1419,1255,484,139,95,13205,12610.2,3.7530357142857147,0,2369,57,➡️ STEADY,True,100,🚀 HIGH OVERTAKE CHANCE!,success
1420,1252,482,146,100,14600,12986.6,3.865059523809524,1395,2369,59,📈 APPROACHING,True,100,🚀 HIGH OVERTAKE CHANCE!,success
1421,1255,482,146,100,14600,13245.4,3.942083333333333,1395,2369,60,📈 APPROACHING,True,100,🚀 HIGH OVERTAKE CHANCE!,success
1422,1258,485,139,95,13205,13364.7,3.977589285714286,0,2369,60,➡️ STEADY,True,100,🚀 HIGH OVERTAKE CHANCE!,success
1423,1251,481,146,100,14600,13623.5,4.054613095238095,1395,2369,62,📈 APPROACHING,True,100,🚀 HIGH OVERTAKE CHANCE!,success
1424,1254,481,146,100,14600,13763.0,4.096130952380952,1395,2369,63,📈 APPROACHING,True,100,🚀 HIGH OVERTAKE CHANCE!,success
1425,1252,482,146,100,14600,13902.5,4.137648809523809,0,2369,63,➡️ STEADY,True,100,🚀 HIGH OVERTAKE CHANCE!,success
1426,1250,482,146,100,14600,14042.0,4.179166666666666,0,2369,63,➡️ STEADY,True,100,🚀 HIGH OVERTAKE CHANCE!,success
1427,1245,479,153,105,16065,14328.0,4.264285714285714,2860,2860,66,📈 APPROACHING,True,100,🚀 HIGH OVERTAKE CHANCE!,success
1428,1244,480,153,105,16065,14614.0,4.349404761904762,1465,2860,67,📈 APPROACHING,True,100,🚀 HIGH OVERTAKE CHANCE!,success
1429,1243,480,153,105,16065,14900.0,4.434523809523809,1465,2860,68,📈 APPROACHING,True,100,🚀 HIGH OVERTAKE CHANCE!,success
1430,1241,480,153,105,16065,15046.5,4.478125,1465,2860,69,📈 APPROACHING,True,100,🚀 HIGH OVERTAKE CHANCE!,success
1431,1237,481,153,105,16065,15193.0,4.5217261904761905,1465,2860,70,📈 APPROACHING,True,100,🚀 HIGH OVERTAKE CHANCE!,success
1432,1233,481,153,105,16065,15479.0,4.6068452380952385,0,2860,70,➡️ STEADY,True,100,🚀 HIGH OVERTAKE CHANCE!,success
1433,1225,479,160,110,17600,15779.0,4.696130952380952,1535,2860,72,📈 APPROACHING,True,100,🚀 HIGH OVERTAKE CHANCE!,success
1434,1224,479,160,110,17600,16079.0,4.785416666666666,1535,2860,73,📈 APPROACHING,True,100,🚀 HIGH OVERTAKE CHANCE!,success
1435,1220,480,160,110,17600,16379.0,4.874702380952381,1535,2860,74,📈 APPROACHING,True,100,🚀 HIGH OVERTAKE CHANCE!,success
1436,1212,480,160,110,17600,16679.0,4.963988095238095,1535,2860,75,📈 APPROACHING,True,100,🚀 HIGH OVERTAKE CHANCE!,success
1437,1208,480,160,110,17600,16832.5,5.009672619047619,1535,2860,76,📈 APPROACHING,True,100,🚀 HIGH OVERTAKE CHANCE!,success
1438,1201,480,160,110,17600,16986.0,5.055357142857143,0,2860,76,➡️ STEADY,True,100,🚀 HIGH OVERTAKE CHANCE!,success
1439,1193,477,168,116,19488,17328.3,5.157232142857143,1888,2860,78,📈 APPROACHING,True,100,🚀 HIGH OVERTAKE CHANCE!,success
1440,1196,481,160,110,17600,17481.8,5.202916666666667,0,2860,78,➡️ STEADY,True,100,🚀 HIGH OVERTAKE CHANCE!,success
1441,1183,479,168,116,19488,17824.1,5.304791666666667,1888,2860,80,📈 APPROACHING,True,100,🚀 HIGH OVERTAKE CHANCE!,success
1442,1180,480,168,116,19488,18166.4,5.406666666666667,1888,2860,81,📈 APPROACHING,True,100,🚀 HIGH OVERTAKE CHANCE!,success
1443,1171,481,168,116,19488,18355.2,5.462857142857143,1888,2860,82,📈 APPROACHING,True,100,🚀 HIGH OVERTAKE CHANCE!,success
1444,1172,485,160,110,17600,18355.2,5.462857142857143,-1888,0,0,📉 MOVING AWAY,False,100,🚀 HIGH OVERTAKE CHANCE!,success
1445,1165,484,160,110,17600,18355.2,5.462857142857143,0,0,0,➡️ STEADY,False,100,🚀 HIGH OVERTAKE CHANCE!,success
1446,1152,482,168,116,19488,18544.0,5.519047619047619,0,0,0,➡️ STEADY,False,100,🚀 HIGH OVERTAKE CHANCE!,success
1447,1151,483,168,116,19488,18732.8,5.575238095238095,0,0,0,➡️ STEADY,False,100,🚀 HIGH OVERTAKE CHANCE!,success
1448,1142,486,160,110,17600,18732.8,5.575238095238095,-1888,0,0,📉 MOVING AWAY,False,100,🚀 HIGH OVERTAKE CHANCE!,success
1449,1131,486,160,110,17600,18544.0,5.519047619047619,0,0,0,➡️ STEADY,False,100,🚀 HIGH OVERTAKE CHANCE!,success
1450,1128,486,160,110,17600,18544.0,5.519047619047619,0,0,0,➡️ STEADY,False,100,🚀 HIGH OVERTAKE CHANCE!,success
1451,1115,486,160,110,17600,18355.2,5.462857142857143,-1888,0,0,📉 MOVING AWAY,False,100,🚀 HIGH OVERTAKE CHANCE!,success
1452,1109,485,160,110,17600,18166.4,5.406666666666667,-1888,0,0,📉 MOVING AWAY,False,100,🚀 HIGH OVERTAKE CHANCE!,success
1453,1097,484,160,110,17600,17977.6,5.35047619047619,0,0,0,➡️ STEADY,False,100,🚀 HIGH OVERTAKE CHANCE!,success
1454,1086,484,160,110,17600,17977.6,5.35047619047619,0,0,0,➡️ STEADY,False,100,🚀 HIGH OVERTAKE CHANCE!,success
1455,1083,484,160,110,17600,17977.6,5.35047619047619,0,0,0,➡️ STEADY,False,100,🚀 HIGH OVERTAKE CHANCE!,success
1456,1070,484,160,110,17600,17788.8,5.2942857142857145,0,0,0,➡️ STEADY,False,100,🚀 HIGH OVERTAKE CHANCE!,success
1457,1066,483,160,110,17600,17600.0,5.238095238095238,0,0,0,➡️ STEADY,False,100,🚀 HIGH OVERTAKE CHANCE!,success
1458,1056,484,160,110,17600,17600.0,5.238095238095238,0,0,0,➡️ STEADY,False,100,🚀 HIGH OVERTAKE CHANCE!,success
1459,1053,484,160,110,17600,17600.0,5.238095238095238,0,0,0,➡️ STEADY,False,100,🚀 HIGH OVERTAKE CHANCE!,success
1460,1047,484,160,110,17600,17600.0,5.238095238095238,0,0,0,➡️ STEADY,False,100,🚀 HIGH OVERTAKE CHANCE!,success
1461,1042,485,160,110,17600,17600.0,5.238095238095238,0,0,0,➡️ STEADY,False,100,🚀 HIGH OVERTAKE CHANCE!,success
1462,1039,485,160,110,17600,17600.0,5.238095238095238,0,0,0,➡️ STEADY,False,100,🚀 HIGH OVERTAKE CHANCE!,success
1463,1041,488,153,105,16065,17446.5,5.192410714285714,-1535,0,0,📉 MOVING AWAY,False,100,🚀 HIGH OVERTAKE CHANCE!,success
1464,1039,489,153,105,16065,17293.0,5.1467261904761905,-1535,0,0,📉 MOVING AWAY,False,100,🚀 HIGH OVERTAKE CHANCE!,success
1465,1038,489,153,105,16065,17139.5,5.101041666666666,-1535,0,0,📉 MOVING AWAY,False,100,🚀 HIGH OVERTAKE CHANCE!,success
1466,1037,488,153,105,16065,16986.0,5.055357142857143,-1535,0,0,📉 MOVING AWAY,False,100,🚀 HIGH OVERTAKE CHANCE!,success
1467,1037,489,153,105,16065,16832.5,5.009672619047619,-1535,0,0,📉 MOVING AWAY,False,100,🚀 HIGH OVERTAKE CHANCE!,success
1468,1037,488,153,105,16065,16679.0,4.963988095238095,0,0,0,➡️ STEADY,False,100,🚀 HIGH OVERTAKE CHANCE!,success
1469,1038,489,153,105,16065,16525.5,4.918303571428571,0,0,0,➡️ STEADY,False,100,🚀 HIGH OVERTAKE CHANCE!,success
1470,1038,488,153,105,16065,16372.0,4.872619047619048,0,0,0,➡️ STEADY,False,100,🚀 HIGH OVERTAKE CHANCE!,success
1471,1040,487,153,105,16065,16218.5,4.826934523809523,0,0,0,➡️ STEADY,False,100,🚀 HIGH OVERTAKE CHANCE!,success
1472,1043,488,153,105,16065,16065.0,4.78125,0,0,0,➡️ STEADY,False,100,🚀 HIGH OVERTAKE CHANCE!,success
1473,1048,490,146,100,14600,15918.5,4.73764880952381,-1465,0,0,📉 MOVING AWAY,False,100,🚀 HIGH OVERTAKE CHANCE!,success
1474,1048,490,146,100,14600,15772.0,4.694047619047619,-1465,0,0,📉 MOVING AWAY,False,100,🚀 HIGH OVERTAKE CHANCE!,success
1475,1048,490,146,100,14600,15625.5,4.650446428571429,-1465,0,0,📉 MOVING AWAY,False,100,🚀 HIGH OVERTAKE CHANCE!,success
1476,1051,489,146,100,14600,15479.0,4.6068452380952385,-1465,0,0,📉 MOVING AWAY,False,100,🚀 HIGH OVERTAKE CHANCE!,success
1477,1052,489,146,100,14600,15332.5,4.5632440476190474,-1465,0,0,📉 MOVING AWAY,False,100,🚀 HIGH OVERTAKE CHANCE!,success
1478,1059,489,146,100,14600,15186.0,4.519642857142857,0,0,0,➡️ STEADY,False,100,🚀 HIGH OVERTAKE CHANCE!,success
1479,1059,488,146,100,14600,15039.5,4.476041666666666,0,0,0,➡️ STEADY,False,100,🚀 HIGH OVERTAKE CHANCE!,success
1480,1065,491,139,95,13205,14753.5,4.390922619047619,-1395,0,0,📉 MOVING AWAY,False,100,🚀 HIGH OVERTAKE CHANCE!,success
1481,1062,488,146,100,14600,14607.0,4.347321428571429,0,0,0,➡️ STEADY,False,100,🚀 HIGH OVERTAKE CHANCE!,success
1482,1067,488,146,100,14600,14460.5,4.303720238095238,0,0,0,➡️ STEADY,False,100,🚀 HIGH OVERTAKE CHANCE!,success
1483,1074,491,139,95,13205,14321.0,4.262202380952381,-1395,0,0,📉 MOVING AWAY,False,100,🚀 HIGH OVERTAKE CHANCE!,success
1484,1074,490,139,95,13205,14181.5,4.220684523809524,-1395,0,0,📉 MOVING AWAY,False,100,🚀 HIGH OVERTAKE CHANCE!,success
1485,1075,489,139,95,13205,14042.0,4.179166666666666,0,0,0,➡️ STEADY,False,100,🚀 HIGH OVERTAKE CHANCE!,success
1486,1077,489,139,95,13205,13902.5,4.137648809523809,-1395,0,0,📉 MOVING AWAY,False,100,🚀 HIGH OVERTAKE CHANCE!,success
1487,1078,489,139,95,13205,13763.0,4.096130952380952,-1395,0,0,📉 MOVING AWAY,False,100,🚀 HIGH OVERTAKE CHANCE!,success
1488,1083,490,139,95,13205,13623.5,4.054613095238095,0,0,0,➡️ STEADY,False,100,🚀 HIGH OVERTAKE CHANCE!,success
1489,1084,490,139,95,13205,13484.0,4.0130952380952385,0,0,0,➡️ STEADY,False,100,🚀 HIGH OVERTAKE CHANCE!,success
1490,1085,490,139,95,13205,13484.0,4.0130952380952385,0,0,0,➡️ STEADY,False,100,🚀 HIGH OVERTAKE CHANCE!,success
1491,1087,490,139,95,13205,13344.5,3.971577380952381,0,0,0,➡️ STEADY,False,100,🚀 HIGH OVERTAKE CHANCE!,success
1492,1089,490,139,95,13205,13205.0,3.9300595238095237,0,0,0,➡️ STEADY,False,100,🚀 HIGH OVERTAKE CHANCE!,success
1493,1091,490,139,95,13205,13205.0,3.9300595238095237,0,0,0,➡️ STEADY,False,100,🚀 HIGH OVERTAKE CHANCE!,success
1494,1093,490,139,95,13205,13205.0,3.9300595238095237,0,0,0,➡️ STEADY,False,100,🚀 HIGH OVERTAKE CHANCE!,success
1495,1095,490,139,95,13205,13205.0,3.9300595238095237,0,0,0,➡️ STEADY,False,100,🚀 HIGH OVERTAKE CHANCE!,success
1496,1099,490,139,95,13205,13205.0,3.9300595238095237,0,0,0,➡️ STEADY,False,100,🚀 HIGH OVERTAKE CHANCE!,success
1497,1101,490,139,95,13205,13205.0,3.9300595238095237,0,0,0,➡️ STEADY,False,100,🚀 HIGH OVERTAKE CHANCE!,success
1498,1107,492,139,95,13205,13205.0,3.9300595238095237,0,0,0,➡️ STEADY,False,100,🚀 HIGH OVERTAKE CHANCE!,success
1499,1111,495,132,91,12012,13085.7,3.8945535714285717,-1193,0,0,📉 MOVING AWAY,False,100,🚀 HIGH OVERTAKE CHANCE!,success
1500,1109,494,139,95,13205,13085.7,3.8945535714285717,0,0,0,➡️ STEADY,False,100,🚀 HIGH OVERTAKE CHANCE!,success
1501,1114,495,139,95,13205,13085.7,3.8945535714285717,0,0,0,➡️ STEADY,False,100,🚀 HIGH OVERTAKE CHANCE!,success
1502,1115,497,139,95,13205,13085.7,3.8945535714285717,0,0,0,➡️ STEADY,False,100,🚀 HIGH OVERTAKE CHANCE!,success
1503,1118,497,139,95,13205,13085.7,3.8945535714285717,0,0,0,➡️ STEADY,False,100,🚀 HIGH OVERTAKE CHANCE!,success
1504,1121,497,139,95,13205,13085.7,3.8945535714285717,1193,1193,0,📈 APPROACHING,True,100,🚀 HIGH OVERTAKE CHANCE!,success
1505,1122,496,139,95,13205,13085.7,3.8945535714285717,0,1193,0,➡️ STEADY,True,100,🚀 HIGH OVERTAKE CHANCE!,success
1506,1126,495,139,95,13205,13085.7,3.8945535714285717,0,1193,0,➡️ STEADY,True,100,🚀 HIGH OVERTAKE CHANCE!,success
1507,1127,495,139,95,13205,13085.7,3.8945535714285717,0,1193,0,➡️ STEADY,True,100,🚀 HIGH OVERTAKE CHANCE!,success
1508,1133,495,139,95,13205,13085.7,3.8945535714285717,0,1193,0,➡️ STEADY,True,100,🚀 HIGH OVERTAKE CHANCE!,success
1509,1133,495,139,95,13205,13205.0,3.9300595238095237,0,1193,0,➡️ STEADY,True,100,🚀 HIGH OVERTAKE CHANCE!,success
1510,1134,495,139,95,13205,13205.0,3.9300595238095237,0,1193,0,➡️ STEADY,True,100,🚀 HIGH OVERTAKE CHANCE!,success
1511,1137,496,139,95,13205,13205.0,3.9300595238095237,0,1193,0,➡️ STEADY,True,100,🚀 HIGH OVERTAKE CHANCE!,success
1512,1138,496,139,95,13205,13205.0,3.9300595238095237,0,1193,0,➡️ STEADY,True,100,🚀 HIGH OVERTAKE CHANCE!,success
1513,1142,497,139,95,13205,13205.0,3.9300595238095237,0,1193,0,➡️ STEADY,True,100,🚀 HIGH OVERTAKE CHANCE!,success
1514,1143,498,139,95,13205,13205.0,3.9300595238095237,0,1193,0,➡️ STEADY,True,100,🚀 HIGH OVERTAKE CHANCE!,success
1515,1143,498,139,95,13205,13205.0,3.9300595238095237,0,1193,0,➡️ STEADY,True,100,🚀 HIGH OVERTAKE CHANCE!,success
1516,1138,496,146,100,14600,13344.5,3.971577380952381,1395,1395,12,📈 APPROACHING,True,100,🚀 HIGH OVERTAKE CHANCE!,success
1517,1140,499,139,95,13205,13344.5,3.971577380952381,0,1395,12,➡️ STEADY,True,100,🚀 HIGH OVERTAKE CHANCE!,success
1518,1137,498,139,95,13205,13344.5,3.971577380952381,0,1395,12,➡️ STEADY,True,100,🚀 HIGH OVERTAKE CHANCE!,success
1519,1136,498,139,95,13205,13344.5,3.971577380952381,0,1395,12,➡️ STEADY,True,100,🚀 HIGH OVERTAKE CHANCE!,success
1520,1136,497,139,95,13205,13344.5,3.971577380952381,0,1395,12,➡️ STEADY,True,100,🚀 HIGH OVERTAKE CHANCE!,success
1521,1136,498,139,95,13205,13344.5,3.971577380952381,-1395,0,0,📉 MOVING AWAY,False,100,🚀 HIGH OVERTAKE CHANCE!,success
1522,1136,497,139,95,13205,13344.5,3.971577380952381,0,0,0,➡️ STEADY,False,100,🚀 HIGH OVERTAKE CHANCE!,success
1523,1137,498,139,95,13205,13344.5,3.971577380952381,0,0,0,➡️ STEADY,False,100,🚀 HIGH OVERTAKE CHANCE!,success
1524,1137,498,139,95,13205,13344.5,3.971577380952381,0,0,0,➡️ STEADY,False,100,🚀 HIGH OVERTAKE CHANCE!,success
1525,1138,499,139,95,13205,13344.5,3.971577380952381,0,0,0,➡️ STEADY,False,100,🚀 HIGH OVERTAKE CHANCE!,success
1526,1138,499,139,95,13205,13205.0,3.9300595238095237,0,0,0,➡️ STEADY,False,100,🚀 HIGH OVERTAKE CHANCE!,success
1527,1134,498,146,100,14600,13344.5,3.971577380952381,1395,1395,0,📈 APPROACHING,True,100,🚀 HIGH OVERTAKE CHANCE!,success
1528,1138,501,139,95,13205,13344.5,3.971577380952381,0,1395,0,➡️ STEADY,True,100,🚀 HIGH OVERTAKE CHANCE!,success
1529,1134,498,146,100,14600,13484.0,4.0130952380952385,1395,1395,2,📈 APPROACHING,True,100,🚀 HIGH OVERTAKE CHANCE!,success
1530,1137,501,139,95,13205,13484.0,4.0130952380952385,0,1395,2,➡️ STEADY,True,100,🚀 HIGH OVERTAKE CHANCE!,success
1531,1136,499,139,95,13205,13484.0,4.0130952380952385,0,1395,2,➡️ STEADY,True,100,🚀 HIGH OVERTAKE CHANCE!,success
1532,1135,498,139,95,13205,13484.0,4.0130952380952385,-1395,0,0,📉 MOVING AWAY,False,100,🚀 HIGH OVERTAKE CHANCE!,success
1533,1134,497,139,95,13205,13484.0,4.0130952380952385,0,0,0,➡️ STEADY,False,100,🚀 HIGH OVERTAKE CHANCE!,success
1534,1133,497,139,95,13205,13484.0,4.0130952380952385,-1395,0,0,📉 MOVING AWAY,False,100,🚀 HIGH OVERTAKE CHANCE!,success
1535,1131,496,139,95,13205,13484.0,4.0130952380952385,0,0,0,➡️ STEADY,False,100,🚀 HIGH OVERTAKE CHANCE!,success
1536,1129,495,139,95,13205,13484.0,4.0130952380952385,0,0,0,➡️ STEADY,False,100,🚀 HIGH OVERTAKE CHANCE!,success
1537,1128,495,139,95,13205,13344.5,3.971577380952381,0,0,0,➡️ STEADY,False,100,🚀 HIGH OVERTAKE CHANCE!,success
1538,1125,494,139,95,13205,13344.5,3.971577380952381,0,0,0,➡️ STEADY,False,100,🚀 HIGH OVERTAKE CHANCE!,success
1539,1122,493,139,95,13205,13205.0,3.9300595238095237,0,0,0,➡️ STEADY,False,100,🚀 HIGH OVERTAKE CHANCE!,success
1540,1122,493,139,95,13205,13205.0,3.9300595238095237,0,0,0,➡️ STEADY,False,100,🚀 HIGH OVERTAKE CHANCE!,success
1541,1118,493,139,95,13205,13205.0,3.9300595238095237,0,0,0,➡️ STEADY,False,100,🚀 HIGH OVERTAKE CHANCE!,success
1542,1117,492,139,95,13205,13205.0,3.9300595238095237,0,0,0,➡️ STEADY,False,100,🚀 HIGH OVERTAKE CHANCE!,success
1543,1113,491,139,95,13205,13205.0,3.9300595238095237,0,0,0,➡️ STEADY,False,100,🚀 HIGH OVERTAKE CHANCE!,success
1544,1113,491,139,95,13205,13205.0,3.9300595238095237,0,0,0,➡️ STEADY,False,100,🚀 HIGH OVERTAKE CHANCE!,success
1545,1115,493,132,91,12012,13085.7,3.8945535714285717,-1193,0,0,📉 MOVING AWAY,False,100,🚀 HIGH OVERTAKE CHANCE!,success
1546,1112,491,132,91,12012,12966.4,3.859047619047619,-1193,0,0,📉 MOVING AWAY,False,100,🚀 HIGH OVERTAKE CHANCE!,success
1547,1111,491,132,91,12012,12847.1,3.823541666666667,-1193,0,0,📉 MOVING AWAY,False,100,🚀 HIGH OVERTAKE CHANCE!,success
1548,1110,491,132,91,12012,12727.8,3.788035714285714,-1193,0,0,📉 MOVING AWAY,False,100,🚀 HIGH OVERTAKE CHANCE!,success
1549,1109,491,132,91,12012,12608.5,3.752529761904762,-1193,0,0,📉 MOVING AWAY,False,100,🚀 HIGH OVERTAKE CHANCE!,success
1550,1108,491,132,91,12012,12489.2,3.71702380952381,0,0,0,➡️ STEADY,False,100,🚀 HIGH OVERTAKE CHANCE!,success
1551,1108,490,132,91,12012,12369.9,3.681517857142857,0,0,0,➡️ STEADY,False,100,🚀 HIGH OVERTAKE CHANCE!,success
1552,1107,490,132,91,12012,12250.6,3.646011904761905,0,0,0,➡️ STEADY,False,100,🚀 HIGH OVERTAKE CHANCE!,success
1553,1108,491,126,86,10836,12013.7,3.5755059523809525,-1176,0,0,📉 MOVING AWAY,False,100,🚀 HIGH OVERTAKE CHANCE!,success
1554,1109,491,126,86,10836,11776.8,3.505,-1176,0,0,📉 MOVING AWAY,False,100,🚀 HIGH OVERTAKE CHANCE!,success
1555,1109,490,126,86,10836,11659.2,3.47,-1176,0,0,📉 MOVING AWAY,False,100,🚀 HIGH OVERTAKE CHANCE!,success
1556,1109,488,126,86,10836,11541.6,3.435,-1176,0,0,📉 MOVING AWAY,False,100,🚀 HIGH OVERTAKE CHANCE!,success
1557,1108,487,126,86,10836,11424.0,3.4,-1176,0,0,📉 MOVING AWAY,False,100,🚀 HIGH OVERTAKE CHANCE!,success
1558,1111,487,120,82,9840,11206.8,3.3353571428571427,-996,0,0,📉 MOVING AWAY,False,100,🚀 HIGH OVERTAKE CHANCE!,success
1559,1111,486,120,82,9840,10989.6,3.270714285714286,-996,0,0,📉 MOVING AWAY,False,100,🚀 HIGH OVERTAKE CHANCE!,success
1560,1111,485,120,82,9840,10772.4,3.2060714285714287,-996,0,0,📉 MOVING AWAY,False,100,🚀 HIGH OVERTAKE CHANCE!,success
1561,1108,482,126,86,10836,10654.8,3.1710714285714285,0,0,0,➡️ STEADY,False,100,🚀 HIGH OVERTAKE CHANCE!,success
1562,1108,482,126,86,10836,10537.2,3.136071428571429,0,0,0,➡️ STEADY,False,100,🚀 HIGH OVERTAKE CHANCE!,success
1563,1108,482,126,86,10836,10537.2,3.136071428571429,996,996,0,📈 APPROACHING,True,100,🚀 HIGH OVERTAKE CHANCE!,success
1564,1108,482,126,86,10836,10537.2,3.136071428571429,996,996,1,📈 APPROACHING,True,100,🚀 HIGH OVERTAKE CHANCE!,success
1565,1108,482,126,86,10836,10537.2,3.136071428571429,996,996,2,📈 APPROACHING,True,100,🚀 HIGH OVERTAKE CHANCE!,success
1566,1109,482,126,86,10836,10537.2,3.136071428571429,0,996,2,➡️ STEADY,True,100,🚀 HIGH OVERTAKE CHANCE!,success
1567,1108,482,126,86,10836,10537.2,3.136071428571429,0,996,2,➡️ STEADY,True,100,🚀 HIGH OVERTAKE CHANCE!,success
1568,1108,482,126,86,10836,10636.8,3.1657142857142855,0,996,2,➡️ STEADY,True,100,🚀 HIGH OVERTAKE CHANCE!,success
1569,1106,481,132,91,12012,10854.0,3.2303571428571427,1176,1176,6,📈 APPROACHING,True,100,🚀 HIGH OVERTAKE CHANCE!,success
1570,1106,482,132,91,12012,11071.2,3.2950000000000004,1176,1176,7,📈 APPROACHING,True,100,🚀 HIGH OVERTAKE CHANCE!,success
1571,1106,482,132,91,12012,11188.8,3.3299999999999996,1176,1176,8,📈 APPROACHING,True,100,🚀 HIGH OVERTAKE CHANCE!,success
1572,1106,483,132,91,12012,11306.4,3.3649999999999998,1176,1176,9,📈 APPROACHING,True,100,🚀 HIGH OVERTAKE CHANCE!,success
1573,1106,483,132,91,12012,11424.0,3.4,1176,1176,10,📈 APPROACHING,True,100,🚀 HIGH OVERTAKE CHANCE!,success
1574,1107,483,132,91,12012,11541.6,3.435,0,1176,10,➡️ STEADY,True,100,🚀 HIGH OVERTAKE CHANCE!,success
1575,1107,482,132,91,12012,11659.2,3.47,0,1176,10,➡️ STEADY,True,100,🚀 HIGH OVERTAKE CHANCE!,success
1576,1111,483,126,86,10836,11659.2,3.47,-1176,0,0,📉 MOVING AWAY,False,100,🚀 HIGH OVERTAKE CHANCE!,success
1577,1111,482,126,86,10836,11659.2,3.47,-1176,0,0,📉 MOVING AWAY,False,100,🚀 HIGH OVERTAKE CHANCE!,success
1578,1112,482,126,86,10836,11659.2,3.47,-1176,0,0,📉 MOVING AWAY,False,100,🚀 HIGH OVERTAKE CHANCE!,success
1579,1112,482,126,86,10836,11541.6,3.435,-1176,0,0,📉 MOVING AWAY,False,100,🚀 HIGH OVERTAKE CHANCE!,success
1580,1108,479,132,91,12012,11541.6,3.435,0,0,0,➡️ STEADY,False,100,🚀 HIGH OVERTAKE CHANCE!,success
1581,1107,480,132,91,12012,11541.6,3.435,1176,1176,0,📈 APPROACHING,True,100,🚀 HIGH OVERTAKE CHANCE!,success
1582,1106,480,132,91,12012,11541.6,3.435,1176,1176,1,📈 APPROACHING,True,100,🚀 HIGH OVERTAKE CHANCE!,success
1583,1106,480,132,91,12012,11541.6,3.435,1176,1176,2,📈 APPROACHING,True,100,🚀 HIGH OVERTAKE CHANCE!,success
1584,1108,482,126,86,10836,11424.0,3.4,0,1176,2,➡️ STEADY,True,100,🚀 HIGH OVERTAKE CHANCE!,success
1585,1108,482,126,86,10836,11306.4,3.3649999999999998,-1176,0,0,📉 MOVING AWAY,False,100,🚀 HIGH OVERTAKE CHANCE!,success
1586,1107,481,126,86,10836,11306.4,3.3649999999999998,-1176,0,0,📉 MOVING AWAY,False,100,🚀 HIGH OVERTAKE CHANCE!,success
1587,1106,481,126,86,10836,11306.4,3.3649999999999998,-1176,0,0,📉 MOVING AWAY,False,100,🚀 HIGH OVERTAKE CHANCE!,success
1588,1105,480,126,86,10836,11306.4,3.3649999999999998,-1176,0,0,📉 MOVING AWAY,False,100,🚀 HIGH OVERTAKE CHANCE!,success
1589,1107,482,120,82,9840,11206.8,3.3353571428571427,-996,0,0,📉 MOVING AWAY,False,100,🚀 HIGH OVERTAKE CHANCE!,success
1590,1102,479,126,86,10836,11089.2,3.300357142857143,0,0,0,➡️ STEADY,False,100,🚀 HIGH OVERTAKE CHANCE!,success
1591,1103,481,120,82,9840,10872.0,3.2357142857142858,-996,0,0,📉 MOVING AWAY,False,100,🚀 HIGH OVERTAKE CHANCE!,success
1592,1098,479,126,86,10836,10754.4,3.2007142857142856,0,0,0,➡️ STEADY,False,100,🚀 HIGH OVERTAKE CHANCE!,success
1593,1095,479,126,86,10836,10636.8,3.1657142857142855,0,0,0,➡️ STEADY,False,100,🚀 HIGH OVERTAKE CHANCE!,success
1594,1094,479,126,86,10836,10636.8,3.1657142857142855,996,996,0,📈 APPROACHING,True,100,🚀 HIGH OVERTAKE CHANCE!,success
1595,1093,479,126,86,10836,10636.8,3.1657142857142855,0,996,0,➡️ STEADY,True,100,🚀 HIGH OVERTAKE CHANCE!,success
1596,1090,479,126,86,10836,10636.8,3.1657142857142855,996,996,2,📈 APPROACHING,True,100,🚀 HIGH OVERTAKE CHANCE!,success
1597,1085,478,132,91,12012,10754.4,3.2007142857142856,1176,1176,3,📈 APPROACHING,True,100,🚀 HIGH OVERTAKE CHANCE!,success
1598,1086,480,126,86,10836,10754.4,3.2007142857142856,0,1176,3,➡️ STEADY,True,100,🚀 HIGH OVERTAKE CHANCE!,success
1599,1085,480,126,86,10836,10854.0,3.2303571428571427,0,1176,3,➡️ STEADY,True,100,🚀 HIGH OVERTAKE CHANCE!,success
1600,1084,480,126,86,10836,10854.0,3.2303571428571427,0,1176,3,➡️ STEADY,True,100,🚀 HIGH OVERTAKE CHANCE!,success
1601,1081,481,126,86,10836,10953.6,3.2600000000000002,0,1176,3,➡️ STEADY,True,100,🚀 HIGH OVERTAKE CHANCE!,success
1602,1076,480,132,91,12012,11071.2,3.2950000000000004,0,1176,3,➡️ STEADY,True,100,🚀 HIGH OVERTAKE CHANCE!,success
1603,1072,480,132,91,12012,11188.8,3.3299999999999996,1176,1176,9,📈 APPROACHING,True,100,🚀 HIGH OVERTAKE CHANCE!,success
1604,1075,483,126,86,10836,11188.8,3.3299999999999996,0,1176,9,➡️ STEADY,True,100,🚀 HIGH OVERTAKE CHANCE!,success
1605,1073,483,126,86,10836,11188.8,3.3299999999999996,0,1176,9,➡️ STEADY,True,100,🚀 HIGH OVERTAKE CHANCE!,success
1606,1067,482,132,91,12012,11306.4,3.3649999999999998,1176,1176,12,📈 APPROACHING,True,100,🚀 HIGH OVERTAKE CHANCE!,success
1607,1066,482,132,91,12012,11306.4,3.3649999999999998,0,1176,12,➡️ STEADY,True,100,🚀 HIGH OVERTAKE CHANCE!,success
1608,1064,483,132,91,12012,11424.0,3.4,0,1176,12,➡️ STEADY,True,100,🚀 HIGH OVERTAKE CHANCE!,success
1609,1062,483,132,91,12012,11541.6,3.435,1176,1176,15,📈 APPROACHING,True,100,🚀 HIGH OVERTAKE CHANCE!,success
1610,1061,483,132,91,12012,11659.2,3.47,1176,1176,16,📈 APPROACHING,True,100,🚀 HIGH OVERTAKE CHANCE!,success
1611,1055,481,139,95,13205,11896.1,3.5405059523809523,1193,1193,17,📈 APPROACHING,True,100,🚀 HIGH OVERTAKE CHANCE!,success
1612,1054,482,139,95,13205,12015.4,3.576011904761905,1193,1193,18,📈 APPROACHING,True,100,🚀 HIGH OVERTAKE CHANCE!,success
1613,1052,482,139,95,13205,12134.7,3.6115178571428572,1193,1193,19,📈 APPROACHING,True,100,🚀 HIGH OVERTAKE CHANCE!,success
1614,1051,483,139,95,13205,12371.6,3.68202380952381,1193,1193,20,📈 APPROACHING,True,100,🚀 HIGH OVERTAKE CHANCE!,success
1615,1049,483,139,95,13205,12608.5,3.752529761904762,1193,1193,21,📈 APPROACHING,True,100,🚀 HIGH OVERTAKE CHANCE!,success
1616,1042,481,146,100,14600,12867.3,3.8295535714285713,1395,1395,22,📈 APPROACHING,True,100,🚀 HIGH OVERTAKE CHANCE!,success
1617,1042,482,146,100,14600,13126.1,3.906577380952381,1395,1395,23,📈 APPROACHING,True,100,🚀 HIGH OVERTAKE CHANCE!,success
1618,1039,482,146,100,14600,13384.9,3.9836011904761905,1395,1395,24,📈 APPROACHING,True,100,🚀 HIGH OVERTAKE CHANCE!,success
1619,1037,482,146,100,14600,13643.7,4.060625,1395,1395,25,📈 APPROACHING,True,100,🚀 HIGH OVERTAKE CHANCE!,success
1620,1036,483,146,100,14600,13902.5,4.137648809523809,1395,1395,26,📈 APPROACHING,True,100,🚀 HIGH OVERTAKE CHANCE!,success
1621,1033,483,146,100,14600,14042.0,4.179166666666666,0,1395,26,➡️ STEADY,True,100,🚀 HIGH OVERTAKE CHANCE!,success
1622,1031,484,146,100,14600,14181.5,4.220684523809524,0,1395,26,➡️ STEADY,True,100,🚀 HIGH OVERTAKE CHANCE!,success
1623,1027,484,146,100,14600,14321.0,4.262202380952381,0,1395,26,➡️ STEADY,True,100,🚀 HIGH OVERTAKE CHANCE!,success
1624,1028,484,146,100,14600,14460.5,4.303720238095238,0,1395,26,➡️ STEADY,True,100,🚀 HIGH OVERTAKE CHANCE!,success
1625,1025,483,146,100,14600,14600.0,4.345238095238095,0,1395,26,➡️ STEADY,True,100,🚀 HIGH OVERTAKE CHANCE!,success
1626,1024,483,146,100,14600,14600.0,4.345238095238095,0,1395,26,➡️ STEADY,True,100,🚀 HIGH OVERTAKE CHANCE!,success
1627,1022,483,146,100,14600,14600.0,4.345238095238095,0,1395,26,➡️ STEADY,True,100,🚀 HIGH OVERTAKE CHANCE!,success
1628,1017,483,146,100,14600,14600.0,4.345238095238095,0,1395,26,➡️ STEADY,True,100,🚀 HIGH OVERTAKE CHANCE!,success
1629,1018,482,146,100,14600,14600.0,4.345238095238095,0,1395,26,➡️ STEADY,True,100,🚀 HIGH OVERTAKE CHANCE!,success
1630,1015,479,153,105,16065,14746.5,4.388839285714286,1465,1465,36,📈 APPROACHING,True,100,🚀 HIGH OVERTAKE CHANCE!,success
1631,1014,482,146,100,14600,14746.5,4.388839285714286,0,1465,36,➡️ STEADY,True,100,🚀 HIGH OVERTAKE CHANCE!,success
1632,1013,482,146,100,14600,14746.5,4.388839285714286,0,1465,36,➡️ STEADY,True,100,🚀 HIGH OVERTAKE CHANCE!,success
1633,1010,481,146,100,14600,14746.5,4.388839285714286,0,1465,36,➡️ STEADY,True,100,🚀 HIGH OVERTAKE CHANCE!,success
1634,1009,481,146,100,14600,14746.5,4.388839285714286,0,1465,36,➡️ STEADY,True,100,🚀 HIGH OVERTAKE CHANCE!,success
1635,1008,481,146,100,14600,14746.5,4.388839285714286,-1465,0,0,📉 MOVING AWAY,False,100,🚀 HIGH OVERTAKE CHANCE!,success
1636,1004,481,146,100,14600,14746.5,4.388839285714286,0,0,0,➡️ STEADY,False,100,🚀 HIGH OVERTAKE CHANCE!,success
1637,1004,481,146,100,14600,14746.5,4.388839285714286,0,0,0,➡️ STEADY,False,100,🚀 HIGH OVERTAKE CHANCE!,success
1638,1002,480,146,100,14600,14746.5,4.388839285714286,0,0,0,➡️ STEADY,False,100,🚀 HIGH OVERTAKE CHANCE!,success
1639,1001,480,146,100,14600,14746.5,4.388839285714286,0,0,0,➡️ STEADY,False,100,🚀 HIGH OVERTAKE CHANCE!,success
1640,999,480,146,100,14600,14600.0,4.345238095238095,0,0,0,➡️ STEADY,False,100,🚀 HIGH OVERTAKE CHANCE!,success
1641,997,479,146,100,14600,14600.0,4.345238095238095,0,0,0,➡️ STEADY,False,100,🚀 HIGH OVERTAKE CHANCE!,success
1642,995,478,146,100,14600,14600.0,4.345238095238095,0,0,0,➡️ STEADY,False,100,🚀 HIGH OVERTAKE CHANCE!,success
1643,992,478,146,100,14600,14600.0,4.345238095238095,0,0,0,➡️ STEADY,False,100,🚀 HIGH OVERTAKE CHANCE!,success
1644,991,478,146,100,14600,14600.0,4.345238095238095,0,0,0,➡️ STEADY,False,100,🚀 HIGH OVERTAKE CHANCE!,success
1645,990,478,146,100,14600,14600.0,4.345238095238095,0,0,0,➡️ STEADY,False,100,🚀 HIGH OVERTAKE CHANCE!,success
1646,982,476,153,105,16065,14746.5,4.388839285714286,1465,1465,0,📈 APPROACHING,True,100,🚀 HIGH OVERTAKE CHANCE!,success
1647,985,478,146,100,14600,14746.5,4.388839285714286,0,1465,0,➡️ STEADY,True,100,🚀 HIGH OVERTAKE CHANCE!,success
1648,980,479,146,100,14600,14746.5,4.388839285714286,0,1465,0,➡️ STEADY,True,100,🚀 HIGH OVERTAKE CHANCE!,success
1649,982,481,139,95,13205,14607.0,4.347321428571429,-1395,0,0,📉 MOVING AWAY,False,100,🚀 HIGH OVERTAKE CHANCE!,success
1650,979,482,139,95,13205,14467.5,4.305803571428571,-1395,0,0,📉 MOVING AWAY,False,100,🚀 HIGH OVERTAKE CHANCE!,success
1651,975,482,139,95,13205,14328.0,4.264285714285714,-2860,0,0,📉 MOVING AWAY,False,100,🚀 HIGH OVERTAKE CHANCE!,success
1652,973,483,139,95,13205,14188.5,4.222767857142857,-1395,0,0,📉 MOVING AWAY,False,100,🚀 HIGH OVERTAKE CHANCE!,success
1653,967,484,139,95,13205,14049.0,4.18125,-1395,0,0,📉 MOVING AWAY,False,100,🚀 HIGH OVERTAKE CHANCE!,success
1654,966,484,139,95,13205,13909.5,4.1397321428571425,0,0,0,➡️ STEADY,False,100,🚀 HIGH OVERTAKE CHANCE!,success
1655,963,485,139,95,13205,13770.0,4.098214285714286,0,0,0,➡️ STEADY,False,100,🚀 HIGH OVERTAKE CHANCE!,success
1656,960,485,139,95,13205,13484.0,4.0130952380952385,0,0,0,➡️ STEADY,False,100,🚀 HIGH OVERTAKE CHANCE!,success
1657,955,485,139,95,13205,13344.5,3.971577380952381,0,0,0,➡️ STEADY,False,100,🚀 HIGH OVERTAKE CHANCE!,success
1658,953,485,139,95,13205,13205.0,3.9300595238095237,0,0,0,➡️ STEADY,False,100,🚀 HIGH OVERTAKE CHANCE!,success
1659,949,486,139,95,13205,13205.0,3.9300595238095237,0,0,0,➡️ STEADY,False,100,🚀 HIGH OVERTAKE CHANCE!,success
1660,948,485,139,95,13205,13205.0,3.9300595238095237,0,0,0,➡️ STEADY,False,100,🚀 HIGH OVERTAKE CHANCE!,success
1661,942,486,139,95,13205,13205.0,3.9300595238095237,0,0,0,➡️ STEADY,False,100,🚀 HIGH OVERTAKE CHANCE!,success
1662,942,485,139,95,13205,13205.0,3.9300595238095237,0,0,0,➡️ STEADY,False,100,🚀 HIGH OVERTAKE CHANCE!,success
1663,937,485,139,95,13205,13205.0,3.9300595238095237,0,0,0,➡️ STEADY,False,100,🚀 HIGH OVERTAKE CHANCE!,success
1664,937,485,139,95,13205,13205.0,3.9300595238095237,0,0,0,➡️ STEADY,False,100,🚀 HIGH OVERTAKE CHANCE!,success
1665,935,485,139,95,13205,13205.0,3.9300595238095237,0,0,0,➡️ STEADY,False,100,🚀 HIGH OVERTAKE CHANCE!,success
1666,930,485,139,95,13205,13205.0,3.9300595238095237,0,0,0,➡️ STEADY,False,100,🚀 HIGH OVERTAKE CHANCE!,success
1667,929,485,139,95,13205,13205.0,3.9300595238095237,0,0,0,➡️ STEADY,False,100,🚀 HIGH OVERTAKE CHANCE!,success
1668,929,487,132,91,12012,13085.7,3.8945535714285717,-1193,0,0,📉 MOVING AWAY,False,100,🚀 HIGH OVERTAKE CHANCE!,success
1669,928,487,132,91,12012,12966.4,3.859047619047619,-1193,0,0,📉 MOVING AWAY,False,100,🚀 HIGH OVERTAKE CHANCE!,success
1670,925,486,132,91,12012,12847.1,3.823541666666667,-1193,0,0,📉 MOVING AWAY,False,100,🚀 HIGH OVERTAKE CHANCE!,success
1671,924,486,132,91,12012,12727.8,3.788035714285714,-1193,0,0,📉 MOVING AWAY,False,100,🚀 HIGH OVERTAKE CHANCE!,success
1672,922,485,132,91,12012,12608.5,3.752529761904762,-1193,0,0,📉 MOVING AWAY,False,100,🚀 HIGH OVERTAKE CHANCE!,success
1673,921,483,132,91,12012,12489.2,3.71702380952381,0,0,0,➡️ STEADY,False,100,🚀 HIGH OVERTAKE CHANCE!,success
1674,919,483,132,91,12012,12369.9,3.681517857142857,0,0,0,➡️ STEADY,False,100,🚀 HIGH OVERTAKE CHANCE!,success
1675,918,483,132,91,12012,12250.6,3.646011904761905,0,0,0,➡️ STEADY,False,100,🚀 HIGH OVERTAKE CHANCE!,success
1676,919,485,126,86,10836,12013.7,3.5755059523809525,-1176,0,0,📉 MOVING AWAY,False,100,🚀 HIGH OVERTAKE CHANCE!,success
1677,915,486,126,86,10836,11776.8,3.505,-1176,0,0,📉 MOVING AWAY,False,100,🚀 HIGH OVERTAKE CHANCE!,success
1678,909,484,132,91,12012,11776.8,3.505,0,0,0,➡️ STEADY,False,100,🚀 HIGH OVERTAKE CHANCE!,success
1679,908,484,132,91,12012,11776.8,3.505,0,0,0,➡️ STEADY,False,100,🚀 HIGH OVERTAKE CHANCE!,success
1680,910,486,126,86,10836,11659.2,3.47,-1176,0,0,📉 MOVING AWAY,False,100,🚀 HIGH OVERTAKE CHANCE!,success
1681,904,487,126,86,10836,11541.6,3.435,0,0,0,➡️ STEADY,False,100,🚀 HIGH OVERTAKE CHANCE!,success
1682,902,487,126,86,10836,11424.0,3.4,0,0,0,➡️ STEADY,False,100,🚀 HIGH OVERTAKE CHANCE!,success
1683,899,488,126,86,10836,11306.4,3.3649999999999998,-1176,0,0,📉 MOVING AWAY,False,100,🚀 HIGH OVERTAKE CHANCE!,success
1684,897,488,126,86,10836,11188.8,3.3299999999999996,-1176,0,0,📉 MOVING AWAY,False,100,🚀 HIGH OVERTAKE CHANCE!,success
1685,896,488,126,86,10836,11071.2,3.2950000000000004,0,0,0,➡️ STEADY,False,100,🚀 HIGH OVERTAKE CHANCE!,success
1686,892,488,126,86,10836,11071.2,3.2950000000000004,0,0,0,➡️ STEADY,False,100,🚀 HIGH OVERTAKE CHANCE!,success
1687,890,488,126,86,10836,11071.2,3.2950000000000004,0,0,0,➡️ STEADY,False,100,🚀 HIGH OVERTAKE CHANCE!,success
1688,882,484,132,91,12012,11071.2,3.2950000000000004,1176,1176,0,📈 APPROACHING,True,100,🚀 HIGH OVERTAKE CHANCE!,success
1689,881,483,132,91,12012,11071.2,3.2950000000000004,1176,1176,1,📈 APPROACHING,True,100,🚀 HIGH OVERTAKE CHANCE!,success
1690,878,482,132,91,12012,11188.8,3.3299999999999996,1176,1176,2,📈 APPROACHING,True,100,🚀 HIGH OVERTAKE CHANCE!,success
1691,873,480,132,91,12012,11306.4,3.3649999999999998,1176,1176,3,📈 APPROACHING,True,100,🚀 HIGH OVERTAKE CHANCE!,success
1692,869,478,132,91,12012,11424.0,3.4,1176,1176,4,📈 APPROACHING,True,100,🚀 HIGH OVERTAKE CHANCE!,success
1693,865,476,132,91,12012,11541.6,3.435,0,1176,4,➡️ STEADY,True,100,🚀 HIGH OVERTAKE CHANCE!,success
1694,861,475,132,91,12012,11659.2,3.47,0,1176,4,➡️ STEADY,True,100,🚀 HIGH OVERTAKE CHANCE!,success
1695,859,473,132,91,12012,11776.8,3.505,0,1176,4,➡️ STEADY,True,100,🚀 HIGH OVERTAKE CHANCE!,success
1696,852,469,132,91,12012,11894.4,3.54,0,1176,4,➡️ STEADY,True,100,🚀 HIGH OVERTAKE CHANCE!,success
1697,850,469,132,91,12012,12012.0,3.575,0,1176,4,➡️ STEADY,True,100,🚀 HIGH OVERTAKE CHANCE!,success
1698,843,464,132,91,12012,12012.0,3.575,0,1176,4,➡️ STEADY,True,100,🚀 HIGH OVERTAKE CHANCE!,success
1699,839,463,132,91,12012,12012.0,3.575,0,1176,4,➡️ STEADY,True,100,🚀 HIGH OVERTAKE CHANCE!,success
1700,837,462,132,91,12012,12012.0,3.575,0,1176,4,➡️ STEADY,True,100,🚀 HIGH OVERTAKE CHANCE!,success
1701,830,459,132,91,12012,12012.0,3.575,0,1176,4,➡️ STEADY,True,100,🚀 HIGH OVERTAKE CHANCE!,success
1702,828,459,132,91,12012,12012.0,3.575,0,1176,4,➡️ STEADY,True,100,🚀 HIGH OVERTAKE CHANCE!,success
1703,821,457,132,91,12012,12012.0,3.575,0,1176,4,➡️ STEADY,True,100,🚀 HIGH OVERTAKE CHANCE!,success
1704,817,455,132,91,12012,12012.0,3.575,0,1176,4,➡️ STEADY,True,100,🚀 HIGH OVERTAKE CHANCE!,success
1705,815,454,132,91,12012,12012.0,3.575,0,1176,4,➡️ STEADY,True,100,🚀 HIGH OVERTAKE CHANCE!,success
1706,809,453,132,91,12012,12012.0,3.575,0,1176,4,➡️ STEADY,True,100,🚀 HIGH OVERTAKE CHANCE!,success
1707,809,455,126,86,10836,11894.4,3.54,-1176,0,0,📉 MOVING AWAY,False,100,🚀 HIGH OVERTAKE CHANCE!,success
1708,801,455,126,86,10836,11776.8,3.505,-1176,0,0,📉 MOVING AWAY,False,100,🚀 HIGH OVERTAKE CHANCE!,success
1709,794,452,132,91,12012,11776.8,3.505,0,0,0,➡️ STEADY,False,100,🚀 HIGH OVERTAKE CHANCE!,success
1710,793,452,132,91,12012,11776.8,3.505,0,0,0,➡️ STEADY,False,100,🚀 HIGH OVERTAKE CHANCE!,success
1711,784,453,132,91,12012,11776.8,3.505,0,0,0,➡️ STEADY,False,100,🚀 HIGH OVERTAKE CHANCE!,success
1712,783,454,132,91,12012,11776.8,3.505,1176,1176,0,📈 APPROACHING,True,100,🚀 HIGH OVERTAKE CHANCE!,success
1713,773,455,132,91,12012,11776.8,3.505,1176,1176,1,📈 APPROACHING,True,100,🚀 HIGH OVERTAKE CHANCE!,success
1714,771,457,132,91,12012,11776.8,3.505,0,1176,1,➡️ STEADY,True,100,🚀 HIGH OVERTAKE CHANCE!,success
1715,768,457,132,91,12012,11776.8,3.505,0,1176,1,➡️ STEADY,True,100,🚀 HIGH OVERTAKE CHANCE!,success
1716,759,461,132,91,12012,11776.8,3.505,0,1176,1,➡️ STEADY,True,100,🚀 HIGH OVERTAKE CHANCE!,success
1717,758,461,132,91,12012,11894.4,3.54,0,1176,1,➡️ STEADY,True,100,🚀 HIGH OVERTAKE CHANCE!,success
1718,750,463,132,91,12012,12012.0,3.575,0,1176,1,➡️ STEADY,True,100,🚀 HIGH OVERTAKE CHANCE!,success
1719,749,465,132,91,12012,12012.0,3.575,0,1176,1,➡️ STEADY,True,100,🚀 HIGH OVERTAKE CHANCE!,success
1720,744,467,132,91,12012,12012.0,3.575,0,1176,1,➡️ STEADY,True,100,🚀 HIGH OVERTAKE CHANCE!,success
1721,736,470,132,91,12012,12012.0,3.575,0,1176,1,➡️ STEADY,True,100,🚀 HIGH OVERTAKE CHANCE!,success
1722,735,470,132,91,12012,12012.0,3.575,0,1176,1,➡️ STEADY,True,100,🚀 HIGH OVERTAKE CHANCE!,success
1723,728,473,132,91,12012,12012.0,3.575,0,1176,1,➡️ STEADY,True,100,🚀 HIGH OVERTAKE CHANCE!,success
1724,725,475,132,91,12012,12012.0,3.575,0,1176,1,➡️ STEADY,True,100,🚀 HIGH OVERTAKE CHANCE!,success
1725,724,475,132,91,12012,12012.0,3.575,0,1176,1,➡️ STEADY,True,100,🚀 HIGH OVERTAKE CHANCE!,success
1726,717,476,132,91,12012,12012.0,3.575,0,1176,1,➡️ STEADY,True,100,🚀 HIGH OVERTAKE CHANCE!,success
1727,714,477,132,91,12012,12012.0,3.575,0,1176,1,➡️ STEADY,True,100,🚀 HIGH OVERTAKE CHANCE!,success
1728,707,478,132,91,12012,12012.0,3.575,0,1176,1,➡️ STEADY,True,100,🚀 HIGH OVERTAKE CHANCE!,success
1729,707,478,132,91,12012,12012.0,3.575,0,1176,1,➡️ STEADY,True,100,🚀 HIGH OVERTAKE CHANCE!,success
1730,705,478,132,91,12012,12012.0,3.575,0,1176,1,➡️ STEADY,True,100,🚀 HIGH OVERTAKE CHANCE!,success
1731,703,479,126,86,10836,11894.4,3.54,-1176,0,0,📉 MOVING AWAY,False,100,🚀 HIGH OVERTAKE CHANCE!,success
1732,701,479,126,86,10836,11776.8,3.505,-1176,0,0,📉 MOVING AWAY,False,100,🚀 HIGH OVERTAKE CHANCE!,success
1733,697,478,126,86,10836,11659.2,3.47,-1176,0,0,📉 MOVING AWAY,False,100,🚀 HIGH OVERTAKE CHANCE!,success
1734,695,477,126,86,10836,11541.6,3.435,-1176,0,0,📉 MOVING AWAY,False,100,🚀 HIGH OVERTAKE CHANCE!,success
1735,694,476,126,86,10836,11424.0,3.4,-1176,0,0,📉 MOVING AWAY,False,100,🚀 HIGH OVERTAKE CHANCE!,success
1736,691,475,126,86,10836,11306.4,3.3649999999999998,0,0,0,➡️ STEADY,False,100,🚀 HIGH OVERTAKE CHANCE!,success
1737,690,474,126,86,10836,11188.8,3.3299999999999996,0,0,0,➡️ STEADY,False,100,🚀 HIGH OVERTAKE CHANCE!,success
1738,689,473,126,86,10836,11071.2,3.2950000000000004,0,0,0,➡️ STEADY,False,100,🚀 HIGH OVERTAKE CHANCE!,success
1739,687,471,126,86,10836,10953.6,3.2600000000000002,0,0,0,➡️ STEADY,False,100,🚀 HIGH OVERTAKE CHANCE!,success
1740,686,470,126,86,10836,10836.0,3.225,0,0,0,➡️ STEADY,False,100,🚀 HIGH OVERTAKE CHANCE!,success
1741,682,465,132,91,12012,10953.6,3.2600000000000002,1176,1176,0,📈 APPROACHING,True,100,🚀 HIGH OVERTAKE CHANCE!,success
1742,683,465,132,91,12012,11071.2,3.2950000000000004,1176,1176,1,📈 APPROACHING,True,100,🚀 HIGH OVERTAKE CHANCE!,success
1743,683,464,132,91,12012,11188.8,3.3299999999999996,1176,1176,2,📈 APPROACHING,True,100,🚀 HIGH OVERTAKE CHANCE!,success
1744,682,463,132,91,12012,11306.4,3.3649999999999998,1176,1176,3,📈 APPROACHING,True,100,🚀 HIGH OVERTAKE CHANCE!,success
1745,681,463,132,91,12012,11424.0,3.4,1176,1176,4,📈 APPROACHING,True,100,🚀 HIGH OVERTAKE CHANCE!,success
1746,680,463,132,91,12012,11541.6,3.435,0,1176,4,➡️ STEADY,True,100,🚀 HIGH OVERTAKE CHANCE!,success
1747,680,463,132,91,12012,11659.2,3.47,0,1176,4,➡️ STEADY,True,100,🚀 HIGH OVERTAKE CHANCE!,success
1748,676,463,132,91,12012,11776.8,3.505,0,1176,4,➡️ STEADY,True,100,🚀 HIGH OVERTAKE CHANCE!,success
1749,676,463,132,91,12012,11894.4,3.54,0,1176,4,➡️ STEADY,True,100,🚀 HIGH OVERTAKE CHANCE!,success
1750,672,461,139,95,13205,12131.3,3.610505952380952,1193,1193,9,📈 APPROACHING,True,100,🚀 HIGH OVERTAKE CHANCE!,success
1751,671,463,139,95,13205,12250.6,3.646011904761905,1193,1193,10,📈 APPROACHING,True,100,🚀 HIGH OVERTAKE CHANCE!,success
1752,671,464,139,95,13205,12369.9,3.681517857142857,1193,1193,11,📈 APPROACHING,True,100,🚀 HIGH OVERTAKE CHANCE!,success
1753,671,465,139,95,13205,12489.2,3.71702380952381,1193,1193,12,📈 APPROACHING,True,100,🚀 HIGH OVERTAKE CHANCE!,success
1754,671,466,139,95,13205,12608.5,3.752529761904762,1193,1193,13,📈 APPROACHING,True,100,🚀 HIGH OVERTAKE CHANCE!,success
1755,671,467,139,95,13205,12727.8,3.788035714285714,0,1193,13,➡️ STEADY,True,100,🚀 HIGH OVERTAKE CHANCE!,success
1756,672,469,139,95,13205,12847.1,3.823541666666667,0,1193,13,➡️ STEADY,True,100,🚀 HIGH OVERTAKE CHANCE!,success
1757,672,470,139,95,13205,12966.4,3.859047619047619,0,1193,13,➡️ STEADY,True,100,🚀 HIGH OVERTAKE CHANCE!,success
1758,673,471,139,95,13205,13085.7,3.8945535714285717,0,1193,13,➡️ STEADY,True,100,🚀 HIGH OVERTAKE CHANCE!,success
1759,675,472,139,95,13205,13205.0,3.9300595238095237,0,1193,13,➡️ STEADY,True,100,🚀 HIGH OVERTAKE CHANCE!,success
1760,676,473,139,95,13205,13205.0,3.9300595238095237,0,1193,13,➡️ STEADY,True,100,🚀 HIGH OVERTAKE CHANCE!,success
1761,677,473,139,95,13205,13205.0,3.9300595238095237,0,1193,13,➡️ STEADY,True,100,🚀 HIGH OVERTAKE CHANCE!,success
1762,678,474,139,95,13205,13205.0,3.9300595238095237,0,1193,13,➡️ STEADY,True,100,🚀 HIGH OVERTAKE CHANCE!,success
1763,680,475,139,95,13205,13205.0,3.9300595238095237,0,1193,13,➡️ STEADY,True,100,🚀 HIGH OVERTAKE CHANCE!,success
1764,681,476,139,95,13205,13205.0,3.9300595238095237,0,1193,13,➡️ STEADY,True,100,🚀 HIGH OVERTAKE CHANCE!,success
1765,682,476,139,95,13205,13205.0,3.9300595238095237,0,1193,13,➡️ STEADY,True,100,🚀 HIGH OVERTAKE CHANCE!,success
1766,685,477,139,95,13205,13205.0,3.9300595238095237,0,1193,13,➡️ STEADY,True,100,🚀 HIGH OVERTAKE CHANCE!,success
1767,687,478,139,95,13205,13205.0,3.9300595238095237,0,1193,13,➡️ STEADY,True,100,🚀 HIGH OVERTAKE CHANCE!,success
1768,688,479,139,95,13205,13205.0,3.9300595238095237,0,1193,13,➡️ STEADY,True,100,🚀 HIGH OVERTAKE CHANCE!,success
1769,690,480,139,95,13205,13205.0,3.9300595238095237,0,1193,13,➡️ STEADY,True,100,🚀 HIGH OVERTAKE CHANCE!,success
1770,691,480,139,95,13205,13205.0,3.9300595238095237,0,1193,13,➡️ STEADY,True,100,🚀 HIGH OVERTAKE CHANCE!,success
1771,692,481,139,95,13205,13205.0,3.9300595238095237,0,1193,13,➡️ STEADY,True,100,🚀 HIGH OVERTAKE CHANCE!,success
1772,694,481,139,95,13205,13205.0,3.9300595238095237,0,1193,13,➡️ STEADY,True,100,🚀 HIGH OVERTAKE CHANCE!,success
1773,696,482,139,95,13205,13205.0,3.9300595238095237,0,1193,13,➡️ STEADY,True,100,🚀 HIGH OVERTAKE CHANCE!,success
1774,698,483,139,95,13205,13205.0,3.9300595238095237,0,1193,13,➡️ STEADY,True,100,🚀 HIGH OVERTAKE CHANCE!,success
1775,700,482,139,95,13205,13205.0,3.9300595238095237,0,1193,13,➡️ STEADY,True,100,🚀 HIGH OVERTAKE CHANCE!,success
1776,703,483,139,95,13205,13205.0,3.9300595238095237,0,1193,13,➡️ STEADY,True,100,🚀 HIGH OVERTAKE CHANCE!,success
1777,704,483,139,95,13205,13205.0,3.9300595238095237,0,1193,13,➡️ STEADY,True,100,🚀 HIGH OVERTAKE CHANCE!,success
1778,712,486,132,91,12012,13085.7,3.8945535714285717,-1193,0,0,📉 MOVING AWAY,False,100,🚀 HIGH OVERTAKE CHANCE!,success
1779,711,485,132,91,12012,12966.4,3.859047619047619,-1193,0,0,📉 MOVING AWAY,False,100,🚀 HIGH OVERTAKE CHANCE!,success
1780,712,485,132,91,12012,12847.1,3.823541666666667,-1193,0,0,📉 MOVING AWAY,False,100,🚀 HIGH OVERTAKE CHANCE!,success
1781,716,486,132,91,12012,12727.8,3.788035714285714,-1193,0,0,📉 MOVING AWAY,False,100,🚀 HIGH OVERTAKE CHANCE!,success
1782,717,486,132,91,12012,12608.5,3.752529761904762,-1193,0,0,📉 MOVING AWAY,False,100,🚀 HIGH OVERTAKE CHANCE!,success
1783,721,487,132,91,12012,12489.2,3.71702380952381,0,0,0,➡️ STEADY,False,100,🚀 HIGH OVERTAKE CHANCE!,success
1784,723,486,132,91,12012,12369.9,3.681517857142857,0,0,0,➡️ STEADY,False,100,🚀 HIGH OVERTAKE CHANCE!,success
1785,724,486,132,91,12012,12250.6,3.646011904761905,0,0,0,➡️ STEADY,False,100,🚀 HIGH OVERTAKE CHANCE!,success
1786,731,486,132,91,12012,12131.3,3.610505952380952,0,0,0,➡️ STEADY,False,100,🚀 HIGH OVERTAKE CHANCE!,success
1787,734,485,132,91,12012,12012.0,3.575,0,0,0,➡️ STEADY,False,100,🚀 HIGH OVERTAKE CHANCE!,success
1788,740,484,132,91,12012,12012.0,3.575,0,0,0,➡️ STEADY,False,100,🚀 HIGH OVERTAKE CHANCE!,success
1789,740,483,132,91,12012,12012.0,3.575,0,0,0,➡️ STEADY,False,100,🚀 HIGH OVERTAKE CHANCE!,success
1790,749,485,126,86,10836,11894.4,3.54,-1176,0,0,📉 MOVING AWAY,False,100,🚀 HIGH OVERTAKE CHANCE!,success
1791,755,486,126,86,10836,11776.8,3.505,-1176,0,0,📉 MOVING AWAY,False,100,🚀 HIGH OVERTAKE CHANCE!,success
1792,755,485,126,86,10836,11659.2,3.47,-1176,0,0,📉 MOVING AWAY,False,100,🚀 HIGH OVERTAKE CHANCE!,success
1793,762,487,126,86,10836,11541.6,3.435,-1176,0,0,📉 MOVING AWAY,False,100,🚀 HIGH OVERTAKE CHANCE!,success
1794,767,489,126,86,10836,11424.0,3.4,-1176,0,0,📉 MOVING AWAY,False,100,🚀 HIGH OVERTAKE CHANCE!,success
1795,768,488,126,86,10836,11306.4,3.3649999999999998,0,0,0,➡️ STEADY,False,100,🚀 HIGH OVERTAKE CHANCE!,success
1796,778,496,120,82,9840,11089.2,3.300357142857143,-996,0,0,📉 MOVING AWAY,False,100,🚀 HIGH OVERTAKE CHANCE!,success
1797,780,495,120,82,9840,10872.0,3.2357142857142858,-996,0,0,📉 MOVING AWAY,False,100,🚀 HIGH OVERTAKE CHANCE!,success
1798,786,497,120,82,9840,10654.8,3.1710714285714285,-996,0,0,📉 MOVING AWAY,False,100,🚀 HIGH OVERTAKE CHANCE!,success
1799,791,498,120,82,9840,10437.6,3.1064285714285713,-996,0,0,📉 MOVING AWAY,False,100,🚀 HIGH OVERTAKE CHANCE!,success
1800,791,498,120,82,9840,10338.0,3.0767857142857142,-996,0,0,📉 MOVING AWAY,False,100,🚀 HIGH OVERTAKE CHANCE!,success
1801,801,502,114,78,8892,10143.6,3.0189285714285714,-948,0,0,📉 MOVING AWAY,False,100,🚀 HIGH OVERTAKE CHANCE!,success
1802,802,501,114,78,8892,9949.2,2.9610714285714286,-948,0,0,📉 MOVING AWAY,False,100,🚀 HIGH OVERTAKE CHANCE!,success
1803,807,502,114,78,8892,9754.8,2.9032142857142853,-948,0,0,📉 MOVING AWAY,False,99,🚀 HIGH OVERTAKE CHANCE!,success
1804,809,502,114,78,8892,9560.4,2.845357142857143,-948,0,0,📉 MOVING AWAY,False,96,🚀 HIGH OVERTAKE CHANCE!,success
1805,812,503,114,78,8892,9366.0,2.7875,-948,0,0,📉 MOVING AWAY,False,92,🚀 HIGH OVERTAKE CHANCE!,success
1806,818,503,114,78,8892,9271.2,2.7592857142857143,0,0,0,➡️ STEADY,False,91,🚀 HIGH OVERTAKE CHANCE!,success
1807,820,503,114,78,8892,9176.4,2.7310714285714286,0,0,0,➡️ STEADY,False,89,🚀 HIGH OVERTAKE CHANCE!,success
1808,824,503,114,78,8892,9081.6,2.702857142857143,0,0,0,➡️ STEADY,False,88,🚀 HIGH OVERTAKE CHANCE!,success
1809,828,502,114,78,8892,8986.8,2.674642857142857,0,0,0,➡️ STEADY,False,86,🚀 HIGH OVERTAKE CHANCE!,success
1810,828,502,114,78,8892,8892.0,2.6464285714285714,0,0,0,➡️ STEADY,False,84,🚀 HIGH OVERTAKE CHANCE!,success
1811,835,501,114,78,8892,8892.0,2.6464285714285714,0,0,0,➡️ STEADY,False,84,🚀 HIGH OVERTAKE CHANCE!,success
1812,839,501,114,78,8892,8892.0,2.6464285714285714,0,0,0,➡️ STEADY,False,84,🚀 HIGH OVERTAKE CHANCE!,success
1813,844,501,114,78,8892,8892.0,2.6464285714285714,0,0,0,➡️ STEADY,False,84,🚀 HIGH OVERTAKE CHANCE!,success
1814,848,500,114,78,8892,8892.0,2.6464285714285714,0,0,0,➡️ STEADY,False,84,🚀 HIGH OVERTAKE CHANCE!,success
1815,851,502,109,74,8066,8809.4,2.621845238095238,-826,0,0,📉 MOVING AWAY,False,83,🚀 HIGH OVERTAKE CHANCE!,success
1816,856,501,109,74,8066,8726.8,2.5972619047619045,-826,0,0,📉 MOVING AWAY,False,82,🚀 HIGH OVERTAKE CHANCE!,success
1817,859,501,109,74,8066,8644.2,2.572678571428572,-826,0,0,📉 MOVING AWAY,False,80,🚀 HIGH OVERTAKE CHANCE!,success
1818,863,501,109,74,8066,8561.6,2.548095238095238,-826,0,0,📉 MOVING AWAY,False,79,🚀 HIGH OVERTAKE CHANCE!,success
1819,866,501,109,74,8066,8479.0,2.5235119047619046,-826,0,0,📉 MOVING AWAY,False,77,🚀 HIGH OVERTAKE CHANCE!,success
1820,868,501,109,74,8066,8396.4,2.4989285714285714,0,0,0,➡️ STEADY,False,76,🚀 HIGH OVERTAKE CHANCE!,success
1821,872,500,109,74,8066,8313.8,2.4743452380952378,0,0,0,➡️ STEADY,False,75,🚀 HIGH OVERTAKE CHANCE!,success
1822,872,500,109,74,8066,8231.2,2.449761904761905,0,0,0,➡️ STEADY,False,73,🚀 HIGH OVERTAKE CHANCE!,success
1823,879,501,103,71,7313,8073.3,2.402767857142857,-753,0,0,📉 MOVING AWAY,False,71,🚀 HIGH OVERTAKE CHANCE!,success
1824,880,502,103,71,7313,7915.4,2.3557738095238094,-753,0,0,📉 MOVING AWAY,False,68,⚡ MEDIUM OVERTAKE CHANCE,success
1825,881,500,103,71,7313,7840.1,2.3333630952380955,-753,0,0,📉 MOVING AWAY,False,67,⚡ MEDIUM OVERTAKE CHANCE,success
1826,882,499,109,74,8066,7840.1,2.3333630952380955,0,0,0,➡️ STEADY,False,67,⚡ MEDIUM OVERTAKE CHANCE,success
1827,882,498,109,74,8066,7840.1,2.3333630952380955,0,0,0,➡️ STEADY,False,67,⚡ MEDIUM OVERTAKE CHANCE,success
1828,886,500,103,71,7313,7764.8,2.310952380952381,0,0,0,➡️ STEADY,False,65,⚡ MEDIUM OVERTAKE CHANCE,success
1829,886,501,103,71,7313,7689.5,2.2885416666666667,0,0,0,➡️ STEADY,False,64,⚡ MEDIUM OVERTAKE CHANCE,success
1830,886,500,103,71,7313,7614.2,2.2661309523809523,0,0,0,➡️ STEADY,False,63,⚡ MEDIUM OVERTAKE CHANCE,success
1831,887,501,103,71,7313,7538.9,2.243720238095238,-753,0,0,📉 MOVING AWAY,False,62,⚡ MEDIUM OVERTAKE CHANCE,success
1832,887,501,103,71,7313,7463.6,2.221309523809524,-753,0,0,📉 MOVING AWAY,False,60,⚡ MEDIUM OVERTAKE CHANCE,success
1833,886,501,103,71,7313,7463.6,2.221309523809524,0,0,0,➡️ STEADY,False,60,⚡ MEDIUM OVERTAKE CHANCE,success
1834,887,501,103,71,7313,7463.6,2.221309523809524,0,0,0,➡️ STEADY,False,60,⚡ MEDIUM OVERTAKE CHANCE,success
1835,886,501,103,71,7313,7463.6,2.221309523809524,0,0,0,➡️ STEADY,False,60,⚡ MEDIUM OVERTAKE CHANCE,success
1836,886,501,103,71,7313,7388.3,2.1988988095238096,0,0,0,➡️ STEADY,False,59,⚡ MEDIUM OVERTAKE CHANCE,success
1837,887,502,98,68,6664,7248.1,2.157172619047619,-649,0,0,📉 MOVING AWAY,False,57,⚡ MEDIUM OVERTAKE CHANCE,success
1838,889,504,94,64,6016,7118.4,2.1185714285714283,-1297,0,0,📉 MOVING AWAY,False,55,⚡ MEDIUM OVERTAKE CHANCE,success
1839,889,503,94,64,6016,6988.7,2.079970238095238,-1297,0,0,📉 MOVING AWAY,False,52,⚡ MEDIUM OVERTAKE CHANCE,success
1840,888,503,94,64,6016,6859.0,2.041369047619048,-1297,0,0,📉 MOVING AWAY,False,50,⚡ MEDIUM OVERTAKE CHANCE,success
1841,887,503,94,64,6016,6729.3,2.002767857142857,-1297,0,0,📉 MOVING AWAY,False,48,⚡ MEDIUM OVERTAKE CHANCE,success
1842,886,502,94,64,6016,6599.6,1.9641666666666668,-648,0,0,📉 MOVING AWAY,False,46,⚡ MEDIUM OVERTAKE CHANCE,success
1843,886,502,94,64,6016,6469.9,1.9255654761904761,0,0,0,➡️ STEADY,False,44,📉 LOW OVERTAKE CHANCE,success
1844,886,502,94,64,6016,6340.2,1.8869642857142856,0,0,0,➡️ STEADY,False,41,📉 LOW OVERTAKE CHANCE,success
1845,886,501,94,64,6016,6210.5,1.8483630952380952,0,0,0,➡️ STEADY,False,39,📉 LOW OVERTAKE CHANCE,success
1846,885,501,94,64,6016,6080.8,1.809761904761905,0,0,0,➡️ STEADY,False,37,📉 LOW OVERTAKE CHANCE,success
1847,887,502,89,61,5429,5957.3,1.7730059523809525,-587,0,0,📉 MOVING AWAY,False,35,📉 LOW OVERTAKE CHANCE,success
1848,886,502,89,61,5429,5898.6,1.7555357142857144,-587,0,0,📉 MOVING AWAY,False,34,📉 LOW OVERTAKE CHANCE,success
1849,887,502,89,61,5429,5839.9,1.7380654761904761,-587,0,0,📉 MOVING AWAY,False,33,📉 LOW OVERTAKE CHANCE,success
1850,885,502,89,61,5429,5781.2,1.720595238095238,-587,0,0,📉 MOVING AWAY,False,32,📉 LOW OVERTAKE CHANCE,success
1851,884,502,89,61,5429,5722.5,1.703125,-587,0,0,📉 MOVING AWAY,False,31,📉 LOW OVERTAKE CHANCE,success
1852,885,502,89,61,5429,5663.8,1.685654761904762,0,0,0,➡️ STEADY,False,30,📉 LOW OVERTAKE CHANCE,success
1853,883,502,89,61,5429,5605.1,1.6681845238095239,0,0,0,➡️ STEADY,False,29,📉 LOW OVERTAKE CHANCE,success
1854,883,502,89,61,5429,5546.4,1.6507142857142856,0,0,0,➡️ STEADY,False,28,📉 LOW OVERTAKE CHANCE,success
1855,883,502,89,61,5429,5487.7,1.6332440476190475,0,0,0,➡️ STEADY,False,27,📉 LOW OVERTAKE CHANCE,success
1856,881,502,89,61,5429,5429.0,1.6157738095238094,0,0,0,➡️ STEADY,False,26,📉 LOW OVERTAKE CHANCE,success
1857,881,502,89,61,5429,5429.0,1.6157738095238094,0,0,0,➡️ STEADY,False,26,📉 LOW OVERTAKE CHANCE,success
1858,879,502,89,61,5429,5429.0,1.6157738095238094,0,0,0,➡️ STEADY,False,26,📉 LOW OVERTAKE CHANCE,success
1859,882,503,85,58,4930,5379.1,1.6009226190476191,-499,0,0,📉 MOVING AWAY,False,25,📉 LOW OVERTAKE CHANCE,success
1860,880,503,85,58,4930,5329.2,1.5860714285714286,-499,0,0,📉 MOVING AWAY,False,24,👀 WATCHING FOR OVERTAKE,success
1861,879,502,85,58,4930,5279.3,1.5712202380952383,-499,0,0,📉 MOVING AWAY,False,24,👀 WATCHING FOR OVERTAKE,success
1862,878,502,85,58,4930,5229.4,1.5563690476190475,-499,0,0,📉 MOVING AWAY,False,23,👀 WATCHING FOR OVERTAKE,success
1863,878,501,85,58,4930,5179.5,1.5415178571428572,-499,0,0,📉 MOVING AWAY,False,22,👀 WATCHING FOR OVERTAKE,success
1864,877,501,85,58,4930,5129.6,1.5266666666666668,0,0,0,➡️ STEADY,False,21,👀 WATCHING FOR OVERTAKE,success
1865,878,501,85,58,4930,5079.7,1.511815476190476,0,0,0,➡️ STEADY,False,20,👀 WATCHING FOR OVERTAKE,success
1866,877,501,85,58,4930,5029.8,1.4969642857142857,0,0,0,➡️ STEADY,False,24,👀 WATCHING FOR OVERTAKE,success
1867,876,500,85,58,4930,4979.9,1.4821130952380952,0,0,0,➡️ STEADY,False,24,👀 WATCHING FOR OVERTAKE,success
1868,877,500,85,58,4930,4930.0,1.4672619047619047,0,0,0,➡️ STEADY,False,23,👀 WATCHING FOR OVERTAKE,success
1869,876,499,85,58,4930,4930.0,1.4672619047619047,0,0,0,➡️ STEADY,False,23,👀 WATCHING FOR OVERTAKE,success
