frame,box_area,area_ratio,block_diff,status,is_approaching,overtake_chance,overtake_status,duration_penalty,size_score,speed_score
1,4125,1.0,0.0,⏳ COLLECTING DATA...,False,0,🔒 NO OVERTAKE OPPORTUNITY,0.0,0.0,0.0
2,4125,1.0,0.0,⏳ COLLECTING DATA...,False,0,🔒 NO OVERTAKE OPPORTUNITY,0.0,0.0,0.0
3,4125,1.0,0.0,⏳ COLLECTING DATA...,False,0,🔒 NO OVERTAKE OPPORTUNITY,0.0,0.0,0.0
4,4125,1.0,0.0,⏳ COLLECTING DATA...,False,0,🔒 NO OVERTAKE OPPORTUNITY,0.0,0.0,0.0
5,4125,1.0,0.0,⏳ COLLECTING DATA...,False,0,🔒 NO OVERTAKE OPPORTUNITY,0.0,0.0,0.0
6,4125,1.0,0.0,⏳ COLLECTING DATA...,False,0,🔒 NO OVERTAKE OPPORTUNITY,0.0,0.0,0.0
7,4125,1.0,0.0,⏳ COLLECTING DATA...,False,0,🔒 NO OVERTAKE OPPORTUNITY,0.0,0.0,0.0
8,4582,1.1107878787878789,0.0,⏳ COLLECTING DATA...,False,0,🔒 NO OVERTAKE OPPORTUNITY,0.0,0.0,0.0
9,5063,1.2273939393939395,0.0,⏳ COLLECTING DATA...,False,11,👀 WATCHING FOR OVERTAKE,0.0,1.3696969696969765,0.0
10,4125,1.0676363636363637,279.0,📈 APPROACHING,True,1,🔒 NO OVERTAKE OPPORTUNITY,0.0,0.0,0.0
11,3692,0.8950303030303031,279.0,📈 APPROACHING,True,1,🔒 NO OVERTAKE OPPORTUNITY,0.0,0.0,0.0
12,3692,0.8950303030303031,279.0,📈 APPROACHING,True,1,🔒 NO OVERTAKE OPPORTUNITY,0.0,0.0,0.0
13,4125,1.0,279.0,📈 APPROACHING,True,1,🔒 NO OVERTAKE OPPORTUNITY,0.0,0.0,0.0
14,4125,1.0,279.0,📈 APPROACHING,True,1,🔒 NO OVERTAKE OPPORTUNITY,0.0,0.0,0.0
15,4125,0.9580121212121212,-452.1999999999998,📉 MOVING AWAY,False,1,🔒 NO OVERTAKE OPPORTUNITY,0.0,0.0,0.0
16,4125,1.0,-452.1999999999998,📉 MOVING AWAY,False,1,🔒 NO OVERTAKE OPPORTUNITY,0.0,0.0,0.0
17,4125,1.0,-452.1999999999998,📉 MOVING AWAY,False,1,🔒 NO OVERTAKE OPPORTUNITY,0.0,0.0,0.0
18,4125,1.0,-452.1999999999998,📉 MOVING AWAY,False,1,🔒 NO OVERTAKE OPPORTUNITY,0.0,0.0,0.0
19,4125,1.0,-452.1999999999998,📉 MOVING AWAY,False,0,🔒 NO OVERTAKE OPPORTUNITY,0.0,0.0,0.0
20,4125,1.0,173.19999999999982,📈 APPROACHING,True,0,🔒 NO OVERTAKE OPPORTUNITY,0.0,0.0,0.0
21,4125,1.0,173.19999999999982,📈 APPROACHING,True,0,🔒 NO OVERTAKE OPPORTUNITY,0.0,0.0,0.0
22,4125,1.0,173.19999999999982,📈 APPROACHING,True,0,🔒 NO OVERTAKE OPPORTUNITY,0.0,0.0,0.0
23,4582,1.1107878787878789,173.19999999999982,📈 APPROACHING,True,0,🔒 NO OVERTAKE OPPORTUNITY,0.0,0.0,0.0
24,4125,1.0,173.19999999999982,📈 APPROACHING,True,0,🔒 NO OVERTAKE OPPORTUNITY,0.0,0.0,0.0
25,4125,1.0221575757575756,91.39999999999964,📈 APPROACHING,True,0,🔒 NO OVERTAKE OPPORTUNITY,0.0,0.0,0.0
26,3692,0.8950303030303031,91.39999999999964,📈 APPROACHING,True,0,🔒 NO OVERTAKE OPPORTUNITY,0.0,0.0,0.0
27,4125,1.0,91.39999999999964,📈 APPROACHING,True,0,🔒 NO OVERTAKE OPPORTUNITY,0.0,0.0,0.0
28,4125,1.0,91.39999999999964,📈 APPROACHING,True,0,🔒 NO OVERTAKE OPPORTUNITY,0.0,0.0,0.0
29,4125,1.0,91.39999999999964,📈 APPROACHING,True,0,🔒 NO OVERTAKE OPPORTUNITY,0.0,0.0,0.0
30,3692,0.9580121212121212,-264.59999999999945,📉 MOVING AWAY,False,0,🔒 NO OVERTAKE OPPORTUNITY,0.0,0.0,0.0
31,4125,1.0,-264.59999999999945,📉 MOVING AWAY,False,0,🔒 NO OVERTAKE OPPORTUNITY,0.0,0.0,0.0
32,4125,1.0,-264.59999999999945,📉 MOVING AWAY,False,0,🔒 NO OVERTAKE OPPORTUNITY,0.0,0.0,0.0
33,4125,1.0,-264.59999999999945,📉 MOVING AWAY,False,0,🔒 NO OVERTAKE OPPORTUNITY,0.0,0.0,0.0
34,4125,1.0,-264.59999999999945,📉 MOVING AWAY,False,0,🔒 NO OVERTAKE OPPORTUNITY,0.0,0.0,0.0
35,4125,1.0,173.19999999999982,📈 APPROACHING,True,0,🔒 NO OVERTAKE OPPORTUNITY,0.0,0.0,0.0
36,4125,1.0,173.19999999999982,📈 APPROACHING,True,0,🔒 NO OVERTAKE OPPORTUNITY,0.0,0.0,0.0
37,4125,1.0,173.19999999999982,📈 APPROACHING,True,0,🔒 NO OVERTAKE OPPORTUNITY,0.0,0.0,0.0
38,4125,1.0,173.19999999999982,📈 APPROACHING,True,0,🔒 NO OVERTAKE OPPORTUNITY,0.0,0.0,0.0
39,4125,1.0,173.19999999999982,📈 APPROACHING,True,0,🔒 NO OVERTAKE OPPORTUNITY,0.0,0.0,0.0
40,4125,1.0,0.0,📉 MOVING AWAY,False,0,🔒 NO OVERTAKE OPPORTUNITY,0.0,0.0,0.0
41,4125,1.0,0.0,📉 MOVING AWAY,False,0,🔒 NO OVERTAKE OPPORTUNITY,0.0,0.0,0.0
42,4125,1.0,0.0,📉 MOVING AWAY,False,0,🔒 NO OVERTAKE OPPORTUNITY,0.0,0.0,0.0
43,4125,1.0,0.0,📉 MOVING AWAY,False,0,🔒 NO OVERTAKE OPPORTUNITY,0.0,0.0,0.0
44,4582,1.1107878787878789,0.0,📉 MOVING AWAY,False,0,🔒 NO OVERTAKE OPPORTUNITY,0.0,0.0,0.0
45,4125,1.0221575757575756,91.39999999999964,📈 APPROACHING,True,0,🔒 NO OVERTAKE OPPORTUNITY,0.0,0.0,0.0
46,4582,1.1107878787878789,91.39999999999964,📈 APPROACHING,True,0,🔒 NO OVERTAKE OPPORTUNITY,0.0,0.0,0.0
47,4582,1.1107878787878789,91.39999999999964,📈 APPROACHING,True,0,🔒 NO OVERTAKE OPPORTUNITY,0.0,0.0,0.0
48,4125,1.0,91.39999999999964,📈 APPROACHING,True,0,🔒 NO OVERTAKE OPPORTUNITY,0.0,0.0,0.0
49,4125,1.0,91.39999999999964,📈 APPROACHING,True,0,🔒 NO OVERTAKE OPPORTUNITY,0.0,0.0,0.0
50,4125,1.0443151515151516,91.40000000000055,📈 APPROACHING,True,0,🔒 NO OVERTAKE OPPORTUNITY,0.0,0.0,0.0
51,4125,1.0,91.40000000000055,📈 APPROACHING,True,0,🔒 NO OVERTAKE OPPORTUNITY,0.0,0.0,0.0
52,4125,1.0,91.40000000000055,📈 APPROACHING,True,0,🔒 NO OVERTAKE OPPORTUNITY,0.0,0.0,0.0
53,4125,1.0,91.40000000000055,📈 APPROACHING,True,0,🔒 NO OVERTAKE OPPORTUNITY,0.0,0.0,0.0
54,4582,1.1107878787878789,91.40000000000055,📈 APPROACHING,True,0,🔒 NO OVERTAKE OPPORTUNITY,0.0,0.0,0.0
55,4125,1.0221575757575756,-91.40000000000055,📉 MOVING AWAY,False,0,🔒 NO OVERTAKE OPPORTUNITY,0.0,0.0,0.0
56,4582,1.1107878787878789,-91.40000000000055,📉 MOVING AWAY,False,0,🔒 NO OVERTAKE OPPORTUNITY,0.0,0.0,0.0
57,4125,1.0,-91.40000000000055,📉 MOVING AWAY,False,0,🔒 NO OVERTAKE OPPORTUNITY,0.0,0.0,0.0
58,4125,1.0,-91.40000000000055,📉 MOVING AWAY,False,0,🔒 NO OVERTAKE OPPORTUNITY,0.0,0.0,0.0
59,4125,1.0,-91.40000000000055,📉 MOVING AWAY,False,0,🔒 NO OVERTAKE OPPORTUNITY,0.0,0.0,0.0
60,4125,1.0221575757575756,0.0,📉 MOVING AWAY,False,0,🔒 NO OVERTAKE OPPORTUNITY,0.0,0.0,0.0
61,4125,1.0,0.0,📉 MOVING AWAY,False,0,🔒 NO OVERTAKE OPPORTUNITY,0.0,0.0,0.0
62,4125,1.0,0.0,📉 MOVING AWAY,False,0,🔒 NO OVERTAKE OPPORTUNITY,0.0,0.0,0.0
63,4125,1.0,0.0,📉 MOVING AWAY,False,0,🔒 NO OVERTAKE OPPORTUNITY,0.0,0.0,0.0
64,4125,1.0,0.0,📉 MOVING AWAY,False,0,🔒 NO OVERTAKE OPPORTUNITY,0.0,0.0,0.0
65,4125,1.0,-91.39999999999964,📉 MOVING AWAY,False,0,🔒 NO OVERTAKE OPPORTUNITY,0.0,0.0,0.0
66,4582,1.1107878787878789,-91.39999999999964,📉 MOVING AWAY,False,0,🔒 NO OVERTAKE OPPORTUNITY,0.0,0.0,0.0
67,4125,1.0,-91.39999999999964,📉 MOVING AWAY,False,0,🔒 NO OVERTAKE OPPORTUNITY,0.0,0.0,0.0
68,4125,1.0,-91.39999999999964,📉 MOVING AWAY,False,0,🔒 NO OVERTAKE OPPORTUNITY,0.0,0.0,0.0
69,4125,1.0,-91.39999999999964,📉 MOVING AWAY,False,0,🔒 NO OVERTAKE OPPORTUNITY,0.0,0.0,0.0
70,4125,1.0221575757575756,91.39999999999964,📈 APPROACHING,True,0,🔒 NO OVERTAKE OPPORTUNITY,0.0,0.0,0.0
71,4125,1.0,91.39999999999964,📈 APPROACHING,True,0,🔒 NO OVERTAKE OPPORTUNITY,0.0,0.0,0.0
72,4582,1.1107878787878789,91.39999999999964,📈 APPROACHING,True,0,🔒 NO OVERTAKE OPPORTUNITY,0.0,0.0,0.0
73,4125,1.0,91.39999999999964,📈 APPROACHING,True,0,🔒 NO OVERTAKE OPPORTUNITY,0.0,0.0,0.0
74,4125,1.0,91.39999999999964,📈 APPROACHING,True,0,🔒 NO OVERTAKE OPPORTUNITY,0.0,0.0,0.0
75,4125,1.0221575757575756,0.0,📉 MOVING AWAY,False,0,🔒 NO OVERTAKE OPPORTUNITY,0.0,0.0,0.0
76,4125,1.0,0.0,📉 MOVING AWAY,False,0,🔒 NO OVERTAKE OPPORTUNITY,0.0,0.0,0.0
77,4125,1.0,0.0,📉 MOVING AWAY,False,0,🔒 NO OVERTAKE OPPORTUNITY,0.0,0.0,0.0
78,4125,1.0,0.0,📉 MOVING AWAY,False,0,🔒 NO OVERTAKE OPPORTUNITY,0.0,0.0,0.0
79,4125,1.0,0.0,📉 MOVING AWAY,False,0,🔒 NO OVERTAKE OPPORTUNITY,0.0,0.0,0.0
80,4125,1.0,-91.39999999999964,📉 MOVING AWAY,False,0,🔒 NO OVERTAKE OPPORTUNITY,0.0,0.0,0.0
81,4125,1.0,-91.39999999999964,📉 MOVING AWAY,False,0,🔒 NO OVERTAKE OPPORTUNITY,0.0,0.0,0.0
82,4125,1.0,-91.39999999999964,📉 MOVING AWAY,False,0,🔒 NO OVERTAKE OPPORTUNITY,0.0,0.0,0.0
83,4125,1.0,-91.39999999999964,📉 MOVING AWAY,False,0,🔒 NO OVERTAKE OPPORTUNITY,0.0,0.0,0.0
84,4125,1.0,-91.39999999999964,📉 MOVING AWAY,False,0,🔒 NO OVERTAKE OPPORTUNITY,0.0,0.0,0.0
85,4125,1.0,0.0,📉 MOVING AWAY,False,0,🔒 NO OVERTAKE OPPORTUNITY,0.0,0.0,0.0
86,4125,1.0,0.0,📉 MOVING AWAY,False,0,🔒 NO OVERTAKE OPPORTUNITY,0.0,0.0,0.0
87,4125,1.0,0.0,📉 MOVING AWAY,False,0,🔒 NO OVERTAKE OPPORTUNITY,0.0,0.0,0.0
88,4125,1.0,0.0,📉 MOVING AWAY,False,0,🔒 NO OVERTAKE OPPORTUNITY,0.0,0.0,0.0
89,4125,1.0,0.0,📉 MOVING AWAY,False,0,🔒 NO OVERTAKE OPPORTUNITY,0.0,0.0,0.0
90,4125,1.0,0.0,📉 MOVING AWAY,False,0,🔒 NO OVERTAKE OPPORTUNITY,0.0,0.0,0.0
91,4125,1.0,0.0,📉 MOVING AWAY,False,0,🔒 NO OVERTAKE OPPORTUNITY,0.0,0.0,0.0
92,4125,1.0,0.0,📉 MOVING AWAY,False,0,🔒 NO OVERTAKE OPPORTUNITY,0.0,0.0,0.0
93,4125,1.0,0.0,📉 MOVING AWAY,False,0,🔒 NO OVERTAKE OPPORTUNITY,0.0,0.0,0.0
94,4125,1.0,0.0,📉 MOVING AWAY,False,0,🔒 NO OVERTAKE OPPORTUNITY,0.0,0.0,0.0
95,4125,1.0,0.0,📉 MOVING AWAY,False,0,🔒 NO OVERTAKE OPPORTUNITY,0.0,0.0,0.0
96,4125,1.0,0.0,📉 MOVING AWAY,False,0,🔒 NO OVERTAKE OPPORTUNITY,0.0,0.0,0.0
97,4125,1.0,0.0,📉 MOVING AWAY,False,0,🔒 NO OVERTAKE OPPORTUNITY,0.0,0.0,0.0
98,4125,1.0,0.0,📉 MOVING AWAY,False,0,🔒 NO OVERTAKE OPPORTUNITY,0.0,0.0,0.0
99,4125,1.0,0.0,📉 MOVING AWAY,False,0,🔒 NO OVERTAKE OPPORTUNITY,0.0,0.0,0.0
100,4125,1.0,0.0,📉 MOVING AWAY,False,0,🔒 NO OVERTAKE OPPORTUNITY,0.0,0.0,0.0
101,4125,1.0,0.0,📉 MOVING AWAY,False,0,🔒 NO OVERTAKE OPPORTUNITY,0.0,0.0,0.0
102,4125,1.0,0.0,📉 MOVING AWAY,False,0,🔒 NO OVERTAKE OPPORTUNITY,0.0,0.0,0.0
103,4125,1.0,0.0,📉 MOVING AWAY,False,0,🔒 NO OVERTAKE OPPORTUNITY,0.0,0.0,0.0
104,4125,1.0,0.0,📉 MOVING AWAY,False,0,🔒 NO OVERTAKE OPPORTUNITY,0.0,0.0,0.0
105,4125,1.0,0.0,📉 MOVING AWAY,False,0,🔒 NO OVERTAKE OPPORTUNITY,0.0,0.0,0.0
106,4125,1.0,0.0,📉 MOVING AWAY,False,0,🔒 NO OVERTAKE OPPORTUNITY,0.0,0.0,0.0
107,4125,1.0,0.0,📉 MOVING AWAY,False,0,🔒 NO OVERTAKE OPPORTUNITY,0.0,0.0,0.0
108,4125,1.0,0.0,📉 MOVING AWAY,False,0,🔒 NO OVERTAKE OPPORTUNITY,0.0,0.0,0.0
109,4125,1.0,0.0,📉 MOVING AWAY,False,0,🔒 NO OVERTAKE OPPORTUNITY,0.0,0.0,0.0
110,4125,1.0,0.0,📉 MOVING AWAY,False,0,🔒 NO OVERTAKE OPPORTUNITY,0.0,0.0,0.0
111,4125,1.0,0.0,📉 MOVING AWAY,False,0,🔒 NO OVERTAKE OPPORTUNITY,0.0,0.0,0.0
112,4125,1.0,0.0,📉 MOVING AWAY,False,0,🔒 NO OVERTAKE OPPORTUNITY,0.0,0.0,0.0
113,4582,1.1107878787878789,0.0,📉 MOVING AWAY,False,0,🔒 NO OVERTAKE OPPORTUNITY,0.0,0.0,0.0
114,4582,1.1107878787878789,0.0,📉 MOVING AWAY,False,0,🔒 NO OVERTAKE OPPORTUNITY,0.0,0.0,0.0
115,4125,1.0443151515151516,182.80000000000018,📈 APPROACHING,True,0,🔒 NO OVERTAKE OPPORTUNITY,0.0,0.0,0.0
116,4125,1.0,182.80000000000018,📈 APPROACHING,True,0,🔒 NO OVERTAKE OPPORTUNITY,0.0,0.0,0.0
117,4582,1.1107878787878789,182.80000000000018,📈 APPROACHING,True,0,🔒 NO OVERTAKE OPPORTUNITY,0.0,0.0,0.0
118,4582,1.1107878787878789,182.80000000000018,📈 APPROACHING,True,0,🔒 NO OVERTAKE OPPORTUNITY,0.0,0.0,0.0
119,4125,1.0,182.80000000000018,📈 APPROACHING,True,0,🔒 NO OVERTAKE OPPORTUNITY,0.0,0.0,0.0
120,4582,1.0664727272727272,91.39999999999964,📈 APPROACHING,True,0,🔒 NO OVERTAKE OPPORTUNITY,0.0,0.0,0.0
121,4582,1.1107878787878789,91.39999999999964,📈 APPROACHING,True,0,🔒 NO OVERTAKE OPPORTUNITY,0.0,0.0,0.0
122,4582,1.1107878787878789,91.39999999999964,📈 APPROACHING,True,0,🔒 NO OVERTAKE OPPORTUNITY,0.0,0.0,0.0
123,4582,1.1107878787878789,91.39999999999964,📈 APPROACHING,True,0,🔒 NO OVERTAKE OPPORTUNITY,0.0,0.0,0.0
124,4582,1.1107878787878789,91.39999999999964,📈 APPROACHING,True,0,🔒 NO OVERTAKE OPPORTUNITY,0.0,0.0,0.0
125,4582,1.1107878787878789,182.80000000000018,📈 APPROACHING,True,0,🔒 NO OVERTAKE OPPORTUNITY,0.0,0.0,0.0
126,4582,1.1107878787878789,182.80000000000018,📈 APPROACHING,True,0,🔒 NO OVERTAKE OPPORTUNITY,0.0,0.0,0.0
127,4582,1.1107878787878789,182.80000000000018,📈 APPROACHING,True,0,🔒 NO OVERTAKE OPPORTUNITY,0.0,0.0,0.0
128,4582,1.1107878787878789,182.80000000000018,📈 APPROACHING,True,0,🔒 NO OVERTAKE OPPORTUNITY,0.0,0.0,0.0
129,4582,1.1107878787878789,182.80000000000018,📈 APPROACHING,True,0,🔒 NO OVERTAKE OPPORTUNITY,0.0,0.0,0.0
130,4582,1.1107878787878789,0.0,📉 MOVING AWAY,False,0,🔒 NO OVERTAKE OPPORTUNITY,0.0,0.0,0.0
131,4582,1.1107878787878789,0.0,📉 MOVING AWAY,False,0,🔒 NO OVERTAKE OPPORTUNITY,0.0,0.0,0.0
132,4582,1.1107878787878789,0.0,📉 MOVING AWAY,False,0,🔒 NO OVERTAKE OPPORTUNITY,0.0,0.0,0.0
133,4582,1.1107878787878789,0.0,📉 MOVING AWAY,False,0,🔒 NO OVERTAKE OPPORTUNITY,0.0,0.0,0.0
134,4582,1.1107878787878789,0.0,📉 MOVING AWAY,False,0,🔒 NO OVERTAKE OPPORTUNITY,0.0,0.0,0.0
135,4582,1.1107878787878789,0.0,📉 MOVING AWAY,False,0,🔒 NO OVERTAKE OPPORTUNITY,0.0,0.0,0.0
136,4582,1.1107878787878789,0.0,📉 MOVING AWAY,False,0,🔒 NO OVERTAKE OPPORTUNITY,0.0,0.0,0.0
137,4582,1.1107878787878789,0.0,📉 MOVING AWAY,False,0,🔒 NO OVERTAKE OPPORTUNITY,0.0,0.0,0.0
138,5063,1.2273939393939395,0.0,📉 MOVING AWAY,False,1,🔒 NO OVERTAKE OPPORTUNITY,0.0,1.3696969696969765,0.0
139,5063,1.2273939393939395,0.0,📉 MOVING AWAY,False,2,🔒 NO OVERTAKE OPPORTUNITY,0.0,1.3696969696969765,0.0
140,5063,1.1807515151515153,288.60000000000036,📈 APPROACHING,True,2,🔒 NO OVERTAKE OPPORTUNITY,0.0,0.0,0.0
141,5063,1.2273939393939395,288.60000000000036,📈 APPROACHING,True,3,🔒 NO OVERTAKE OPPORTUNITY,0.0,1.3696969696969765,0.0
142,5063,1.2273939393939395,288.60000000000036,📈 APPROACHING,True,4,🔒 NO OVERTAKE OPPORTUNITY,0.0,1.3696969696969765,0.0
143,5063,1.2273939393939395,288.60000000000036,📈 APPROACHING,True,5,🔒 NO OVERTAKE OPPORTUNITY,0.0,1.3696969696969765,0.0
144,5568,1.3498181818181818,288.60000000000036,📈 APPROACHING,True,10,👀 WATCHING FOR OVERTAKE,0.0,7.490909090909092,30.0
145,5568,1.2763636363636364,394.39999999999964,📈 APPROACHING,True,11,👀 WATCHING FOR OVERTAKE,0.0,3.818181818181821,0.0
146,5568,1.3498181818181818,394.39999999999964,📈 APPROACHING,True,16,👀 WATCHING FOR OVERTAKE,0.0,7.490909090909092,30.0
147,5568,1.3498181818181818,394.39999999999964,📈 APPROACHING,True,20,👀 WATCHING FOR OVERTAKE,0.0,7.490909090909092,30.0
148,5568,1.3498181818181818,394.39999999999964,📈 APPROACHING,True,24,👀 WATCHING FOR OVERTAKE,0.0,7.490909090909092,30.0
149,5568,1.3498181818181818,394.39999999999964,📈 APPROACHING,True,28,📉 LOW OVERTAKE CHANCE,0.0,7.490909090909092,30.0
150,5568,1.3498181818181818,303.0,📈 APPROACHING,True,33,📉 LOW OVERTAKE CHANCE,0.0,7.490909090909092,30.0
151,5063,1.2273939393939395,303.0,📈 APPROACHING,True,33,📉 LOW OVERTAKE CHANCE,0.0,1.3696969696969765,0.0
152,5568,1.3498181818181818,303.0,📈 APPROACHING,True,38,📉 LOW OVERTAKE CHANCE,0.0,7.490909090909092,30.0
153,5568,1.3498181818181818,303.0,📈 APPROACHING,True,43,📉 LOW OVERTAKE CHANCE,0.0,7.490909090909092,30.0
154,6097,1.478060606060606,303.0,📈 APPROACHING,True,44,📉 LOW OVERTAKE CHANCE,0.0,13.903030303030306,30.0
155,6097,1.376630303030303,110.60000000000036,📈 APPROACHING,True,48,⚡ MEDIUM OVERTAKE CHANCE,2.5,8.831515151515157,30.0
156,6097,1.478060606060606,110.60000000000036,📈 APPROACHING,True,50,⚡ MEDIUM OVERTAKE CHANCE,2.5,13.903030303030306,30.0
157,6097,1.478060606060606,110.60000000000036,📈 APPROACHING,True,51,⚡ MEDIUM OVERTAKE CHANCE,2.5,13.903030303030306,30.0
158,6097,1.478060606060606,110.60000000000036,📈 APPROACHING,True,53,⚡ MEDIUM OVERTAKE CHANCE,2.5,13.903030303030306,30.0
159,6097,1.478060606060606,110.60000000000036,📈 APPROACHING,True,54,⚡ MEDIUM OVERTAKE CHANCE,2.5,13.903030303030306,30.0
160,6720,1.5082666666666666,543.0,📈 APPROACHING,True,53,⚡ MEDIUM OVERTAKE CHANCE,5.0,0.2755555555555548,30.0
161,6720,1.6290909090909091,543.0,📈 APPROACHING,True,57,⚡ MEDIUM OVERTAKE CHANCE,5.0,4.303030303030305,30.0
162,6720,1.6290909090909091,543.0,📈 APPROACHING,True,56,⚡ MEDIUM OVERTAKE CHANCE,5.0,4.303030303030305,30.0
163,6720,1.6290909090909091,543.0,📈 APPROACHING,True,55,⚡ MEDIUM OVERTAKE CHANCE,5.0,4.303030303030305,30.0
164,6720,1.6290909090909091,543.0,📈 APPROACHING,True,54,⚡ MEDIUM OVERTAKE CHANCE,5.0,4.303030303030305,30.0
165,6720,1.6290909090909091,498.39999999999964,📈 APPROACHING,True,53,⚡ MEDIUM OVERTAKE CHANCE,7.5,4.303030303030305,30.0
166,7474,1.8118787878787879,498.39999999999964,📈 APPROACHING,True,52,⚡ MEDIUM OVERTAKE CHANCE,7.5,10.395959595959596,30.0
167,7474,1.8118787878787879,498.39999999999964,📈 APPROACHING,True,51,⚡ MEDIUM OVERTAKE CHANCE,7.5,10.395959595959596,30.0
168,7474,1.8118787878787879,498.39999999999964,📈 APPROACHING,True,50,⚡ MEDIUM OVERTAKE CHANCE,7.5,10.395959595959596,30.0
169,7474,1.8118787878787879,498.39999999999964,📈 APPROACHING,True,49,⚡ MEDIUM OVERTAKE CHANCE,7.5,10.395959595959596,30.0
170,8162,1.8452363636363638,891.6000000000004,📈 APPROACHING,True,50,⚡ MEDIUM OVERTAKE CHANCE,10.0,11.507878787878793,30.0
171,7474,1.8118787878787879,891.6000000000004,📈 APPROACHING,True,50,⚡ MEDIUM OVERTAKE CHANCE,10.0,10.395959595959596,30.0
172,7474,1.8118787878787879,891.6000000000004,📈 APPROACHING,True,50,⚡ MEDIUM OVERTAKE CHANCE,10.0,10.395959595959596,30.0
173,7474,1.8118787878787879,891.6000000000004,📈 APPROACHING,True,50,⚡ MEDIUM OVERTAKE CHANCE,10.0,10.395959595959596,30.0
174,7474,1.8118787878787879,891.6000000000004,📈 APPROACHING,True,50,⚡ MEDIUM OVERTAKE CHANCE,10.0,10.395959595959596,30.0
175,8162,1.8452363636363638,0.0,📉 MOVING AWAY,False,48,⚡ MEDIUM OVERTAKE CHANCE,0.0,11.507878787878793,0.0
176,8162,1.9786666666666666,0.0,📉 MOVING AWAY,False,45,⚡ MEDIUM OVERTAKE CHANCE,0.0,15.955555555555554,0.0
177,8162,1.9786666666666666,0.0,📉 MOVING AWAY,False,42,📉 LOW OVERTAKE CHANCE,0.0,15.955555555555554,0.0
178,8162,1.9786666666666666,0.0,📉 MOVING AWAY,False,39,📉 LOW OVERTAKE CHANCE,0.0,15.955555555555554,0.0
179,8162,1.9786666666666666,0.0,📉 MOVING AWAY,False,37,📉 LOW OVERTAKE CHANCE,0.0,15.955555555555554,0.0
180,8162,1.9786666666666666,550.3999999999996,📈 APPROACHING,True,37,📉 LOW OVERTAKE CHANCE,0.0,15.955555555555554,30.0
181,8162,1.9786666666666666,550.3999999999996,📈 APPROACHING,True,38,📉 LOW OVERTAKE CHANCE,0.0,15.955555555555554,30.0
182,8162,1.9786666666666666,550.3999999999996,📈 APPROACHING,True,38,📉 LOW OVERTAKE CHANCE,0.0,15.955555555555554,30.0
183,8162,1.9786666666666666,550.3999999999996,📈 APPROACHING,True,39,📉 LOW OVERTAKE CHANCE,0.0,15.955555555555554,30.0
184,8162,1.9786666666666666,550.3999999999996,📈 APPROACHING,True,39,📉 LOW OVERTAKE CHANCE,0.0,15.955555555555554,30.0
185,8162,1.9786666666666666,0.0,📉 MOVING AWAY,False,40,📉 LOW OVERTAKE CHANCE,0.0,15.955555555555554,0.0
186,8162,1.9786666666666666,0.0,📉 MOVING AWAY,False,40,📉 LOW OVERTAKE CHANCE,0.0,15.955555555555554,0.0
187,8162,1.9786666666666666,0.0,📉 MOVING AWAY,False,40,📉 LOW OVERTAKE CHANCE,0.0,15.955555555555554,0.0
188,8162,1.9786666666666666,0.0,📉 MOVING AWAY,False,40,📉 LOW OVERTAKE CHANCE,0.0,15.955555555555554,0.0
189,8162,1.9786666666666666,0.0,📉 MOVING AWAY,False,40,📉 LOW OVERTAKE CHANCE,0.0,15.955555555555554,0.0
190,8162,1.9786666666666666,0.0,📉 MOVING AWAY,False,37,📉 LOW OVERTAKE CHANCE,0.0,15.955555555555554,0.0
191,8162,1.9786666666666666,0.0,📉 MOVING AWAY,False,34,📉 LOW OVERTAKE CHANCE,0.0,15.955555555555554,0.0
192,8991,2.1796363636363636,0.0,📉 MOVING AWAY,False,31,📉 LOW OVERTAKE CHANCE,0.0,22.654545454545453,0.0
193,8991,2.1796363636363636,0.0,📉 MOVING AWAY,False,29,📉 LOW OVERTAKE CHANCE,0.0,22.654545454545453,0.0
194,8991,2.1796363636363636,0.0,📉 MOVING AWAY,False,27,📉 LOW OVERTAKE CHANCE,0.0,22.654545454545453,0.0
195,8991,2.1394424242424246,663.2000000000007,📈 APPROACHING,True,30,📉 LOW OVERTAKE CHANCE,0.0,21.314747474747485,30.0
196,8991,2.1796363636363636,663.2000000000007,📈 APPROACHING,True,34,📉 LOW OVERTAKE CHANCE,0.0,22.654545454545453,30.0
197,8991,2.1796363636363636,663.2000000000007,📈 APPROACHING,True,38,📉 LOW OVERTAKE CHANCE,0.0,22.654545454545453,30.0
198,8991,2.1796363636363636,663.2000000000007,📈 APPROACHING,True,41,📉 LOW OVERTAKE CHANCE,0.0,22.654545454545453,30.0
199,8991,2.1796363636363636,663.2000000000007,📈 APPROACHING,True,45,⚡ MEDIUM OVERTAKE CHANCE,0.0,22.654545454545453,30.0
200,8991,2.1796363636363636,165.79999999999927,📈 APPROACHING,True,49,⚡ MEDIUM OVERTAKE CHANCE,0.0,22.654545454545453,30.0
201,8991,2.1796363636363636,165.79999999999927,📈 APPROACHING,True,52,⚡ MEDIUM OVERTAKE CHANCE,0.0,22.654545454545453,30.0
202,8991,2.1796363636363636,165.79999999999927,📈 APPROACHING,True,55,⚡ MEDIUM OVERTAKE CHANCE,0.0,22.654545454545453,30.0
203,8991,2.1796363636363636,165.79999999999927,📈 APPROACHING,True,58,⚡ MEDIUM OVERTAKE CHANCE,0.0,22.654545454545453,30.0
204,8991,2.1796363636363636,165.79999999999927,📈 APPROACHING,True,61,⚡ MEDIUM OVERTAKE CHANCE,0.0,22.654545454545453,30.0
205,8991,2.1796363636363636,0.0,📉 MOVING AWAY,False,59,⚡ MEDIUM OVERTAKE CHANCE,0.0,22.654545454545453,0.0
206,8991,2.1796363636363636,0.0,📉 MOVING AWAY,False,56,⚡ MEDIUM OVERTAKE CHANCE,0.0,22.654545454545453,0.0
207,8991,2.1796363636363636,0.0,📉 MOVING AWAY,False,53,⚡ MEDIUM OVERTAKE CHANCE,0.0,22.654545454545453,0.0
208,8991,2.1796363636363636,0.0,📉 MOVING AWAY,False,50,⚡ MEDIUM OVERTAKE CHANCE,0.0,22.654545454545453,0.0
209,8991,2.1796363636363636,0.0,📉 MOVING AWAY,False,47,⚡ MEDIUM OVERTAKE CHANCE,0.0,22.654545454545453,0.0
210,8991,2.1796363636363636,0.0,📉 MOVING AWAY,False,44,📉 LOW OVERTAKE CHANCE,0.0,22.654545454545453,0.0
211,9860,2.39030303030303,0.0,📉 MOVING AWAY,False,41,📉 LOW OVERTAKE CHANCE,0.0,29.676767676767675,0.0
212,9860,2.39030303030303,0.0,📉 MOVING AWAY,False,39,📉 LOW OVERTAKE CHANCE,0.0,29.676767676767675,0.0
213,9860,2.39030303030303,0.0,📉 MOVING AWAY,False,37,📉 LOW OVERTAKE CHANCE,0.0,29.676767676767675,0.0
214,9860,2.39030303030303,0.0,📉 MOVING AWAY,False,34,📉 LOW OVERTAKE CHANCE,0.0,29.676767676767675,0.0
215,9860,2.39030303030303,869.0,📈 APPROACHING,True,38,📉 LOW OVERTAKE CHANCE,0.0,29.676767676767675,30.0
216,9860,2.39030303030303,869.0,📈 APPROACHING,True,42,📉 LOW OVERTAKE CHANCE,0.0,29.676767676767675,30.0
217,9860,2.39030303030303,869.0,📈 APPROACHING,True,45,⚡ MEDIUM OVERTAKE CHANCE,0.0,29.676767676767675,30.0
218,9860,2.39030303030303,869.0,📈 APPROACHING,True,49,⚡ MEDIUM OVERTAKE CHANCE,0.0,29.676767676767675,30.0
219,9860,2.39030303030303,869.0,📈 APPROACHING,True,53,⚡ MEDIUM OVERTAKE CHANCE,0.0,29.676767676767675,30.0
220,9860,2.39030303030303,0.0,📉 MOVING AWAY,False,54,⚡ MEDIUM OVERTAKE CHANCE,0.0,29.676767676767675,0.0
221,9860,2.39030303030303,0.0,📉 MOVING AWAY,False,54,⚡ MEDIUM OVERTAKE CHANCE,0.0,29.676767676767675,0.0
222,9860,2.39030303030303,0.0,📉 MOVING AWAY,False,54,⚡ MEDIUM OVERTAKE CHANCE,0.0,29.676767676767675,0.0
223,9860,2.39030303030303,0.0,📉 MOVING AWAY,False,54,⚡ MEDIUM OVERTAKE CHANCE,0.0,29.676767676767675,0.0
224,9860,2.39030303030303,0.0,📉 MOVING AWAY,False,54,⚡ MEDIUM OVERTAKE CHANCE,0.0,29.676767676767675,0.0
225,9860,2.39030303030303,0.0,📉 MOVING AWAY,False,51,⚡ MEDIUM OVERTAKE CHANCE,0.0,29.676767676767675,0.0
226,9860,2.39030303030303,0.0,📉 MOVING AWAY,False,48,⚡ MEDIUM OVERTAKE CHANCE,0.0,29.676767676767675,0.0
227,9860,2.39030303030303,0.0,📉 MOVING AWAY,False,45,⚡ MEDIUM OVERTAKE CHANCE,0.0,29.676767676767675,0.0
228,9860,2.39030303030303,0.0,📉 MOVING AWAY,False,42,📉 LOW OVERTAKE CHANCE,0.0,29.676767676767675,0.0
229,9860,2.39030303030303,0.0,📉 MOVING AWAY,False,39,📉 LOW OVERTAKE CHANCE,0.0,29.676767676767675,0.0
230,9860,2.39030303030303,0.0,📉 MOVING AWAY,False,39,📉 LOW OVERTAKE CHANCE,0.0,29.676767676767675,0.0
231,9860,2.39030303030303,0.0,📉 MOVING AWAY,False,39,📉 LOW OVERTAKE CHANCE,0.0,29.676767676767675,0.0
232,9860,2.39030303030303,0.0,📉 MOVING AWAY,False,39,📉 LOW OVERTAKE CHANCE,0.0,29.676767676767675,0.0
233,9860,2.39030303030303,0.0,📉 MOVING AWAY,False,39,📉 LOW OVERTAKE CHANCE,0.0,29.676767676767675,0.0
234,9860,2.39030303030303,0.0,📉 MOVING AWAY,False,39,📉 LOW OVERTAKE CHANCE,0.0,29.676767676767675,0.0
235,9860,2.39030303030303,0.0,📉 MOVING AWAY,False,39,📉 LOW OVERTAKE CHANCE,0.0,29.676767676767675,0.0
236,9860,2.39030303030303,0.0,📉 MOVING AWAY,False,39,📉 LOW OVERTAKE CHANCE,0.0,29.676767676767675,0.0
237,9860,2.39030303030303,0.0,📉 MOVING AWAY,False,39,📉 LOW OVERTAKE CHANCE,0.0,29.676767676767675,0.0
238,9860,2.39030303030303,0.0,📉 MOVING AWAY,False,39,📉 LOW OVERTAKE CHANCE,0.0,29.676767676767675,0.0
239,9860,2.39030303030303,0.0,📉 MOVING AWAY,False,39,📉 LOW OVERTAKE CHANCE,0.0,29.676767676767675,0.0
240,9860,2.39030303030303,0.0,📉 MOVING AWAY,False,39,📉 LOW OVERTAKE CHANCE,0.0,29.676767676767675,0.0
241,9860,2.39030303030303,0.0,📉 MOVING AWAY,False,39,📉 LOW OVERTAKE CHANCE,0.0,29.676767676767675,0.0
242,9860,2.39030303030303,0.0,📉 MOVING AWAY,False,39,📉 LOW OVERTAKE CHANCE,0.0,29.676767676767675,0.0
243,9860,2.39030303030303,0.0,📉 MOVING AWAY,False,39,📉 LOW OVERTAKE CHANCE,0.0,29.676767676767675,0.0
244,9860,2.39030303030303,0.0,📉 MOVING AWAY,False,39,📉 LOW OVERTAKE CHANCE,0.0,29.676767676767675,0.0
245,9860,2.39030303030303,0.0,📉 MOVING AWAY,False,39,📉 LOW OVERTAKE CHANCE,0.0,29.676767676767675,0.0
246,9860,2.39030303030303,0.0,📉 MOVING AWAY,False,39,📉 LOW OVERTAKE CHANCE,0.0,29.676767676767675,0.0
247,9860,2.39030303030303,0.0,📉 MOVING AWAY,False,39,📉 LOW OVERTAKE CHANCE,0.0,29.676767676767675,0.0
248,9860,2.39030303030303,0.0,📉 MOVING AWAY,False,39,📉 LOW OVERTAKE CHANCE,0.0,29.676767676767675,0.0
249,9860,2.39030303030303,0.0,📉 MOVING AWAY,False,39,📉 LOW OVERTAKE CHANCE,0.0,29.676767676767675,0.0
250,9860,2.39030303030303,0.0,📉 MOVING AWAY,False,39,📉 LOW OVERTAKE CHANCE,0.0,29.676767676767675,0.0
251,9860,2.39030303030303,0.0,📉 MOVING AWAY,False,39,📉 LOW OVERTAKE CHANCE,0.0,29.676767676767675,0.0
252,9860,2.39030303030303,0.0,📉 MOVING AWAY,False,39,📉 LOW OVERTAKE CHANCE,0.0,29.676767676767675,0.0
253,9860,2.39030303030303,0.0,📉 MOVING AWAY,False,39,📉 LOW OVERTAKE CHANCE,0.0,29.676767676767675,0.0
254,9860,2.39030303030303,0.0,📉 MOVING AWAY,False,39,📉 LOW OVERTAKE CHANCE,0.0,29.676767676767675,0.0
255,9860,2.39030303030303,0.0,📉 MOVING AWAY,False,39,📉 LOW OVERTAKE CHANCE,0.0,29.676767676767675,0.0
256,9860,2.39030303030303,0.0,📉 MOVING AWAY,False,39,📉 LOW OVERTAKE CHANCE,0.0,29.676767676767675,0.0
257,9860,2.39030303030303,0.0,📉 MOVING AWAY,False,39,📉 LOW OVERTAKE CHANCE,0.0,29.676767676767675,0.0
258,9860,2.39030303030303,0.0,📉 MOVING AWAY,False,39,📉 LOW OVERTAKE CHANCE,0.0,29.676767676767675,0.0
259,9860,2.39030303030303,0.0,📉 MOVING AWAY,False,39,📉 LOW OVERTAKE CHANCE,0.0,29.676767676767675,0.0
260,9860,2.39030303030303,0.0,📉 MOVING AWAY,False,39,📉 LOW OVERTAKE CHANCE,0.0,29.676767676767675,0.0
261,9860,2.39030303030303,0.0,📉 MOVING AWAY,False,39,📉 LOW OVERTAKE CHANCE,0.0,29.676767676767675,0.0
262,9860,2.39030303030303,0.0,📉 MOVING AWAY,False,39,📉 LOW OVERTAKE CHANCE,0.0,29.676767676767675,0.0
263,9860,2.39030303030303,0.0,📉 MOVING AWAY,False,39,📉 LOW OVERTAKE CHANCE,0.0,29.676767676767675,0.0
264,9860,2.39030303030303,0.0,📉 MOVING AWAY,False,39,📉 LOW OVERTAKE CHANCE,0.0,29.676767676767675,0.0
265,9860,2.39030303030303,0.0,📉 MOVING AWAY,False,39,📉 LOW OVERTAKE CHANCE,0.0,29.676767676767675,0.0
266,9860,2.39030303030303,0.0,📉 MOVING AWAY,False,39,📉 LOW OVERTAKE CHANCE,0.0,29.676767676767675,0.0
267,9860,2.39030303030303,0.0,📉 MOVING AWAY,False,39,📉 LOW OVERTAKE CHANCE,0.0,29.676767676767675,0.0
268,8991,2.1796363636363636,0.0,📉 MOVING AWAY,False,38,📉 LOW OVERTAKE CHANCE,0.0,22.654545454545453,0.0
269,8991,2.1796363636363636,0.0,📉 MOVING AWAY,False,37,📉 LOW OVERTAKE CHANCE,0.0,22.654545454545453,0.0
270,8991,2.2639030303030303,-521.3999999999996,📉 MOVING AWAY,False,37,📉 LOW OVERTAKE CHANCE,0.0,25.463434343434344,0.0
271,8991,2.1796363636363636,-521.3999999999996,📉 MOVING AWAY,False,36,📉 LOW OVERTAKE CHANCE,0.0,22.654545454545453,0.0
272,8162,1.9786666666666666,-521.3999999999996,📉 MOVING AWAY,False,35,📉 LOW OVERTAKE CHANCE,0.0,15.955555555555554,0.0
273,8991,2.1796363636363636,-521.3999999999996,📉 MOVING AWAY,False,34,📉 LOW OVERTAKE CHANCE,0.0,22.654545454545453,0.0
274,8991,2.1796363636363636,-521.3999999999996,📉 MOVING AWAY,False,33,📉 LOW OVERTAKE CHANCE,0.0,22.654545454545453,0.0
275,8162,2.0992484848484847,-679.2000000000007,📉 MOVING AWAY,False,32,📉 LOW OVERTAKE CHANCE,0.0,19.97494949494949,0.0
276,8162,1.9786666666666666,-679.2000000000007,📉 MOVING AWAY,False,31,📉 LOW OVERTAKE CHANCE,0.0,15.955555555555554,0.0
277,8162,1.9786666666666666,-679.2000000000007,📉 MOVING AWAY,False,29,📉 LOW OVERTAKE CHANCE,0.0,15.955555555555554,0.0
278,8162,1.9786666666666666,-679.2000000000007,📉 MOVING AWAY,False,29,📉 LOW OVERTAKE CHANCE,0.0,15.955555555555554,0.0
279,8162,1.9786666666666666,-679.2000000000007,📉 MOVING AWAY,False,28,📉 LOW OVERTAKE CHANCE,0.0,15.955555555555554,0.0
280,8162,1.9786666666666666,-497.39999999999964,📉 MOVING AWAY,False,27,📉 LOW OVERTAKE CHANCE,0.0,15.955555555555554,0.0
281,8162,1.9786666666666666,-497.39999999999964,📉 MOVING AWAY,False,26,📉 LOW OVERTAKE CHANCE,0.0,15.955555555555554,0.0
282,8991,2.1796363636363636,-497.39999999999964,📉 MOVING AWAY,False,27,📉 LOW OVERTAKE CHANCE,0.0,22.654545454545453,0.0
283,8162,1.9786666666666666,-497.39999999999964,📉 MOVING AWAY,False,26,📉 LOW OVERTAKE CHANCE,0.0,15.955555555555554,0.0
284,8162,1.9786666666666666,-497.39999999999964,📉 MOVING AWAY,False,26,📉 LOW OVERTAKE CHANCE,0.0,15.955555555555554,0.0
285,8991,2.0590545454545457,331.60000000000036,📈 APPROACHING,True,29,📉 LOW OVERTAKE CHANCE,0.0,18.635151515151524,30.0
286,8162,1.9786666666666666,331.60000000000036,📈 APPROACHING,True,32,📉 LOW OVERTAKE CHANCE,0.0,15.955555555555554,30.0
287,8162,1.9786666666666666,331.60000000000036,📈 APPROACHING,True,35,📉 LOW OVERTAKE CHANCE,0.0,15.955555555555554,30.0
288,8162,1.9786666666666666,331.60000000000036,📈 APPROACHING,True,38,📉 LOW OVERTAKE CHANCE,0.0,15.955555555555554,30.0
289,8162,1.9786666666666666,331.60000000000036,📈 APPROACHING,True,41,📉 LOW OVERTAKE CHANCE,0.0,15.955555555555554,30.0
290,8162,1.9786666666666666,-331.60000000000036,📉 MOVING AWAY,False,41,📉 LOW OVERTAKE CHANCE,0.0,15.955555555555554,0.0
291,8162,1.9786666666666666,-331.60000000000036,📉 MOVING AWAY,False,41,📉 LOW OVERTAKE CHANCE,0.0,15.955555555555554,0.0
292,8162,1.9786666666666666,-331.60000000000036,📉 MOVING AWAY,False,40,📉 LOW OVERTAKE CHANCE,0.0,15.955555555555554,0.0
293,8991,2.1796363636363636,-331.60000000000036,📉 MOVING AWAY,False,41,📉 LOW OVERTAKE CHANCE,0.0,22.654545454545453,0.0
294,8162,1.9786666666666666,-331.60000000000036,📉 MOVING AWAY,False,41,📉 LOW OVERTAKE CHANCE,0.0,15.955555555555554,0.0
295,8162,2.018860606060606,165.79999999999927,📈 APPROACHING,True,40,📉 LOW OVERTAKE CHANCE,0.0,17.295353535353527,24.86999999999989
296,9860,2.39030303030303,165.79999999999927,📈 APPROACHING,True,41,📉 LOW OVERTAKE CHANCE,0.0,29.676767676767675,24.86999999999989
297,9860,2.39030303030303,165.79999999999927,📈 APPROACHING,True,42,📉 LOW OVERTAKE CHANCE,0.0,29.676767676767675,24.86999999999989
298,9860,2.39030303030303,165.79999999999927,📈 APPROACHING,True,43,📉 LOW OVERTAKE CHANCE,0.0,29.676767676767675,24.86999999999989
299,8991,2.1796363636363636,165.79999999999927,📈 APPROACHING,True,43,📉 LOW OVERTAKE CHANCE,0.0,22.654545454545453,24.86999999999989
300,9860,2.348169696969697,1358.4000000000015,📈 APPROACHING,True,47,⚡ MEDIUM OVERTAKE CHANCE,0.0,28.27232323232323,30.0
301,8991,2.1796363636363636,1358.4000000000015,📈 APPROACHING,True,51,⚡ MEDIUM OVERTAKE CHANCE,0.0,22.654545454545453,30.0
302,8991,2.1796363636363636,1358.4000000000015,📈 APPROACHING,True,55,⚡ MEDIUM OVERTAKE CHANCE,0.0,22.654545454545453,30.0
303,9860,2.39030303030303,1358.4000000000015,📈 APPROACHING,True,58,⚡ MEDIUM OVERTAKE CHANCE,0.0,29.676767676767675,30.0
304,8991,2.1796363636363636,1358.4000000000015,📈 APPROACHING,True,62,⚡ MEDIUM OVERTAKE CHANCE,0.0,22.654545454545453,30.0
305,9860,2.2639030303030303,-347.60000000000036,📉 MOVING AWAY,False,60,⚡ MEDIUM OVERTAKE CHANCE,0.0,25.463434343434344,0.0
306,8991,2.1796363636363636,-347.60000000000036,📉 MOVING AWAY,False,57,⚡ MEDIUM OVERTAKE CHANCE,0.0,22.654545454545453,0.0
307,9860,2.39030303030303,-347.60000000000036,📉 MOVING AWAY,False,55,⚡ MEDIUM OVERTAKE CHANCE,0.0,29.676767676767675,0.0
308,8991,2.1796363636363636,-347.60000000000036,📉 MOVING AWAY,False,51,⚡ MEDIUM OVERTAKE CHANCE,0.0,22.654545454545453,0.0
309,9860,2.39030303030303,-347.60000000000036,📉 MOVING AWAY,False,50,⚡ MEDIUM OVERTAKE CHANCE,0.0,29.676767676767675,0.0
310,8991,2.2639030303030303,0.0,📉 MOVING AWAY,False,46,⚡ MEDIUM OVERTAKE CHANCE,0.0,25.463434343434344,0.0
311,10980,2.6618181818181816,0.0,📉 MOVING AWAY,False,45,⚡ MEDIUM OVERTAKE CHANCE,0.0,38.72727272727272,0.0
312,10980,2.6618181818181816,0.0,📉 MOVING AWAY,False,43,📉 LOW OVERTAKE CHANCE,0.0,38.72727272727272,0.0
313,9860,2.39030303030303,0.0,📉 MOVING AWAY,False,40,📉 LOW OVERTAKE CHANCE,0.0,29.676767676767675,0.0
314,10980,2.6618181818181816,0.0,📉 MOVING AWAY,False,39,📉 LOW OVERTAKE CHANCE,0.0,38.72727272727272,0.0
315,9860,2.553212121212121,1193.3999999999996,📈 APPROACHING,True,43,📉 LOW OVERTAKE CHANCE,0.0,35.107070707070704,30.0
316,10980,2.6618181818181816,1193.3999999999996,📈 APPROACHING,True,48,⚡ MEDIUM OVERTAKE CHANCE,0.0,38.72727272727272,30.0
317,9860,2.39030303030303,1193.3999999999996,📈 APPROACHING,True,51,⚡ MEDIUM OVERTAKE CHANCE,0.0,29.676767676767675,30.0
318,10980,2.6618181818181816,1193.3999999999996,📈 APPROACHING,True,55,⚡ MEDIUM OVERTAKE CHANCE,0.0,38.72727272727272,30.0
319,10980,2.6618181818181816,1193.3999999999996,📈 APPROACHING,True,59,⚡ MEDIUM OVERTAKE CHANCE,0.0,38.72727272727272,30.0
320,10980,2.6075151515151513,224.0,📈 APPROACHING,True,63,⚡ MEDIUM OVERTAKE CHANCE,0.0,36.91717171717171,30.0
321,10980,2.6618181818181816,224.0,📈 APPROACHING,True,66,⚡ MEDIUM OVERTAKE CHANCE,0.0,38.72727272727272,30.0
322,10980,2.6618181818181816,224.0,📈 APPROACHING,True,69,⚡ MEDIUM OVERTAKE CHANCE,0.0,38.72727272727272,30.0
323,10980,2.6618181818181816,224.0,📈 APPROACHING,True,73,🚀 HIGH OVERTAKE CHANCE!,0.0,38.72727272727272,30.0
324,10980,2.6618181818181816,224.0,📈 APPROACHING,True,76,🚀 HIGH OVERTAKE CHANCE!,0.0,38.72727272727272,30.0
325,10980,2.6618181818181816,224.0,📈 APPROACHING,True,77,🚀 HIGH OVERTAKE CHANCE!,0.0,38.72727272727272,30.0
326,10980,2.6618181818181816,224.0,📈 APPROACHING,True,78,🚀 HIGH OVERTAKE CHANCE!,0.0,38.72727272727272,30.0
327,10980,2.6618181818181816,224.0,📈 APPROACHING,True,80,🚀 HIGH OVERTAKE CHANCE!,0.0,38.72727272727272,30.0
328,10980,2.6618181818181816,224.0,📈 APPROACHING,True,81,🚀 HIGH OVERTAKE CHANCE!,0.0,38.72727272727272,30.0
329,10980,2.6618181818181816,224.0,📈 APPROACHING,True,82,🚀 HIGH OVERTAKE CHANCE!,0.0,38.72727272727272,30.0
330,10980,2.6618181818181816,0.0,📉 MOVING AWAY,False,80,🚀 HIGH OVERTAKE CHANCE!,0.0,38.72727272727272,0.0
331,10980,2.6618181818181816,0.0,📉 MOVING AWAY,False,77,🚀 HIGH OVERTAKE CHANCE!,0.0,38.72727272727272,0.0
332,10980,2.6618181818181816,0.0,📉 MOVING AWAY,False,74,🚀 HIGH OVERTAKE CHANCE!,0.0,38.72727272727272,0.0
333,10980,2.6618181818181816,0.0,📉 MOVING AWAY,False,71,🚀 HIGH OVERTAKE CHANCE!,0.0,38.72727272727272,0.0
334,10980,2.6618181818181816,0.0,📉 MOVING AWAY,False,68,⚡ MEDIUM OVERTAKE CHANCE,0.0,38.72727272727272,0.0
335,12032,2.7128242424242424,210.39999999999964,📈 APPROACHING,True,67,⚡ MEDIUM OVERTAKE CHANCE,0.0,40.42747474747475,30.0
336,10980,2.6618181818181816,210.39999999999964,📈 APPROACHING,True,66,⚡ MEDIUM OVERTAKE CHANCE,0.0,38.72727272727272,30.0
337,10980,2.6618181818181816,210.39999999999964,📈 APPROACHING,True,65,⚡ MEDIUM OVERTAKE CHANCE,0.0,38.72727272727272,30.0
338,12032,2.916848484848485,210.39999999999964,📈 APPROACHING,True,65,⚡ MEDIUM OVERTAKE CHANCE,0.0,47.22828282828282,30.0
339,10980,2.6618181818181816,210.39999999999964,📈 APPROACHING,True,64,⚡ MEDIUM OVERTAKE CHANCE,0.0,38.72727272727272,30.0
340,10980,2.7128242424242424,0.0,📉 MOVING AWAY,False,64,⚡ MEDIUM OVERTAKE CHANCE,0.0,40.42747474747475,0.0
341,10980,2.6618181818181816,0.0,📉 MOVING AWAY,False,64,⚡ MEDIUM OVERTAKE CHANCE,0.0,38.72727272727272,0.0
342,12032,2.916848484848485,0.0,📉 MOVING AWAY,False,65,⚡ MEDIUM OVERTAKE CHANCE,0.0,47.22828282828282,0.0
343,12032,2.916848484848485,0.0,📉 MOVING AWAY,False,66,⚡ MEDIUM OVERTAKE CHANCE,0.0,47.22828282828282,0.0
344,10980,2.6618181818181816,0.0,📉 MOVING AWAY,False,66,⚡ MEDIUM OVERTAKE CHANCE,0.0,38.72727272727272,0.0
345,10980,2.7638303030303026,210.39999999999964,📈 APPROACHING,True,66,⚡ MEDIUM OVERTAKE CHANCE,0.0,42.12767676767675,30.0
346,12032,2.916848484848485,210.39999999999964,📈 APPROACHING,True,67,⚡ MEDIUM OVERTAKE CHANCE,0.0,47.22828282828282,30.0
347,12032,2.916848484848485,210.39999999999964,📈 APPROACHING,True,68,⚡ MEDIUM OVERTAKE CHANCE,0.0,47.22828282828282,30.0
348,12032,2.916848484848485,210.39999999999964,📈 APPROACHING,True,68,⚡ MEDIUM OVERTAKE CHANCE,0.0,47.22828282828282,30.0
349,10980,2.6618181818181816,210.39999999999964,📈 APPROACHING,True,68,⚡ MEDIUM OVERTAKE CHANCE,0.0,38.72727272727272,30.0
350,10980,2.814836363636364,210.40000000000146,📈 APPROACHING,True,71,🚀 HIGH OVERTAKE CHANCE!,0.0,43.827878787878795,30.0
351,10980,2.6618181818181816,210.40000000000146,📈 APPROACHING,True,74,🚀 HIGH OVERTAKE CHANCE!,0.0,38.72727272727272,30.0
352,10980,2.6618181818181816,210.40000000000146,📈 APPROACHING,True,76,🚀 HIGH OVERTAKE CHANCE!,0.0,38.72727272727272,30.0
353,10980,2.6618181818181816,210.40000000000146,📈 APPROACHING,True,78,🚀 HIGH OVERTAKE CHANCE!,0.0,38.72727272727272,30.0
354,10980,2.6618181818181816,210.40000000000146,📈 APPROACHING,True,81,🚀 HIGH OVERTAKE CHANCE!,0.0,38.72727272727272,30.0
355,10980,2.6618181818181816,-631.2000000000007,📉 MOVING AWAY,False,78,🚀 HIGH OVERTAKE CHANCE!,0.0,38.72727272727272,0.0
356,10980,2.6618181818181816,-631.2000000000007,📉 MOVING AWAY,False,74,🚀 HIGH OVERTAKE CHANCE!,0.0,38.72727272727272,0.0
357,10980,2.6618181818181816,-631.2000000000007,📉 MOVING AWAY,False,70,🚀 HIGH OVERTAKE CHANCE!,0.0,38.72727272727272,0.0
358,10980,2.6618181818181816,-631.2000000000007,📉 MOVING AWAY,False,66,⚡ MEDIUM OVERTAKE CHANCE,0.0,38.72727272727272,0.0
359,10980,2.6618181818181816,-631.2000000000007,📉 MOVING AWAY,False,63,⚡ MEDIUM OVERTAKE CHANCE,0.0,38.72727272727272,0.0
360,10980,2.6618181818181816,0.0,📉 MOVING AWAY,False,60,⚡ MEDIUM OVERTAKE CHANCE,0.0,38.72727272727272,0.0
361,10980,2.6618181818181816,0.0,📉 MOVING AWAY,False,57,⚡ MEDIUM OVERTAKE CHANCE,0.0,38.72727272727272,0.0
362,10980,2.6618181818181816,0.0,📉 MOVING AWAY,False,54,⚡ MEDIUM OVERTAKE CHANCE,0.0,38.72727272727272,0.0
363,10980,2.6618181818181816,0.0,📉 MOVING AWAY,False,51,⚡ MEDIUM OVERTAKE CHANCE,0.0,38.72727272727272,0.0
364,10980,2.6618181818181816,0.0,📉 MOVING AWAY,False,48,⚡ MEDIUM OVERTAKE CHANCE,0.0,38.72727272727272,0.0
365,10980,2.6618181818181816,0.0,📉 MOVING AWAY,False,48,⚡ MEDIUM OVERTAKE CHANCE,0.0,38.72727272727272,0.0
366,10980,2.6618181818181816,0.0,📉 MOVING AWAY,False,48,⚡ MEDIUM OVERTAKE CHANCE,0.0,38.72727272727272,0.0
367,10980,2.6618181818181816,0.0,📉 MOVING AWAY,False,48,⚡ MEDIUM OVERTAKE CHANCE,0.0,38.72727272727272,0.0
368,10980,2.6618181818181816,0.0,📉 MOVING AWAY,False,48,⚡ MEDIUM OVERTAKE CHANCE,0.0,38.72727272727272,0.0
369,10980,2.6618181818181816,0.0,📉 MOVING AWAY,False,48,⚡ MEDIUM OVERTAKE CHANCE,0.0,38.72727272727272,0.0
370,10980,2.6618181818181816,0.0,📉 MOVING AWAY,False,48,⚡ MEDIUM OVERTAKE CHANCE,0.0,38.72727272727272,0.0
371,10980,2.6618181818181816,0.0,📉 MOVING AWAY,False,48,⚡ MEDIUM OVERTAKE CHANCE,0.0,38.72727272727272,0.0
372,10980,2.6618181818181816,0.0,📉 MOVING AWAY,False,48,⚡ MEDIUM OVERTAKE CHANCE,0.0,38.72727272727272,0.0
373,10980,2.6618181818181816,0.0,📉 MOVING AWAY,False,48,⚡ MEDIUM OVERTAKE CHANCE,0.0,38.72727272727272,0.0
374,10980,2.6618181818181816,0.0,📉 MOVING AWAY,False,48,⚡ MEDIUM OVERTAKE CHANCE,0.0,38.72727272727272,0.0
375,10980,2.6618181818181816,0.0,📉 MOVING AWAY,False,48,⚡ MEDIUM OVERTAKE CHANCE,0.0,38.72727272727272,0.0
376,10980,2.6618181818181816,0.0,📉 MOVING AWAY,False,48,⚡ MEDIUM OVERTAKE CHANCE,0.0,38.72727272727272,0.0
377,12032,2.916848484848485,0.0,📉 MOVING AWAY,False,48,⚡ MEDIUM OVERTAKE CHANCE,0.0,47.22828282828282,0.0
378,12032,2.916848484848485,0.0,📉 MOVING AWAY,False,49,⚡ MEDIUM OVERTAKE CHANCE,0.0,47.22828282828282,0.0
379,12032,2.916848484848485,0.0,📉 MOVING AWAY,False,50,⚡ MEDIUM OVERTAKE CHANCE,0.0,47.22828282828282,0.0
380,12032,2.8658424242424245,841.6000000000004,📈 APPROACHING,True,54,⚡ MEDIUM OVERTAKE CHANCE,0.0,45.528080808080816,30.0
381,12032,2.916848484848485,841.6000000000004,📈 APPROACHING,True,58,⚡ MEDIUM OVERTAKE CHANCE,0.0,47.22828282828282,30.0
382,12032,2.916848484848485,841.6000000000004,📈 APPROACHING,True,62,⚡ MEDIUM OVERTAKE CHANCE,0.0,47.22828282828282,30.0
383,12032,2.916848484848485,841.6000000000004,📈 APPROACHING,True,66,⚡ MEDIUM OVERTAKE CHANCE,0.0,47.22828282828282,30.0
384,12032,2.916848484848485,841.6000000000004,📈 APPROACHING,True,70,🚀 HIGH OVERTAKE CHANCE!,0.0,47.22828282828282,30.0
385,10980,2.8658424242424245,0.0,📉 MOVING AWAY,False,70,🚀 HIGH OVERTAKE CHANCE!,0.0,45.528080808080816,0.0
386,10980,2.6618181818181816,0.0,📉 MOVING AWAY,False,70,🚀 HIGH OVERTAKE CHANCE!,0.0,38.72727272727272,0.0
387,10980,2.6618181818181816,0.0,📉 MOVING AWAY,False,69,⚡ MEDIUM OVERTAKE CHANCE,0.0,38.72727272727272,0.0
388,10980,2.6618181818181816,0.0,📉 MOVING AWAY,False,68,⚡ MEDIUM OVERTAKE CHANCE,0.0,38.72727272727272,0.0
389,12032,2.916848484848485,0.0,📉 MOVING AWAY,False,68,⚡ MEDIUM OVERTAKE CHANCE,0.0,47.22828282828282,0.0
390,12032,2.7638303030303026,-420.8000000000011,📉 MOVING AWAY,False,65,⚡ MEDIUM OVERTAKE CHANCE,0.0,42.12767676767675,0.0
391,10980,2.6618181818181816,-420.8000000000011,📉 MOVING AWAY,False,61,⚡ MEDIUM OVERTAKE CHANCE,0.0,38.72727272727272,0.0
392,10980,2.6618181818181816,-420.8000000000011,📉 MOVING AWAY,False,57,⚡ MEDIUM OVERTAKE CHANCE,0.0,38.72727272727272,0.0
393,10980,2.6618181818181816,-420.8000000000011,📉 MOVING AWAY,False,53,⚡ MEDIUM OVERTAKE CHANCE,0.0,38.72727272727272,0.0
394,10980,2.6618181818181816,-420.8000000000011,📉 MOVING AWAY,False,50,⚡ MEDIUM OVERTAKE CHANCE,0.0,38.72727272727272,0.0
395,8991,2.565381818181818,-818.5999999999985,📉 MOVING AWAY,False,49,⚡ MEDIUM OVERTAKE CHANCE,0.0,35.512727272727275,0.0
396,10980,2.6618181818181816,-818.5999999999985,📉 MOVING AWAY,False,49,⚡ MEDIUM OVERTAKE CHANCE,0.0,38.72727272727272,0.0
397,14664,3.554909090909091,-818.5999999999985,📉 MOVING AWAY,False,50,⚡ MEDIUM OVERTAKE CHANCE,0.0,50.0,0.0
398,14664,3.554909090909091,-818.5999999999985,📉 MOVING AWAY,False,51,⚡ MEDIUM OVERTAKE CHANCE,0.0,50.0,0.0
399,13365,3.24,-818.5999999999985,📉 MOVING AWAY,False,51,⚡ MEDIUM OVERTAKE CHANCE,0.0,50.0,0.0
400,12032,3.18569696969697,2558.7999999999993,📈 APPROACHING,True,55,⚡ MEDIUM OVERTAKE CHANCE,0.0,50.0,30.0
401,12032,2.916848484848485,2558.7999999999993,📈 APPROACHING,True,59,⚡ MEDIUM OVERTAKE CHANCE,0.0,47.22828282828282,30.0
402,12032,2.916848484848485,2558.7999999999993,📈 APPROACHING,True,63,⚡ MEDIUM OVERTAKE CHANCE,0.0,47.22828282828282,30.0
403,10980,2.6618181818181816,2558.7999999999993,📈 APPROACHING,True,66,⚡ MEDIUM OVERTAKE CHANCE,0.0,38.72727272727272,30.0
404,12032,2.916848484848485,2558.7999999999993,📈 APPROACHING,True,70,🚀 HIGH OVERTAKE CHANCE!,0.0,47.22828282828282,30.0
405,10980,2.814836363636364,-1529.7999999999993,📉 MOVING AWAY,False,71,🚀 HIGH OVERTAKE CHANCE!,0.0,43.827878787878795,0.0
406,10980,2.6618181818181816,-1529.7999999999993,📉 MOVING AWAY,False,71,🚀 HIGH OVERTAKE CHANCE!,0.0,38.72727272727272,0.0
407,10980,2.6618181818181816,-1529.7999999999993,📉 MOVING AWAY,False,69,⚡ MEDIUM OVERTAKE CHANCE,0.0,38.72727272727272,0.0
408,10980,2.6618181818181816,-1529.7999999999993,📉 MOVING AWAY,False,68,⚡ MEDIUM OVERTAKE CHANCE,0.0,38.72727272727272,0.0
409,10980,2.6618181818181816,-1529.7999999999993,📉 MOVING AWAY,False,67,⚡ MEDIUM OVERTAKE CHANCE,0.0,38.72727272727272,0.0
410,12032,2.7128242424242424,-420.8000000000011,📉 MOVING AWAY,False,63,⚡ MEDIUM OVERTAKE CHANCE,0.0,40.42747474747475,0.0
411,10980,2.6618181818181816,-420.8000000000011,📉 MOVING AWAY,False,59,⚡ MEDIUM OVERTAKE CHANCE,0.0,38.72727272727272,0.0
412,10980,2.6618181818181816,-420.8000000000011,📉 MOVING AWAY,False,55,⚡ MEDIUM OVERTAKE CHANCE,0.0,38.72727272727272,0.0
413,10980,2.6618181818181816,-420.8000000000011,📉 MOVING AWAY,False,52,⚡ MEDIUM OVERTAKE CHANCE,0.0,38.72727272727272,0.0
414,10980,2.6618181818181816,-420.8000000000011,📉 MOVING AWAY,False,48,⚡ MEDIUM OVERTAKE CHANCE,0.0,38.72727272727272,0.0
415,10980,2.6618181818181816,-210.39999999999964,📉 MOVING AWAY,False,48,⚡ MEDIUM OVERTAKE CHANCE,0.0,38.72727272727272,0.0
416,10980,2.6618181818181816,-210.39999999999964,📉 MOVING AWAY,False,48,⚡ MEDIUM OVERTAKE CHANCE,0.0,38.72727272727272,0.0
417,10980,2.6618181818181816,-210.39999999999964,📉 MOVING AWAY,False,48,⚡ MEDIUM OVERTAKE CHANCE,0.0,38.72727272727272,0.0
418,12032,2.916848484848485,-210.39999999999964,📉 MOVING AWAY,False,49,⚡ MEDIUM OVERTAKE CHANCE,0.0,47.22828282828282,0.0
419,9860,2.39030303030303,-210.39999999999964,📉 MOVING AWAY,False,48,⚡ MEDIUM OVERTAKE CHANCE,0.0,29.676767676767675,0.0
420,12032,2.7095272727272723,196.79999999999927,📈 APPROACHING,True,51,⚡ MEDIUM OVERTAKE CHANCE,0.0,40.317575757575746,29.51999999999989
421,10980,2.6618181818181816,196.79999999999927,📈 APPROACHING,True,54,⚡ MEDIUM OVERTAKE CHANCE,0.0,38.72727272727272,29.51999999999989
422,10980,2.6618181818181816,196.79999999999927,📈 APPROACHING,True,57,⚡ MEDIUM OVERTAKE CHANCE,0.0,38.72727272727272,29.51999999999989
423,9860,2.39030303030303,196.79999999999927,📈 APPROACHING,True,59,⚡ MEDIUM OVERTAKE CHANCE,0.0,29.676767676767675,29.51999999999989
424,9860,2.39030303030303,196.79999999999927,📈 APPROACHING,True,61,⚡ MEDIUM OVERTAKE CHANCE,0.0,29.676767676767675,29.51999999999989
425,9860,2.4989090909090907,-868.7999999999993,📉 MOVING AWAY,False,60,⚡ MEDIUM OVERTAKE CHANCE,0.0,33.29696969696969,0.0
426,9860,2.39030303030303,-868.7999999999993,📉 MOVING AWAY,False,59,⚡ MEDIUM OVERTAKE CHANCE,0.0,29.676767676767675,0.0
427,9860,2.39030303030303,-868.7999999999993,📉 MOVING AWAY,False,59,⚡ MEDIUM OVERTAKE CHANCE,0.0,29.676767676767675,0.0
428,9860,2.39030303030303,-868.7999999999993,📉 MOVING AWAY,False,57,⚡ MEDIUM OVERTAKE CHANCE,0.0,29.676767676767675,0.0
429,9860,2.39030303030303,-868.7999999999993,📉 MOVING AWAY,False,57,⚡ MEDIUM OVERTAKE CHANCE,0.0,29.676767676767675,0.0
430,9860,2.39030303030303,-448.0,📉 MOVING AWAY,False,53,⚡ MEDIUM OVERTAKE CHANCE,0.0,29.676767676767675,0.0
431,9860,2.39030303030303,-448.0,📉 MOVING AWAY,False,49,⚡ MEDIUM OVERTAKE CHANCE,0.0,29.676767676767675,0.0
432,9860,2.39030303030303,-448.0,📉 MOVING AWAY,False,45,⚡ MEDIUM OVERTAKE CHANCE,0.0,29.676767676767675,0.0
433,9860,2.39030303030303,-448.0,📉 MOVING AWAY,False,42,📉 LOW OVERTAKE CHANCE,0.0,29.676767676767675,0.0
434,8991,2.1796363636363636,-448.0,📉 MOVING AWAY,False,38,📉 LOW OVERTAKE CHANCE,0.0,22.654545454545453,0.0
435,8991,2.3060363636363634,-347.60000000000036,📉 MOVING AWAY,False,38,📉 LOW OVERTAKE CHANCE,0.0,26.86787878787878,0.0
436,8991,2.1796363636363636,-347.60000000000036,📉 MOVING AWAY,False,37,📉 LOW OVERTAKE CHANCE,0.0,22.654545454545453,0.0
437,8991,2.1796363636363636,-347.60000000000036,📉 MOVING AWAY,False,36,📉 LOW OVERTAKE CHANCE,0.0,22.654545454545453,0.0
438,8162,1.9786666666666666,-347.60000000000036,📉 MOVING AWAY,False,35,📉 LOW OVERTAKE CHANCE,0.0,15.955555555555554,0.0
439,8162,1.9786666666666666,-347.60000000000036,📉 MOVING AWAY,False,33,📉 LOW OVERTAKE CHANCE,0.0,15.955555555555554,0.0
440,8162,2.0590545454545457,-1018.7999999999993,📉 MOVING AWAY,False,32,📉 LOW OVERTAKE CHANCE,0.0,18.635151515151524,0.0
441,8162,1.9786666666666666,-1018.7999999999993,📉 MOVING AWAY,False,31,📉 LOW OVERTAKE CHANCE,0.0,15.955555555555554,0.0
442,8162,1.9786666666666666,-1018.7999999999993,📉 MOVING AWAY,False,29,📉 LOW OVERTAKE CHANCE,0.0,15.955555555555554,0.0
443,8162,1.9786666666666666,-1018.7999999999993,📉 MOVING AWAY,False,28,📉 LOW OVERTAKE CHANCE,0.0,15.955555555555554,0.0
444,8162,1.9786666666666666,-1018.7999999999993,📉 MOVING AWAY,False,27,📉 LOW OVERTAKE CHANCE,0.0,15.955555555555554,0.0
445,8162,1.9786666666666666,-331.60000000000036,📉 MOVING AWAY,False,26,📉 LOW OVERTAKE CHANCE,0.0,15.955555555555554,0.0
446,7474,1.8118787878787879,-331.60000000000036,📉 MOVING AWAY,False,25,📉 LOW OVERTAKE CHANCE,0.0,10.395959595959596,0.0
447,8162,1.9786666666666666,-331.60000000000036,📉 MOVING AWAY,False,24,👀 WATCHING FOR OVERTAKE,0.0,15.955555555555554,0.0
448,8162,1.9786666666666666,-331.60000000000036,📉 MOVING AWAY,False,24,👀 WATCHING FOR OVERTAKE,0.0,15.955555555555554,0.0
449,7474,1.8118787878787879,-331.60000000000036,📉 MOVING AWAY,False,24,👀 WATCHING FOR OVERTAKE,0.0,10.395959595959596,0.0
450,7474,1.8785939393939393,-412.8000000000002,📉 MOVING AWAY,False,23,👀 WATCHING FOR OVERTAKE,0.0,12.619797979797976,0.0
451,8162,1.9786666666666666,-412.8000000000002,📉 MOVING AWAY,False,23,👀 WATCHING FOR OVERTAKE,0.0,15.955555555555554,0.0
452,7474,1.8118787878787879,-412.8000000000002,📉 MOVING AWAY,False,23,👀 WATCHING FOR OVERTAKE,0.0,10.395959595959596,0.0
453,6720,1.6290909090909091,-412.8000000000002,📉 MOVING AWAY,False,22,👀 WATCHING FOR OVERTAKE,0.0,4.303030303030305,0.0
454,7474,1.8118787878787879,-412.8000000000002,📉 MOVING AWAY,False,21,👀 WATCHING FOR OVERTAKE,0.0,10.395959595959596,0.0
455,7474,1.808678787878788,-288.39999999999964,📉 MOVING AWAY,False,21,👀 WATCHING FOR OVERTAKE,0.0,10.289292929292932,0.0
456,7474,1.8118787878787879,-288.39999999999964,📉 MOVING AWAY,False,21,👀 WATCHING FOR OVERTAKE,0.0,10.395959595959596,0.0
457,7474,1.8118787878787879,-288.39999999999964,📉 MOVING AWAY,False,20,👀 WATCHING FOR OVERTAKE,0.0,10.395959595959596,0.0
458,7474,1.8118787878787879,-288.39999999999964,📉 MOVING AWAY,False,20,👀 WATCHING FOR OVERTAKE,0.0,10.395959595959596,0.0
459,7474,1.8118787878787879,-288.39999999999964,📉 MOVING AWAY,False,20,👀 WATCHING FOR OVERTAKE,0.0,10.395959595959596,0.0
460,7474,1.8118787878787879,13.199999999999818,📈 APPROACHING,True,20,👀 WATCHING FOR OVERTAKE,0.0,10.395959595959596,1.9799999999999727
461,6720,1.6290909090909091,13.199999999999818,📈 APPROACHING,True,19,👀 WATCHING FOR OVERTAKE,0.0,4.303030303030305,1.9799999999999727
462,6720,1.6290909090909091,13.199999999999818,📈 APPROACHING,True,18,👀 WATCHING FOR OVERTAKE,0.0,4.303030303030305,1.9799999999999727
463,6720,1.6290909090909091,13.199999999999818,📈 APPROACHING,True,19,👀 WATCHING FOR OVERTAKE,0.0,4.303030303030305,1.9799999999999727
464,6720,1.6290909090909091,13.199999999999818,📈 APPROACHING,True,18,👀 WATCHING FOR OVERTAKE,0.0,4.303030303030305,1.9799999999999727
465,6720,1.6290909090909091,-754.0,📉 MOVING AWAY,False,18,👀 WATCHING FOR OVERTAKE,0.0,4.303030303030305,0.0
466,6720,1.6290909090909091,-754.0,📉 MOVING AWAY,False,17,👀 WATCHING FOR OVERTAKE,0.0,4.303030303030305,0.0
467,6720,1.6290909090909091,-754.0,📉 MOVING AWAY,False,17,👀 WATCHING FOR OVERTAKE,0.0,4.303030303030305,0.0
468,6720,1.6290909090909091,-754.0,📉 MOVING AWAY,False,16,👀 WATCHING FOR OVERTAKE,0.0,4.303030303030305,0.0
469,6097,1.478060606060606,-754.0,📉 MOVING AWAY,False,16,👀 WATCHING FOR OVERTAKE,0.0,13.903030303030306,0.0
470,6097,1.568678787878788,-249.19999999999982,📉 MOVING AWAY,False,16,👀 WATCHING FOR OVERTAKE,0.0,2.289292929292934,0.0
471,6097,1.478060606060606,-249.19999999999982,📉 MOVING AWAY,False,16,👀 WATCHING FOR OVERTAKE,0.0,13.903030303030306,0.0
472,6097,1.478060606060606,-249.19999999999982,📉 MOVING AWAY,False,17,👀 WATCHING FOR OVERTAKE,0.0,13.903030303030306,0.0
473,6097,1.478060606060606,-249.19999999999982,📉 MOVING AWAY,False,18,👀 WATCHING FOR OVERTAKE,0.0,13.903030303030306,0.0
474,5568,1.3498181818181818,-249.19999999999982,📉 MOVING AWAY,False,18,👀 WATCHING FOR OVERTAKE,0.0,7.490909090909092,0.0
475,6097,1.4524121212121213,-479.60000000000036,📉 MOVING AWAY,False,19,👀 WATCHING FOR OVERTAKE,0.0,12.620606060606066,0.0
476,6097,1.478060606060606,-479.60000000000036,📉 MOVING AWAY,False,19,👀 WATCHING FOR OVERTAKE,0.0,13.903030303030306,0.0
477,6097,1.478060606060606,-479.60000000000036,📉 MOVING AWAY,False,20,👀 WATCHING FOR OVERTAKE,0.0,13.903030303030306,0.0
478,5568,1.3498181818181818,-479.60000000000036,📉 MOVING AWAY,False,20,👀 WATCHING FOR OVERTAKE,0.0,7.490909090909092,0.0
479,5568,1.3498181818181818,-479.60000000000036,📉 MOVING AWAY,False,20,👀 WATCHING FOR OVERTAKE,0.0,7.490909090909092,0.0
480,5063,1.376630303030303,-312.59999999999945,📉 MOVING AWAY,False,20,👀 WATCHING FOR OVERTAKE,0.0,8.831515151515157,0.0
481,5568,1.3498181818181818,-312.59999999999945,📉 MOVING AWAY,False,20,👀 WATCHING FOR OVERTAKE,0.0,7.490909090909092,0.0
482,5568,1.3498181818181818,-312.59999999999945,📉 MOVING AWAY,False,19,👀 WATCHING FOR OVERTAKE,0.0,7.490909090909092,0.0
483,5568,1.3498181818181818,-312.59999999999945,📉 MOVING AWAY,False,18,👀 WATCHING FOR OVERTAKE,0.0,7.490909090909092,0.0
484,5568,1.3498181818181818,-312.59999999999945,📉 MOVING AWAY,False,18,👀 WATCHING FOR OVERTAKE,0.0,7.490909090909092,0.0
485,5063,1.3253333333333333,-211.60000000000036,📉 MOVING AWAY,False,18,👀 WATCHING FOR OVERTAKE,0.0,6.266666666666666,0.0
486,5063,1.2273939393939395,-211.60000000000036,📉 MOVING AWAY,False,17,👀 WATCHING FOR OVERTAKE,0.0,1.3696969696969765,0.0
487,5063,1.2273939393939395,-211.60000000000036,📉 MOVING AWAY,False,15,👀 WATCHING FOR OVERTAKE,0.0,1.3696969696969765,0.0
488,5063,1.2273939393939395,-211.60000000000036,📉 MOVING AWAY,False,15,👀 WATCHING FOR OVERTAKE,0.0,1.3696969696969765,0.0
489,5063,1.2273939393939395,-211.60000000000036,📉 MOVING AWAY,False,14,👀 WATCHING FOR OVERTAKE,0.0,1.3696969696969765,0.0
490,5063,1.2273939393939395,-404.0,📉 MOVING AWAY,False,13,👀 WATCHING FOR OVERTAKE,0.0,1.3696969696969765,0.0
491,5063,1.2273939393939395,-404.0,📉 MOVING AWAY,False,13,👀 WATCHING FOR OVERTAKE,0.0,1.3696969696969765,0.0
492,4582,1.1107878787878789,-404.0,📉 MOVING AWAY,False,11,👀 WATCHING FOR OVERTAKE,0.0,0.0,0.0
493,4582,1.1107878787878789,-404.0,📉 MOVING AWAY,False,9,🔒 NO OVERTAKE OPPORTUNITY,0.0,0.0,0.0
494,4582,1.1107878787878789,-404.0,📉 MOVING AWAY,False,8,🔒 NO OVERTAKE OPPORTUNITY,0.0,0.0,0.0
495,4582,1.134109090909091,-384.8000000000002,📉 MOVING AWAY,False,6,🔒 NO OVERTAKE OPPORTUNITY,0.0,0.0,0.0
496,5063,1.2273939393939395,-384.8000000000002,📉 MOVING AWAY,False,6,🔒 NO OVERTAKE OPPORTUNITY,0.0,1.3696969696969765,0.0
497,4582,1.1107878787878789,-384.8000000000002,📉 MOVING AWAY,False,5,🔒 NO OVERTAKE OPPORTUNITY,0.0,0.0,0.0
498,4582,1.1107878787878789,-384.8000000000002,📉 MOVING AWAY,False,4,🔒 NO OVERTAKE OPPORTUNITY,0.0,0.0,0.0
499,4582,1.1107878787878789,-384.8000000000002,📉 MOVING AWAY,False,3,🔒 NO OVERTAKE OPPORTUNITY,0.0,0.0,0.0
500,4582,1.134109090909091,0.0,📉 MOVING AWAY,False,2,🔒 NO OVERTAKE OPPORTUNITY,0.0,0.0,0.0
501,4582,1.1107878787878789,0.0,📉 MOVING AWAY,False,1,🔒 NO OVERTAKE OPPORTUNITY,0.0,0.0,0.0
502,4582,1.1107878787878789,0.0,📉 MOVING AWAY,False,1,🔒 NO OVERTAKE OPPORTUNITY,0.0,0.0,0.0
503,4582,1.1107878787878789,0.0,📉 MOVING AWAY,False,1,🔒 NO OVERTAKE OPPORTUNITY,0.0,0.0,0.0
504,4582,1.1107878787878789,0.0,📉 MOVING AWAY,False,1,🔒 NO OVERTAKE OPPORTUNITY,0.0,0.0,0.0
505,4582,1.1107878787878789,-96.19999999999982,📉 MOVING AWAY,False,1,🔒 NO OVERTAKE OPPORTUNITY,0.0,0.0,0.0
506,4582,1.1107878787878789,-96.19999999999982,📉 MOVING AWAY,False,0,🔒 NO OVERTAKE OPPORTUNITY,0.0,0.0,0.0
507,4582,1.1107878787878789,-96.19999999999982,📉 MOVING AWAY,False,0,🔒 NO OVERTAKE OPPORTUNITY,0.0,0.0,0.0
508,4582,1.1107878787878789,-96.19999999999982,📉 MOVING AWAY,False,0,🔒 NO OVERTAKE OPPORTUNITY,0.0,0.0,0.0
509,4582,1.1107878787878789,-96.19999999999982,📉 MOVING AWAY,False,0,🔒 NO OVERTAKE OPPORTUNITY,0.0,0.0,0.0
510,4582,1.1107878787878789,0.0,📉 MOVING AWAY,False,0,🔒 NO OVERTAKE OPPORTUNITY,0.0,0.0,0.0
511,4582,1.1107878787878789,0.0,📉 MOVING AWAY,False,0,🔒 NO OVERTAKE OPPORTUNITY,0.0,0.0,0.0
512,4582,1.1107878787878789,0.0,📉 MOVING AWAY,False,0,🔒 NO OVERTAKE OPPORTUNITY,0.0,0.0,0.0
513,4582,1.1107878787878789,0.0,📉 MOVING AWAY,False,0,🔒 NO OVERTAKE OPPORTUNITY,0.0,0.0,0.0
514,4582,1.1107878787878789,0.0,📉 MOVING AWAY,False,0,🔒 NO OVERTAKE OPPORTUNITY,0.0,0.0,0.0
515,4582,1.1107878787878789,0.0,📉 MOVING AWAY,False,0,🔒 NO OVERTAKE OPPORTUNITY,0.0,0.0,0.0
516,4582,1.1107878787878789,0.0,📉 MOVING AWAY,False,0,🔒 NO OVERTAKE OPPORTUNITY,0.0,0.0,0.0
517,4582,1.1107878787878789,0.0,📉 MOVING AWAY,False,0,🔒 NO OVERTAKE OPPORTUNITY,0.0,0.0,0.0
518,4582,1.1107878787878789,0.0,📉 MOVING AWAY,False,0,🔒 NO OVERTAKE OPPORTUNITY,0.0,0.0,0.0
519,4582,1.1107878787878789,0.0,📉 MOVING AWAY,False,0,🔒 NO OVERTAKE OPPORTUNITY,0.0,0.0,0.0
520,4582,1.1107878787878789,0.0,📉 MOVING AWAY,False,0,🔒 NO OVERTAKE OPPORTUNITY,0.0,0.0,0.0
521,4582,1.1107878787878789,0.0,📉 MOVING AWAY,False,0,🔒 NO OVERTAKE OPPORTUNITY,0.0,0.0,0.0
522,4582,1.1107878787878789,0.0,📉 MOVING AWAY,False,0,🔒 NO OVERTAKE OPPORTUNITY,0.0,0.0,0.0
523,4582,1.1107878787878789,0.0,📉 MOVING AWAY,False,0,🔒 NO OVERTAKE OPPORTUNITY,0.0,0.0,0.0
524,4582,1.1107878787878789,0.0,📉 MOVING AWAY,False,0,🔒 NO OVERTAKE OPPORTUNITY,0.0,0.0,0.0
525,4582,1.1107878787878789,0.0,📉 MOVING AWAY,False,0,🔒 NO OVERTAKE OPPORTUNITY,0.0,0.0,0.0
526,4582,1.1107878787878789,0.0,📉 MOVING AWAY,False,0,🔒 NO OVERTAKE OPPORTUNITY,0.0,0.0,0.0
527,4582,1.1107878787878789,0.0,📉 MOVING AWAY,False,0,🔒 NO OVERTAKE OPPORTUNITY,0.0,0.0,0.0
528,4582,1.1107878787878789,0.0,📉 MOVING AWAY,False,0,🔒 NO OVERTAKE OPPORTUNITY,0.0,0.0,0.0
529,4582,1.1107878787878789,0.0,📉 MOVING AWAY,False,0,🔒 NO OVERTAKE OPPORTUNITY,0.0,0.0,0.0
530,5063,1.134109090909091,96.19999999999982,📈 APPROACHING,True,0,🔒 NO OVERTAKE OPPORTUNITY,0.0,0.0,0.0
531,4582,1.1107878787878789,96.19999999999982,📈 APPROACHING,True,0,🔒 NO OVERTAKE OPPORTUNITY,0.0,0.0,0.0
532,4582,1.1107878787878789,96.19999999999982,📈 APPROACHING,True,0,🔒 NO OVERTAKE OPPORTUNITY,0.0,0.0,0.0
533,5063,1.2273939393939395,96.19999999999982,📈 APPROACHING,True,1,🔒 NO OVERTAKE OPPORTUNITY,0.0,1.3696969696969765,0.0
534,4582,1.1107878787878789,96.19999999999982,📈 APPROACHING,True,1,🔒 NO OVERTAKE OPPORTUNITY,0.0,0.0,0.0
535,5063,1.157430303030303,96.19999999999982,📈 APPROACHING,True,1,🔒 NO OVERTAKE OPPORTUNITY,0.0,0.0,0.0
536,5063,1.2273939393939395,96.19999999999982,📈 APPROACHING,True,2,🔒 NO OVERTAKE OPPORTUNITY,0.0,1.3696969696969765,0.0
537,5063,1.2273939393939395,96.19999999999982,📈 APPROACHING,True,3,🔒 NO OVERTAKE OPPORTUNITY,0.0,1.3696969696969765,0.0
538,5063,1.2273939393939395,96.19999999999982,📈 APPROACHING,True,4,🔒 NO OVERTAKE OPPORTUNITY,0.0,1.3696969696969765,0.0
539,5063,1.2273939393939395,96.19999999999982,📈 APPROACHING,True,5,🔒 NO OVERTAKE OPPORTUNITY,0.0,1.3696969696969765,0.0
540,5568,1.2518787878787878,389.60000000000036,📈 APPROACHING,True,6,🔒 NO OVERTAKE OPPORTUNITY,0.0,2.5939393939393933,0.0
541,5063,1.2273939393939395,389.60000000000036,📈 APPROACHING,True,7,🔒 NO OVERTAKE OPPORTUNITY,0.0,1.3696969696969765,0.0
542,5063,1.2273939393939395,389.60000000000036,📈 APPROACHING,True,8,🔒 NO OVERTAKE OPPORTUNITY,0.0,1.3696969696969765,0.0
543,5063,1.2273939393939395,389.60000000000036,📈 APPROACHING,True,8,🔒 NO OVERTAKE OPPORTUNITY,0.0,1.3696969696969765,0.0
544,5063,1.2273939393939395,389.60000000000036,📈 APPROACHING,True,10,👀 WATCHING FOR OVERTAKE,0.0,1.3696969696969765,0.0
545,5063,1.2273939393939395,-101.0,📉 MOVING AWAY,False,11,👀 WATCHING FOR OVERTAKE,0.0,1.3696969696969765,0.0
546,5063,1.2273939393939395,-101.0,📉 MOVING AWAY,False,11,👀 WATCHING FOR OVERTAKE,0.0,1.3696969696969765,0.0
547,5063,1.2273939393939395,-101.0,📉 MOVING AWAY,False,11,👀 WATCHING FOR OVERTAKE,0.0,1.3696969696969765,0.0
548,5063,1.2273939393939395,-101.0,📉 MOVING AWAY,False,11,👀 WATCHING FOR OVERTAKE,0.0,1.3696969696969765,0.0
549,5063,1.2273939393939395,-101.0,📉 MOVING AWAY,False,11,👀 WATCHING FOR OVERTAKE,0.0,1.3696969696969765,0.0
550,5568,1.2518787878787878,101.0,📈 APPROACHING,True,11,👀 WATCHING FOR OVERTAKE,0.0,2.5939393939393933,0.0
551,5568,1.3498181818181818,101.0,📈 APPROACHING,True,13,👀 WATCHING FOR OVERTAKE,0.0,7.490909090909092,15.15
552,5568,1.3498181818181818,101.0,📈 APPROACHING,True,15,👀 WATCHING FOR OVERTAKE,0.0,7.490909090909092,15.15
553,5568,1.3498181818181818,101.0,📈 APPROACHING,True,17,👀 WATCHING FOR OVERTAKE,0.0,7.490909090909092,15.15
554,5568,1.3498181818181818,101.0,📈 APPROACHING,True,19,👀 WATCHING FOR OVERTAKE,0.0,7.490909090909092,15.15
555,5568,1.3498181818181818,404.0,📈 APPROACHING,True,23,👀 WATCHING FOR OVERTAKE,0.0,7.490909090909092,30.0
556,5568,1.3498181818181818,404.0,📈 APPROACHING,True,26,📉 LOW OVERTAKE CHANCE,0.0,7.490909090909092,30.0
557,5568,1.3498181818181818,404.0,📈 APPROACHING,True,30,📉 LOW OVERTAKE CHANCE,0.0,7.490909090909092,30.0
558,5568,1.3498181818181818,404.0,📈 APPROACHING,True,33,📉 LOW OVERTAKE CHANCE,0.0,7.490909090909092,30.0
559,5568,1.3498181818181818,404.0,📈 APPROACHING,True,37,📉 LOW OVERTAKE CHANCE,0.0,7.490909090909092,30.0
560,5568,1.3498181818181818,0.0,📉 MOVING AWAY,False,38,📉 LOW OVERTAKE CHANCE,0.0,7.490909090909092,0.0
561,5568,1.3498181818181818,0.0,📉 MOVING AWAY,False,36,📉 LOW OVERTAKE CHANCE,0.0,7.490909090909092,0.0
562,5568,1.3498181818181818,0.0,📉 MOVING AWAY,False,35,📉 LOW OVERTAKE CHANCE,0.0,7.490909090909092,0.0
563,5568,1.3498181818181818,0.0,📉 MOVING AWAY,False,33,📉 LOW OVERTAKE CHANCE,0.0,7.490909090909092,0.0
564,5568,1.3498181818181818,0.0,📉 MOVING AWAY,False,32,📉 LOW OVERTAKE CHANCE,0.0,7.490909090909092,0.0
565,5568,1.3498181818181818,0.0,📉 MOVING AWAY,False,29,📉 LOW OVERTAKE CHANCE,0.0,7.490909090909092,0.0
566,5568,1.3498181818181818,0.0,📉 MOVING AWAY,False,26,📉 LOW OVERTAKE CHANCE,0.0,7.490909090909092,0.0
567,5568,1.3498181818181818,0.0,📉 MOVING AWAY,False,23,👀 WATCHING FOR OVERTAKE,0.0,7.490909090909092,0.0
568,5568,1.3498181818181818,0.0,📉 MOVING AWAY,False,20,👀 WATCHING FOR OVERTAKE,0.0,7.490909090909092,0.0
569,5568,1.3498181818181818,0.0,📉 MOVING AWAY,False,17,👀 WATCHING FOR OVERTAKE,0.0,7.490909090909092,0.0
570,5568,1.3498181818181818,0.0,📉 MOVING AWAY,False,17,👀 WATCHING FOR OVERTAKE,0.0,7.490909090909092,0.0
571,5568,1.3498181818181818,0.0,📉 MOVING AWAY,False,17,👀 WATCHING FOR OVERTAKE,0.0,7.490909090909092,0.0
572,6097,1.478060606060606,0.0,📉 MOVING AWAY,False,17,👀 WATCHING FOR OVERTAKE,0.0,13.903030303030306,0.0
573,5568,1.3498181818181818,0.0,📉 MOVING AWAY,False,17,👀 WATCHING FOR OVERTAKE,0.0,7.490909090909092,0.0
574,6097,1.478060606060606,0.0,📉 MOVING AWAY,False,18,👀 WATCHING FOR OVERTAKE,0.0,13.903030303030306,0.0
575,6097,1.4267636363636362,317.39999999999964,📈 APPROACHING,True,21,👀 WATCHING FOR OVERTAKE,0.0,11.338181818181814,30.0
576,6097,1.478060606060606,317.39999999999964,📈 APPROACHING,True,25,📉 LOW OVERTAKE CHANCE,0.0,13.903030303030306,30.0
577,6097,1.478060606060606,317.39999999999964,📈 APPROACHING,True,28,📉 LOW OVERTAKE CHANCE,0.0,13.903030303030306,30.0
578,5568,1.3498181818181818,317.39999999999964,📈 APPROACHING,True,31,📉 LOW OVERTAKE CHANCE,0.0,7.490909090909092,30.0
579,5568,1.3498181818181818,317.39999999999964,📈 APPROACHING,True,34,📉 LOW OVERTAKE CHANCE,0.0,7.490909090909092,30.0
580,5568,1.4011151515151516,-105.79999999999927,📉 MOVING AWAY,False,35,📉 LOW OVERTAKE CHANCE,0.0,10.055757575757585,0.0
581,5568,1.3498181818181818,-105.79999999999927,📉 MOVING AWAY,False,35,📉 LOW OVERTAKE CHANCE,0.0,7.490909090909092,0.0
582,5568,1.3498181818181818,-105.79999999999927,📉 MOVING AWAY,False,34,📉 LOW OVERTAKE CHANCE,0.0,7.490909090909092,0.0
583,5568,1.3498181818181818,-105.79999999999927,📉 MOVING AWAY,False,34,📉 LOW OVERTAKE CHANCE,0.0,7.490909090909092,0.0
584,5568,1.3498181818181818,-105.79999999999927,📉 MOVING AWAY,False,33,📉 LOW OVERTAKE CHANCE,0.0,7.490909090909092,0.0
585,5568,1.3498181818181818,-211.60000000000036,📉 MOVING AWAY,False,30,📉 LOW OVERTAKE CHANCE,0.0,7.490909090909092,0.0
586,5568,1.3498181818181818,-211.60000000000036,📉 MOVING AWAY,False,26,📉 LOW OVERTAKE CHANCE,0.0,7.490909090909092,0.0
587,5568,1.3498181818181818,-211.60000000000036,📉 MOVING AWAY,False,23,👀 WATCHING FOR OVERTAKE,0.0,7.490909090909092,0.0
588,5568,1.3498181818181818,-211.60000000000036,📉 MOVING AWAY,False,20,👀 WATCHING FOR OVERTAKE,0.0,7.490909090909092,0.0
589,5568,1.3498181818181818,-211.60000000000036,📉 MOVING AWAY,False,17,👀 WATCHING FOR OVERTAKE,0.0,7.490909090909092,0.0
590,5568,1.3498181818181818,0.0,📉 MOVING AWAY,False,17,👀 WATCHING FOR OVERTAKE,0.0,7.490909090909092,0.0
591,5568,1.3498181818181818,0.0,📉 MOVING AWAY,False,17,👀 WATCHING FOR OVERTAKE,0.0,7.490909090909092,0.0
592,5568,1.3498181818181818,0.0,📉 MOVING AWAY,False,17,👀 WATCHING FOR OVERTAKE,0.0,7.490909090909092,0.0
593,5568,1.3498181818181818,0.0,📉 MOVING AWAY,False,17,👀 WATCHING FOR OVERTAKE,0.0,7.490909090909092,0.0
594,5568,1.3498181818181818,0.0,📉 MOVING AWAY,False,17,👀 WATCHING FOR OVERTAKE,0.0,7.490909090909092,0.0
595,5568,1.3498181818181818,0.0,📉 MOVING AWAY,False,17,👀 WATCHING FOR OVERTAKE,0.0,7.490909090909092,0.0
596,5568,1.3498181818181818,0.0,📉 MOVING AWAY,False,17,👀 WATCHING FOR OVERTAKE,0.0,7.490909090909092,0.0
597,5568,1.3498181818181818,0.0,📉 MOVING AWAY,False,17,👀 WATCHING FOR OVERTAKE,0.0,7.490909090909092,0.0
598,5568,1.3498181818181818,0.0,📉 MOVING AWAY,False,17,👀 WATCHING FOR OVERTAKE,0.0,7.490909090909092,0.0
599,5063,1.2273939393939395,0.0,📉 MOVING AWAY,False,16,👀 WATCHING FOR OVERTAKE,0.0,1.3696969696969765,0.0
600,5568,1.3253333333333333,-101.0,📉 MOVING AWAY,False,16,👀 WATCHING FOR OVERTAKE,0.0,6.266666666666666,0.0
601,5568,1.3498181818181818,-101.0,📉 MOVING AWAY,False,16,👀 WATCHING FOR OVERTAKE,0.0,7.490909090909092,0.0
602,5568,1.3498181818181818,-101.0,📉 MOVING AWAY,False,16,👀 WATCHING FOR OVERTAKE,0.0,7.490909090909092,0.0
603,5568,1.3498181818181818,-101.0,📉 MOVING AWAY,False,16,👀 WATCHING FOR OVERTAKE,0.0,7.490909090909092,0.0
604,5568,1.3498181818181818,-101.0,📉 MOVING AWAY,False,16,👀 WATCHING FOR OVERTAKE,0.0,7.490909090909092,0.0
605,5568,1.3498181818181818,101.0,📈 APPROACHING,True,17,👀 WATCHING FOR OVERTAKE,0.0,7.490909090909092,15.15
606,5568,1.3498181818181818,101.0,📈 APPROACHING,True,19,👀 WATCHING FOR OVERTAKE,0.0,7.490909090909092,15.15
607,5568,1.3498181818181818,101.0,📈 APPROACHING,True,20,👀 WATCHING FOR OVERTAKE,0.0,7.490909090909092,15.15
608,5568,1.3498181818181818,101.0,📈 APPROACHING,True,22,👀 WATCHING FOR OVERTAKE,0.0,7.490909090909092,15.15
609,5568,1.3498181818181818,101.0,📈 APPROACHING,True,24,👀 WATCHING FOR OVERTAKE,0.0,7.490909090909092,15.15
610,5568,1.3498181818181818,0.0,📉 MOVING AWAY,False,24,👀 WATCHING FOR OVERTAKE,0.0,7.490909090909092,0.0
611,5568,1.3498181818181818,0.0,📉 MOVING AWAY,False,24,👀 WATCHING FOR OVERTAKE,0.0,7.490909090909092,0.0
612,5568,1.3498181818181818,0.0,📉 MOVING AWAY,False,24,👀 WATCHING FOR OVERTAKE,0.0,7.490909090909092,0.0
613,5568,1.3498181818181818,0.0,📉 MOVING AWAY,False,24,👀 WATCHING FOR OVERTAKE,0.0,7.490909090909092,0.0
614,5568,1.3498181818181818,0.0,📉 MOVING AWAY,False,24,👀 WATCHING FOR OVERTAKE,0.0,7.490909090909092,0.0
615,5568,1.3498181818181818,0.0,📉 MOVING AWAY,False,23,👀 WATCHING FOR OVERTAKE,0.0,7.490909090909092,0.0
616,5568,1.3498181818181818,0.0,📉 MOVING AWAY,False,21,👀 WATCHING FOR OVERTAKE,0.0,7.490909090909092,0.0
617,5568,1.3498181818181818,0.0,📉 MOVING AWAY,False,20,👀 WATCHING FOR OVERTAKE,0.0,7.490909090909092,0.0
618,5568,1.3498181818181818,0.0,📉 MOVING AWAY,False,18,👀 WATCHING FOR OVERTAKE,0.0,7.490909090909092,0.0
619,5568,1.3498181818181818,0.0,📉 MOVING AWAY,False,17,👀 WATCHING FOR OVERTAKE,0.0,7.490909090909092,0.0
620,6097,1.3754666666666666,105.80000000000018,📈 APPROACHING,True,18,👀 WATCHING FOR OVERTAKE,0.0,8.773333333333333,15.870000000000028
621,6097,1.478060606060606,105.80000000000018,📈 APPROACHING,True,20,👀 WATCHING FOR OVERTAKE,0.0,13.903030303030306,15.870000000000028
622,6720,1.6290909090909091,105.80000000000018,📈 APPROACHING,True,22,👀 WATCHING FOR OVERTAKE,0.0,4.303030303030305,15.870000000000028
623,7474,1.8118787878787879,105.80000000000018,📈 APPROACHING,True,24,👀 WATCHING FOR OVERTAKE,0.0,10.395959595959596,15.870000000000028
624,6720,1.6290909090909091,105.80000000000018,📈 APPROACHING,True,25,📉 LOW OVERTAKE CHANCE,0.0,4.303030303030305,15.870000000000028
625,6720,1.6354424242424241,1072.3999999999996,📈 APPROACHING,True,28,📉 LOW OVERTAKE CHANCE,0.0,4.514747474747471,30.0
626,6720,1.6290909090909091,1072.3999999999996,📈 APPROACHING,True,30,📉 LOW OVERTAKE CHANCE,0.0,4.303030303030305,30.0
627,7474,1.8118787878787879,1072.3999999999996,📈 APPROACHING,True,34,📉 LOW OVERTAKE CHANCE,0.0,10.395959595959596,30.0
628,7474,1.8118787878787879,1072.3999999999996,📈 APPROACHING,True,37,📉 LOW OVERTAKE CHANCE,0.0,10.395959595959596,30.0
629,7474,1.8118787878787879,1072.3999999999996,📈 APPROACHING,True,40,📉 LOW OVERTAKE CHANCE,0.0,10.395959595959596,30.0
630,7474,1.775321212121212,577.0,📈 APPROACHING,True,43,📉 LOW OVERTAKE CHANCE,0.0,9.177373737373735,30.0
631,7474,1.8118787878787879,577.0,📈 APPROACHING,True,45,⚡ MEDIUM OVERTAKE CHANCE,0.0,10.395959595959596,30.0
632,7474,1.8118787878787879,577.0,📈 APPROACHING,True,48,⚡ MEDIUM OVERTAKE CHANCE,0.0,10.395959595959596,30.0
633,7474,1.8118787878787879,577.0,📈 APPROACHING,True,50,⚡ MEDIUM OVERTAKE CHANCE,0.0,10.395959595959596,30.0
634,7474,1.8118787878787879,577.0,📈 APPROACHING,True,53,⚡ MEDIUM OVERTAKE CHANCE,0.0,10.395959595959596,30.0
635,7474,1.8118787878787879,150.80000000000018,📈 APPROACHING,True,55,⚡ MEDIUM OVERTAKE CHANCE,2.5,10.395959595959596,30.0
636,7474,1.8118787878787879,150.80000000000018,📈 APPROACHING,True,56,⚡ MEDIUM OVERTAKE CHANCE,2.5,10.395959595959596,30.0
637,7474,1.8118787878787879,150.80000000000018,📈 APPROACHING,True,57,⚡ MEDIUM OVERTAKE CHANCE,2.5,10.395959595959596,30.0
638,7474,1.8118787878787879,150.80000000000018,📈 APPROACHING,True,57,⚡ MEDIUM OVERTAKE CHANCE,2.5,10.395959595959596,30.0
639,7474,1.8118787878787879,150.80000000000018,📈 APPROACHING,True,58,⚡ MEDIUM OVERTAKE CHANCE,2.5,10.395959595959596,30.0
640,7474,1.8118787878787879,0.0,📉 MOVING AWAY,False,54,⚡ MEDIUM OVERTAKE CHANCE,0.0,10.395959595959596,0.0
641,7474,1.8118787878787879,0.0,📉 MOVING AWAY,False,50,⚡ MEDIUM OVERTAKE CHANCE,0.0,10.395959595959596,0.0
642,7474,1.8118787878787879,0.0,📉 MOVING AWAY,False,46,⚡ MEDIUM OVERTAKE CHANCE,0.0,10.395959595959596,0.0
643,7474,1.8118787878787879,0.0,📉 MOVING AWAY,False,42,📉 LOW OVERTAKE CHANCE,0.0,10.395959595959596,0.0
644,7474,1.8118787878787879,0.0,📉 MOVING AWAY,False,38,📉 LOW OVERTAKE CHANCE,0.0,10.395959595959596,0.0
645,7474,1.8118787878787879,0.0,📉 MOVING AWAY,False,34,📉 LOW OVERTAKE CHANCE,0.0,10.395959595959596,0.0
646,7474,1.8118787878787879,0.0,📉 MOVING AWAY,False,31,📉 LOW OVERTAKE CHANCE,0.0,10.395959595959596,0.0
647,7474,1.8118787878787879,0.0,📉 MOVING AWAY,False,27,📉 LOW OVERTAKE CHANCE,0.0,10.395959595959596,0.0
648,7474,1.8118787878787879,0.0,📉 MOVING AWAY,False,23,👀 WATCHING FOR OVERTAKE,0.0,10.395959595959596,0.0
649,7474,1.8118787878787879,0.0,📉 MOVING AWAY,False,20,👀 WATCHING FOR OVERTAKE,0.0,10.395959595959596,0.0
650,7474,1.8118787878787879,0.0,📉 MOVING AWAY,False,20,👀 WATCHING FOR OVERTAKE,0.0,10.395959595959596,0.0
651,7474,1.8118787878787879,0.0,📉 MOVING AWAY,False,20,👀 WATCHING FOR OVERTAKE,0.0,10.395959595959596,0.0
652,7474,1.8118787878787879,0.0,📉 MOVING AWAY,False,20,👀 WATCHING FOR OVERTAKE,0.0,10.395959595959596,0.0
653,7474,1.8118787878787879,0.0,📉 MOVING AWAY,False,20,👀 WATCHING FOR OVERTAKE,0.0,10.395959595959596,0.0
654,7474,1.8118787878787879,0.0,📉 MOVING AWAY,False,20,👀 WATCHING FOR OVERTAKE,0.0,10.395959595959596,0.0
655,7474,1.8118787878787879,0.0,📉 MOVING AWAY,False,20,👀 WATCHING FOR OVERTAKE,0.0,10.395959595959596,0.0
656,7474,1.8118787878787879,0.0,📉 MOVING AWAY,False,20,👀 WATCHING FOR OVERTAKE,0.0,10.395959595959596,0.0
657,7474,1.8118787878787879,0.0,📉 MOVING AWAY,False,20,👀 WATCHING FOR OVERTAKE,0.0,10.395959595959596,0.0
658,7474,1.8118787878787879,0.0,📉 MOVING AWAY,False,20,👀 WATCHING FOR OVERTAKE,0.0,10.395959595959596,0.0
659,7474,1.8118787878787879,0.0,📉 MOVING AWAY,False,20,👀 WATCHING FOR OVERTAKE,0.0,10.395959595959596,0.0
660,7474,1.8118787878787879,0.0,📉 MOVING AWAY,False,20,👀 WATCHING FOR OVERTAKE,0.0,10.395959595959596,0.0
661,7474,1.8118787878787879,0.0,📉 MOVING AWAY,False,20,👀 WATCHING FOR OVERTAKE,0.0,10.395959595959596,0.0
662,6720,1.6290909090909091,0.0,📉 MOVING AWAY,False,19,👀 WATCHING FOR OVERTAKE,0.0,4.303030303030305,0.0
663,6720,1.6290909090909091,0.0,📉 MOVING AWAY,False,19,👀 WATCHING FOR OVERTAKE,0.0,4.303030303030305,0.0
664,6720,1.6290909090909091,0.0,📉 MOVING AWAY,False,18,👀 WATCHING FOR OVERTAKE,0.0,4.303030303030305,0.0
665,6720,1.665648484848485,-603.1999999999998,📉 MOVING AWAY,False,18,👀 WATCHING FOR OVERTAKE,0.0,5.521616161616164,0.0
666,6720,1.6290909090909091,-603.1999999999998,📉 MOVING AWAY,False,17,👀 WATCHING FOR OVERTAKE,0.0,4.303030303030305,0.0
667,6720,1.6290909090909091,-603.1999999999998,📉 MOVING AWAY,False,17,👀 WATCHING FOR OVERTAKE,0.0,4.303030303030305,0.0
668,6720,1.6290909090909091,-603.1999999999998,📉 MOVING AWAY,False,16,👀 WATCHING FOR OVERTAKE,0.0,4.303030303030305,0.0
669,6720,1.6290909090909091,-603.1999999999998,📉 MOVING AWAY,False,16,👀 WATCHING FOR OVERTAKE,0.0,4.303030303030305,0.0
670,6720,1.6290909090909091,-150.80000000000018,📉 MOVING AWAY,False,15,👀 WATCHING FOR OVERTAKE,0.0,4.303030303030305,0.0
671,6097,1.478060606060606,-150.80000000000018,📉 MOVING AWAY,False,15,👀 WATCHING FOR OVERTAKE,0.0,13.903030303030306,0.0
672,6097,1.478060606060606,-150.80000000000018,📉 MOVING AWAY,False,16,👀 WATCHING FOR OVERTAKE,0.0,13.903030303030306,0.0
673,5568,1.3498181818181818,-150.80000000000018,📉 MOVING AWAY,False,16,👀 WATCHING FOR OVERTAKE,0.0,7.490909090909092,0.0
674,6097,1.478060606060606,-150.80000000000018,📉 MOVING AWAY,False,17,👀 WATCHING FOR OVERTAKE,0.0,13.903030303030306,0.0
675,6097,1.4524121212121213,-728.8000000000002,📉 MOVING AWAY,False,18,👀 WATCHING FOR OVERTAKE,0.0,12.620606060606066,0.0
676,6097,1.478060606060606,-728.8000000000002,📉 MOVING AWAY,False,19,👀 WATCHING FOR OVERTAKE,0.0,13.903030303030306,0.0
677,6097,1.478060606060606,-728.8000000000002,📉 MOVING AWAY,False,19,👀 WATCHING FOR OVERTAKE,0.0,13.903030303030306,0.0
678,6097,1.478060606060606,-728.8000000000002,📉 MOVING AWAY,False,20,👀 WATCHING FOR OVERTAKE,0.0,13.903030303030306,0.0
679,6097,1.478060606060606,-728.8000000000002,📉 MOVING AWAY,False,21,👀 WATCHING FOR OVERTAKE,0.0,13.903030303030306,0.0
680,6097,1.478060606060606,105.80000000000018,📈 APPROACHING,True,23,👀 WATCHING FOR OVERTAKE,0.0,13.903030303030306,15.870000000000028
681,6097,1.478060606060606,105.80000000000018,📈 APPROACHING,True,25,📉 LOW OVERTAKE CHANCE,0.0,13.903030303030306,15.870000000000028
682,6097,1.478060606060606,105.80000000000018,📈 APPROACHING,True,27,📉 LOW OVERTAKE CHANCE,0.0,13.903030303030306,15.870000000000028
683,6097,1.478060606060606,105.80000000000018,📈 APPROACHING,True,29,📉 LOW OVERTAKE CHANCE,0.0,13.903030303030306,15.870000000000028
684,6097,1.478060606060606,105.80000000000018,📈 APPROACHING,True,30,📉 LOW OVERTAKE CHANCE,0.0,13.903030303030306,15.870000000000028
685,5568,1.4524121212121213,-105.80000000000018,📉 MOVING AWAY,False,30,📉 LOW OVERTAKE CHANCE,0.0,12.620606060606066,0.0
686,5568,1.3498181818181818,-105.80000000000018,📉 MOVING AWAY,False,30,📉 LOW OVERTAKE CHANCE,0.0,7.490909090909092,0.0
687,5568,1.3498181818181818,-105.80000000000018,📉 MOVING AWAY,False,29,📉 LOW OVERTAKE CHANCE,0.0,7.490909090909092,0.0
688,5568,1.3498181818181818,-105.80000000000018,📉 MOVING AWAY,False,29,📉 LOW OVERTAKE CHANCE,0.0,7.490909090909092,0.0
689,5568,1.3498181818181818,-105.80000000000018,📉 MOVING AWAY,False,28,📉 LOW OVERTAKE CHANCE,0.0,7.490909090909092,0.0
690,5568,1.3498181818181818,-423.1999999999998,📉 MOVING AWAY,False,26,📉 LOW OVERTAKE CHANCE,0.0,7.490909090909092,0.0
691,5568,1.3498181818181818,-423.1999999999998,📉 MOVING AWAY,False,24,👀 WATCHING FOR OVERTAKE,0.0,7.490909090909092,0.0
692,5568,1.3498181818181818,-423.1999999999998,📉 MOVING AWAY,False,21,👀 WATCHING FOR OVERTAKE,0.0,7.490909090909092,0.0
693,5568,1.3498181818181818,-423.1999999999998,📉 MOVING AWAY,False,19,👀 WATCHING FOR OVERTAKE,0.0,7.490909090909092,0.0
694,5063,1.2273939393939395,-423.1999999999998,📉 MOVING AWAY,False,16,👀 WATCHING FOR OVERTAKE,0.0,1.3696969696969765,0.0
695,5063,1.300848484848485,-202.0,📉 MOVING AWAY,False,16,👀 WATCHING FOR OVERTAKE,0.0,5.042424242424248,0.0
696,5063,1.2273939393939395,-202.0,📉 MOVING AWAY,False,15,👀 WATCHING FOR OVERTAKE,0.0,1.3696969696969765,0.0
697,5063,1.2273939393939395,-202.0,📉 MOVING AWAY,False,15,👀 WATCHING FOR OVERTAKE,0.0,1.3696969696969765,0.0
698,5063,1.2273939393939395,-202.0,📉 MOVING AWAY,False,14,👀 WATCHING FOR OVERTAKE,0.0,1.3696969696969765,0.0
699,5063,1.2273939393939395,-202.0,📉 MOVING AWAY,False,13,👀 WATCHING FOR OVERTAKE,0.0,1.3696969696969765,0.0
700,5063,1.2273939393939395,-303.0,📉 MOVING AWAY,False,13,👀 WATCHING FOR OVERTAKE,0.0,1.3696969696969765,0.0
701,5568,1.3498181818181818,-303.0,📉 MOVING AWAY,False,13,👀 WATCHING FOR OVERTAKE,0.0,7.490909090909092,0.0
702,5568,1.3498181818181818,-303.0,📉 MOVING AWAY,False,13,👀 WATCHING FOR OVERTAKE,0.0,7.490909090909092,0.0
703,5568,1.3498181818181818,-303.0,📉 MOVING AWAY,False,13,👀 WATCHING FOR OVERTAKE,0.0,7.490909090909092,0.0
704,5063,1.2273939393939395,-303.0,📉 MOVING AWAY,False,13,👀 WATCHING FOR OVERTAKE,0.0,1.3696969696969765,0.0
705,5063,1.300848484848485,303.0,📈 APPROACHING,True,16,👀 WATCHING FOR OVERTAKE,0.0,5.042424242424248,30.0
706,5063,1.2273939393939395,303.0,📈 APPROACHING,True,16,👀 WATCHING FOR OVERTAKE,0.0,1.3696969696969765,0.0
707,5063,1.2273939393939395,303.0,📈 APPROACHING,True,16,👀 WATCHING FOR OVERTAKE,0.0,1.3696969696969765,0.0
708,4582,1.1107878787878789,303.0,📈 APPROACHING,True,15,👀 WATCHING FOR OVERTAKE,0.0,0.0,0.0
709,4582,1.1107878787878789,303.0,📈 APPROACHING,True,14,👀 WATCHING FOR OVERTAKE,0.0,0.0,0.0
710,4582,1.157430303030303,-591.6000000000004,📉 MOVING AWAY,False,12,👀 WATCHING FOR OVERTAKE,0.0,0.0,0.0
711,4582,1.1107878787878789,-591.6000000000004,📉 MOVING AWAY,False,11,👀 WATCHING FOR OVERTAKE,0.0,0.0,0.0
712,4582,1.1107878787878789,-591.6000000000004,📉 MOVING AWAY,False,9,🔒 NO OVERTAKE OPPORTUNITY,0.0,0.0,0.0
713,4582,1.1107878787878789,-591.6000000000004,📉 MOVING AWAY,False,7,🔒 NO OVERTAKE OPPORTUNITY,0.0,0.0,0.0
714,4582,1.1107878787878789,-591.6000000000004,📉 MOVING AWAY,False,6,🔒 NO OVERTAKE OPPORTUNITY,0.0,0.0,0.0
715,4582,1.1107878787878789,-192.39999999999964,📉 MOVING AWAY,False,2,🔒 NO OVERTAKE OPPORTUNITY,0.0,0.0,0.0
716,4582,1.1107878787878789,-192.39999999999964,📉 MOVING AWAY,False,1,🔒 NO OVERTAKE OPPORTUNITY,0.0,0.0,0.0
717,4582,1.1107878787878789,-192.39999999999964,📉 MOVING AWAY,False,0,🔒 NO OVERTAKE OPPORTUNITY,0.0,0.0,0.0
718,4582,1.1107878787878789,-192.39999999999964,📉 MOVING AWAY,False,0,🔒 NO OVERTAKE OPPORTUNITY,0.0,0.0,0.0
719,4582,1.1107878787878789,-192.39999999999964,📉 MOVING AWAY,False,0,🔒 NO OVERTAKE OPPORTUNITY,0.0,0.0,0.0
720,4125,1.088630303030303,-91.39999999999964,📉 MOVING AWAY,False,0,🔒 NO OVERTAKE OPPORTUNITY,0.0,0.0,0.0
721,4125,1.0,-91.39999999999964,📉 MOVING AWAY,False,0,🔒 NO OVERTAKE OPPORTUNITY,0.0,0.0,0.0
722,4125,1.0,-91.39999999999964,📉 MOVING AWAY,False,0,🔒 NO OVERTAKE OPPORTUNITY,0.0,0.0,0.0
723,4125,1.0,-91.39999999999964,📉 MOVING AWAY,False,0,🔒 NO OVERTAKE OPPORTUNITY,0.0,0.0,0.0
724,4125,1.0,-91.39999999999964,📉 MOVING AWAY,False,0,🔒 NO OVERTAKE OPPORTUNITY,0.0,0.0,0.0
725,4125,1.0,-365.60000000000036,📉 MOVING AWAY,False,0,🔒 NO OVERTAKE OPPORTUNITY,0.0,0.0,0.0
726,4125,1.0,-365.60000000000036,📉 MOVING AWAY,False,0,🔒 NO OVERTAKE OPPORTUNITY,0.0,0.0,0.0
727,4125,1.0,-365.60000000000036,📉 MOVING AWAY,False,0,🔒 NO OVERTAKE OPPORTUNITY,0.0,0.0,0.0
728,4125,1.0,-365.60000000000036,📉 MOVING AWAY,False,0,🔒 NO OVERTAKE OPPORTUNITY,0.0,0.0,0.0
729,4125,1.0,-365.60000000000036,📉 MOVING AWAY,False,0,🔒 NO OVERTAKE OPPORTUNITY,0.0,0.0,0.0
730,4125,1.0,0.0,📉 MOVING AWAY,False,0,🔒 NO OVERTAKE OPPORTUNITY,0.0,0.0,0.0
731,3692,0.8950303030303031,0.0,📉 MOVING AWAY,False,0,🔒 NO OVERTAKE OPPORTUNITY,0.0,0.0,0.0
732,3692,0.8950303030303031,0.0,📉 MOVING AWAY,False,0,🔒 NO OVERTAKE OPPORTUNITY,0.0,0.0,0.0
733,4125,1.0,0.0,📉 MOVING AWAY,False,0,🔒 NO OVERTAKE OPPORTUNITY,0.0,0.0,0.0
734,3692,0.8950303030303031,0.0,📉 MOVING AWAY,False,0,🔒 NO OVERTAKE OPPORTUNITY,0.0,0.0,0.0
735,3692,0.9160242424242424,-346.4000000000001,📉 MOVING AWAY,False,0,🔒 NO OVERTAKE OPPORTUNITY,0.0,0.0,0.0
736,4125,1.0,-346.4000000000001,📉 MOVING AWAY,False,0,🔒 NO OVERTAKE OPPORTUNITY,0.0,0.0,0.0
737,3692,0.8950303030303031,-346.4000000000001,📉 MOVING AWAY,False,0,🔒 NO OVERTAKE OPPORTUNITY,0.0,0.0,0.0
738,4125,1.0,-346.4000000000001,📉 MOVING AWAY,False,0,🔒 NO OVERTAKE OPPORTUNITY,0.0,0.0,0.0
739,3692,0.8950303030303031,-346.4000000000001,📉 MOVING AWAY,False,0,🔒 NO OVERTAKE OPPORTUNITY,0.0,0.0,0.0
740,3692,0.9370181818181818,86.59999999999991,📈 APPROACHING,True,0,🔒 NO OVERTAKE OPPORTUNITY,0.0,0.0,0.0
741,3692,0.8950303030303031,86.59999999999991,📈 APPROACHING,True,0,🔒 NO OVERTAKE OPPORTUNITY,0.0,0.0,0.0
742,4125,1.0,86.59999999999991,📈 APPROACHING,True,0,🔒 NO OVERTAKE OPPORTUNITY,0.0,0.0,0.0
743,3692,0.8950303030303031,86.59999999999991,📈 APPROACHING,True,0,🔒 NO OVERTAKE OPPORTUNITY,0.0,0.0,0.0
744,3692,0.8950303030303031,86.59999999999991,📈 APPROACHING,True,0,🔒 NO OVERTAKE OPPORTUNITY,0.0,0.0,0.0
745,4125,0.9370181818181818,0.0,📉 MOVING AWAY,False,0,🔒 NO OVERTAKE OPPORTUNITY,0.0,0.0,0.0
746,3400,0.8242424242424242,0.0,📉 MOVING AWAY,False,0,🔒 NO OVERTAKE OPPORTUNITY,0.0,0.0,0.0
747,3400,0.8242424242424242,0.0,📉 MOVING AWAY,False,0,🔒 NO OVERTAKE OPPORTUNITY,0.0,0.0,0.0
748,3692,0.8950303030303031,0.0,📉 MOVING AWAY,False,0,🔒 NO OVERTAKE OPPORTUNITY,0.0,0.0,0.0
749,3692,0.8950303030303031,0.0,📉 MOVING AWAY,False,0,🔒 NO OVERTAKE OPPORTUNITY,0.0,0.0,0.0
750,3692,0.8667151515151514,-290.0,📉 MOVING AWAY,False,0,🔒 NO OVERTAKE OPPORTUNITY,0.0,0.0,0.0
751,3400,0.8242424242424242,-290.0,📉 MOVING AWAY,False,0,🔒 NO OVERTAKE OPPORTUNITY,0.0,0.0,0.0
752,3400,0.8242424242424242,-290.0,📉 MOVING AWAY,False,0,🔒 NO OVERTAKE OPPORTUNITY,0.0,0.0,0.0
753,3400,0.8242424242424242,-290.0,📉 MOVING AWAY,False,0,🔒 NO OVERTAKE OPPORTUNITY,0.0,0.0,0.0
754,3400,0.8242424242424242,-290.0,📉 MOVING AWAY,False,0,🔒 NO OVERTAKE OPPORTUNITY,0.0,0.0,0.0
755,3400,0.8242424242424242,-175.19999999999982,📉 MOVING AWAY,False,0,🔒 NO OVERTAKE OPPORTUNITY,0.0,0.0,0.0
756,3400,0.8242424242424242,-175.19999999999982,📉 MOVING AWAY,False,0,🔒 NO OVERTAKE OPPORTUNITY,0.0,0.0,0.0
757,3400,0.8242424242424242,-175.19999999999982,📉 MOVING AWAY,False,0,🔒 NO OVERTAKE OPPORTUNITY,0.0,0.0,0.0
758,3400,0.8242424242424242,-175.19999999999982,📉 MOVING AWAY,False,0,🔒 NO OVERTAKE OPPORTUNITY,0.0,0.0,0.0
759,3400,0.8242424242424242,-175.19999999999982,📉 MOVING AWAY,False,0,🔒 NO OVERTAKE OPPORTUNITY,0.0,0.0,0.0
760,3120,0.8106666666666666,-56.0,📉 MOVING AWAY,False,0,🔒 NO OVERTAKE OPPORTUNITY,0.0,0.0,0.0
761,3120,0.7563636363636363,-56.0,📉 MOVING AWAY,False,0,🔒 NO OVERTAKE OPPORTUNITY,0.0,0.0,0.0
762,3120,0.7563636363636363,-56.0,📉 MOVING AWAY,False,0,🔒 NO OVERTAKE OPPORTUNITY,0.0,0.0,0.0
763,3120,0.7563636363636363,-56.0,📉 MOVING AWAY,False,0,🔒 NO OVERTAKE OPPORTUNITY,0.0,0.0,0.0
764,3120,0.7563636363636363,-56.0,📉 MOVING AWAY,False,0,🔒 NO OVERTAKE OPPORTUNITY,0.0,0.0,0.0
765,3400,0.7699393939393939,-168.0,📉 MOVING AWAY,False,0,🔒 NO OVERTAKE OPPORTUNITY,0.0,0.0,0.0
766,3120,0.7563636363636363,-168.0,📉 MOVING AWAY,False,0,🔒 NO OVERTAKE OPPORTUNITY,0.0,0.0,0.0
767,3120,0.7563636363636363,-168.0,📉 MOVING AWAY,False,0,🔒 NO OVERTAKE OPPORTUNITY,0.0,0.0,0.0
768,3400,0.8242424242424242,-168.0,📉 MOVING AWAY,False,0,🔒 NO OVERTAKE OPPORTUNITY,0.0,0.0,0.0
769,3120,0.7563636363636363,-168.0,📉 MOVING AWAY,False,0,🔒 NO OVERTAKE OPPORTUNITY,0.0,0.0,0.0
770,3400,0.7835151515151515,56.0,📈 APPROACHING,True,0,🔒 NO OVERTAKE OPPORTUNITY,0.0,0.0,0.0
771,3120,0.7563636363636363,56.0,📈 APPROACHING,True,0,🔒 NO OVERTAKE OPPORTUNITY,0.0,0.0,0.0
772,3120,0.7563636363636363,56.0,📈 APPROACHING,True,0,🔒 NO OVERTAKE OPPORTUNITY,0.0,0.0,0.0
773,3120,0.7563636363636363,56.0,📈 APPROACHING,True,0,🔒 NO OVERTAKE OPPORTUNITY,0.0,0.0,0.0
774,3120,0.7563636363636363,56.0,📈 APPROACHING,True,0,🔒 NO OVERTAKE OPPORTUNITY,0.0,0.0,0.0
775,3120,0.7563636363636363,-112.0,📉 MOVING AWAY,False,0,🔒 NO OVERTAKE OPPORTUNITY,0.0,0.0,0.0
776,3120,0.7563636363636363,-112.0,📉 MOVING AWAY,False,0,🔒 NO OVERTAKE OPPORTUNITY,0.0,0.0,0.0
777,3120,0.7563636363636363,-112.0,📉 MOVING AWAY,False,0,🔒 NO OVERTAKE OPPORTUNITY,0.0,0.0,0.0
778,3120,0.7563636363636363,-112.0,📉 MOVING AWAY,False,0,🔒 NO OVERTAKE OPPORTUNITY,0.0,0.0,0.0
779,2790,0.6763636363636364,-112.0,📉 MOVING AWAY,False,0,🔒 NO OVERTAKE OPPORTUNITY,0.0,0.0,0.0
780,2790,0.7243636363636363,-132.0,📉 MOVING AWAY,False,0,🔒 NO OVERTAKE OPPORTUNITY,0.0,0.0,0.0
781,2537,0.615030303030303,-132.0,📉 MOVING AWAY,False,0,🔒 NO OVERTAKE OPPORTUNITY,0.0,0.0,0.0
782,2790,0.6763636363636364,-132.0,📉 MOVING AWAY,False,0,🔒 NO OVERTAKE OPPORTUNITY,0.0,0.0,0.0
783,2537,0.615030303030303,-132.0,📉 MOVING AWAY,False,0,🔒 NO OVERTAKE OPPORTUNITY,0.0,0.0,0.0
784,2537,0.615030303030303,-132.0,📉 MOVING AWAY,False,0,🔒 NO OVERTAKE OPPORTUNITY,0.0,0.0,0.0
785,2537,0.6272969696969697,-400.4000000000001,📉 MOVING AWAY,False,0,🔒 NO OVERTAKE OPPORTUNITY,0.0,0.0,0.0
786,2537,0.615030303030303,-400.4000000000001,📉 MOVING AWAY,False,0,🔒 NO OVERTAKE OPPORTUNITY,0.0,0.0,0.0
787,2537,0.615030303030303,-400.4000000000001,📉 MOVING AWAY,False,0,🔒 NO OVERTAKE OPPORTUNITY,0.0,0.0,0.0
788,2537,0.615030303030303,-400.4000000000001,📉 MOVING AWAY,False,0,🔒 NO OVERTAKE OPPORTUNITY,0.0,0.0,0.0
789,2537,0.615030303030303,-400.4000000000001,📉 MOVING AWAY,False,0,🔒 NO OVERTAKE OPPORTUNITY,0.0,0.0,0.0
790,2537,0.615030303030303,-50.59999999999991,📉 MOVING AWAY,False,0,🔒 NO OVERTAKE OPPORTUNITY,0.0,0.0,0.0
791,2537,0.615030303030303,-50.59999999999991,📉 MOVING AWAY,False,0,🔒 NO OVERTAKE OPPORTUNITY,0.0,0.0,0.0
792,2790,0.6763636363636364,-50.59999999999991,📉 MOVING AWAY,False,0,🔒 NO OVERTAKE OPPORTUNITY,0.0,0.0,0.0
793,2296,0.5566060606060607,-50.59999999999991,📉 MOVING AWAY,False,0,🔒 NO OVERTAKE OPPORTUNITY,0.0,0.0,0.0
794,2296,0.5566060606060607,-50.59999999999991,📉 MOVING AWAY,False,0,🔒 NO OVERTAKE OPPORTUNITY,0.0,0.0,0.0
795,2537,0.6039272727272726,-45.80000000000018,📉 MOVING AWAY,False,0,🔒 NO OVERTAKE OPPORTUNITY,0.0,0.0,0.0
796,2537,0.615030303030303,-45.80000000000018,📉 MOVING AWAY,False,0,🔒 NO OVERTAKE OPPORTUNITY,0.0,0.0,0.0
797,2790,0.6763636363636364,-45.80000000000018,📉 MOVING AWAY,False,0,🔒 NO OVERTAKE OPPORTUNITY,0.0,0.0,0.0
798,2296,0.5566060606060607,-45.80000000000018,📉 MOVING AWAY,False,0,🔒 NO OVERTAKE OPPORTUNITY,0.0,0.0,0.0
799,2296,0.5566060606060607,-45.80000000000018,📉 MOVING AWAY,False,0,🔒 NO OVERTAKE OPPORTUNITY,0.0,0.0,0.0
800,2296,0.5922424242424242,-48.19999999999982,📉 MOVING AWAY,False,0,🔒 NO OVERTAKE OPPORTUNITY,0.0,0.0,0.0
801,2296,0.5566060606060607,-48.19999999999982,📉 MOVING AWAY,False,0,🔒 NO OVERTAKE OPPORTUNITY,0.0,0.0,0.0
802,2296,0.5566060606060607,-48.19999999999982,📉 MOVING AWAY,False,0,🔒 NO OVERTAKE OPPORTUNITY,0.0,0.0,0.0
803,2296,0.5566060606060607,-48.19999999999982,📉 MOVING AWAY,False,0,🔒 NO OVERTAKE OPPORTUNITY,0.0,0.0,0.0
804,2296,0.5566060606060607,-48.19999999999982,📉 MOVING AWAY,False,0,🔒 NO OVERTAKE OPPORTUNITY,0.0,0.0,0.0
805,2296,0.5566060606060607,-147.0,📉 MOVING AWAY,False,0,🔒 NO OVERTAKE OPPORTUNITY,0.0,0.0,0.0
806,2296,0.5566060606060607,-147.0,📉 MOVING AWAY,False,0,🔒 NO OVERTAKE OPPORTUNITY,0.0,0.0,0.0
807,2067,0.5010909090909091,-147.0,📉 MOVING AWAY,False,0,🔒 NO OVERTAKE OPPORTUNITY,0.0,0.0,0.0
808,2296,0.5566060606060607,-147.0,📉 MOVING AWAY,False,0,🔒 NO OVERTAKE OPPORTUNITY,0.0,0.0,0.0
809,2296,0.5566060606060607,-147.0,📉 MOVING AWAY,False,0,🔒 NO OVERTAKE OPPORTUNITY,0.0,0.0,0.0
810,2296,0.5455030303030303,-45.80000000000018,📉 MOVING AWAY,False,0,🔒 NO OVERTAKE OPPORTUNITY,0.0,0.0,0.0
811,2067,0.5010909090909091,-45.80000000000018,📉 MOVING AWAY,False,0,🔒 NO OVERTAKE OPPORTUNITY,0.0,0.0,0.0
812,2296,0.5566060606060607,-45.80000000000018,📉 MOVING AWAY,False,0,🔒 NO OVERTAKE OPPORTUNITY,0.0,0.0,0.0
813,2296,0.5566060606060607,-45.80000000000018,📉 MOVING AWAY,False,0,🔒 NO OVERTAKE OPPORTUNITY,0.0,0.0,0.0
814,2296,0.5566060606060607,-45.80000000000018,📉 MOVING AWAY,False,0,🔒 NO OVERTAKE OPPORTUNITY,0.0,0.0,0.0
815,2296,0.5455030303030303,0.0,📉 MOVING AWAY,False,0,🔒 NO OVERTAKE OPPORTUNITY,0.0,0.0,0.0
816,2296,0.5566060606060607,0.0,📉 MOVING AWAY,False,0,🔒 NO OVERTAKE OPPORTUNITY,0.0,0.0,0.0
817,2296,0.5566060606060607,0.0,📉 MOVING AWAY,False,0,🔒 NO OVERTAKE OPPORTUNITY,0.0,0.0,0.0
818,2296,0.5566060606060607,0.0,📉 MOVING AWAY,False,0,🔒 NO OVERTAKE OPPORTUNITY,0.0,0.0,0.0
819,2296,0.5566060606060607,0.0,📉 MOVING AWAY,False,0,🔒 NO OVERTAKE OPPORTUNITY,0.0,0.0,0.0
820,2537,0.5682909090909091,94.0,📈 APPROACHING,True,0,🔒 NO OVERTAKE OPPORTUNITY,0.0,0.0,0.0
821,2296,0.5566060606060607,94.0,📈 APPROACHING,True,0,🔒 NO OVERTAKE OPPORTUNITY,0.0,0.0,0.0
822,2296,0.5566060606060607,94.0,📈 APPROACHING,True,0,🔒 NO OVERTAKE OPPORTUNITY,0.0,0.0,0.0
823,2067,0.5010909090909091,94.0,📈 APPROACHING,True,0,🔒 NO OVERTAKE OPPORTUNITY,0.0,0.0,0.0
824,2296,0.5566060606060607,94.0,📈 APPROACHING,True,0,🔒 NO OVERTAKE OPPORTUNITY,0.0,0.0,0.0
825,2296,0.5455030303030303,-94.0,📉 MOVING AWAY,False,0,🔒 NO OVERTAKE OPPORTUNITY,0.0,0.0,0.0
826,2296,0.5566060606060607,-94.0,📉 MOVING AWAY,False,0,🔒 NO OVERTAKE OPPORTUNITY,0.0,0.0,0.0
827,2296,0.5566060606060607,-94.0,📉 MOVING AWAY,False,0,🔒 NO OVERTAKE OPPORTUNITY,0.0,0.0,0.0
828,2537,0.615030303030303,-94.0,📉 MOVING AWAY,False,0,🔒 NO OVERTAKE OPPORTUNITY,0.0,0.0,0.0
829,2296,0.5566060606060607,-94.0,📉 MOVING AWAY,False,0,🔒 NO OVERTAKE OPPORTUNITY,0.0,0.0,0.0
830,2296,0.5682909090909091,94.0,📈 APPROACHING,True,0,🔒 NO OVERTAKE OPPORTUNITY,0.0,0.0,0.0
831,2296,0.5566060606060607,94.0,📈 APPROACHING,True,0,🔒 NO OVERTAKE OPPORTUNITY,0.0,0.0,0.0
832,2296,0.5566060606060607,94.0,📈 APPROACHING,True,0,🔒 NO OVERTAKE OPPORTUNITY,0.0,0.0,0.0
833,2537,0.615030303030303,94.0,📈 APPROACHING,True,0,🔒 NO OVERTAKE OPPORTUNITY,0.0,0.0,0.0
834,2296,0.5566060606060607,94.0,📈 APPROACHING,True,0,🔒 NO OVERTAKE OPPORTUNITY,0.0,0.0,0.0
835,2296,0.5682909090909091,0.0,📉 MOVING AWAY,False,0,🔒 NO OVERTAKE OPPORTUNITY,0.0,0.0,0.0
836,2296,0.5566060606060607,0.0,📉 MOVING AWAY,False,0,🔒 NO OVERTAKE OPPORTUNITY,0.0,0.0,0.0
837,2296,0.5566060606060607,0.0,📉 MOVING AWAY,False,0,🔒 NO OVERTAKE OPPORTUNITY,0.0,0.0,0.0
838,2296,0.5566060606060607,0.0,📉 MOVING AWAY,False,0,🔒 NO OVERTAKE OPPORTUNITY,0.0,0.0,0.0
839,2296,0.5566060606060607,0.0,📉 MOVING AWAY,False,0,🔒 NO OVERTAKE OPPORTUNITY,0.0,0.0,0.0
840,2296,0.5566060606060607,-48.19999999999982,📉 MOVING AWAY,False,0,🔒 NO OVERTAKE OPPORTUNITY,0.0,0.0,0.0
841,2537,0.615030303030303,-48.19999999999982,📉 MOVING AWAY,False,0,🔒 NO OVERTAKE OPPORTUNITY,0.0,0.0,0.0
842,2296,0.5566060606060607,-48.19999999999982,📉 MOVING AWAY,False,0,🔒 NO OVERTAKE OPPORTUNITY,0.0,0.0,0.0
843,2537,0.615030303030303,-48.19999999999982,📉 MOVING AWAY,False,0,🔒 NO OVERTAKE OPPORTUNITY,0.0,0.0,0.0
844,2537,0.615030303030303,-48.19999999999982,📉 MOVING AWAY,False,0,🔒 NO OVERTAKE OPPORTUNITY,0.0,0.0,0.0
845,2537,0.6033454545454546,192.80000000000018,📈 APPROACHING,True,0,🔒 NO OVERTAKE OPPORTUNITY,0.0,0.0,0.0
846,2296,0.5566060606060607,192.80000000000018,📈 APPROACHING,True,0,🔒 NO OVERTAKE OPPORTUNITY,0.0,0.0,0.0
847,2537,0.615030303030303,192.80000000000018,📈 APPROACHING,True,0,🔒 NO OVERTAKE OPPORTUNITY,0.0,0.0,0.0
848,2296,0.5566060606060607,192.80000000000018,📈 APPROACHING,True,0,🔒 NO OVERTAKE OPPORTUNITY,0.0,0.0,0.0
849,2296,0.5566060606060607,192.80000000000018,📈 APPROACHING,True,0,🔒 NO OVERTAKE OPPORTUNITY,0.0,0.0,0.0
850,2537,0.5799757575757576,-96.40000000000009,📉 MOVING AWAY,False,0,🔒 NO OVERTAKE OPPORTUNITY,0.0,0.0,0.0
851,2537,0.615030303030303,-96.40000000000009,📉 MOVING AWAY,False,0,🔒 NO OVERTAKE OPPORTUNITY,0.0,0.0,0.0
852,2790,0.6763636363636364,-96.40000000000009,📉 MOVING AWAY,False,0,🔒 NO OVERTAKE OPPORTUNITY,0.0,0.0,0.0
853,2790,0.6763636363636364,-96.40000000000009,📉 MOVING AWAY,False,0,🔒 NO OVERTAKE OPPORTUNITY,0.0,0.0,0.0
854,2537,0.615030303030303,-96.40000000000009,📉 MOVING AWAY,False,0,🔒 NO OVERTAKE OPPORTUNITY,0.0,0.0,0.0
855,2537,0.6395636363636363,245.79999999999973,📈 APPROACHING,True,0,🔒 NO OVERTAKE OPPORTUNITY,0.0,0.0,0.0
856,2537,0.615030303030303,245.79999999999973,📈 APPROACHING,True,0,🔒 NO OVERTAKE OPPORTUNITY,0.0,0.0,0.0
857,2537,0.615030303030303,245.79999999999973,📈 APPROACHING,True,0,🔒 NO OVERTAKE OPPORTUNITY,0.0,0.0,0.0
858,2537,0.615030303030303,245.79999999999973,📈 APPROACHING,True,0,🔒 NO OVERTAKE OPPORTUNITY,0.0,0.0,0.0
859,2790,0.6763636363636364,245.79999999999973,📈 APPROACHING,True,0,🔒 NO OVERTAKE OPPORTUNITY,0.0,0.0,0.0
860,2790,0.6395636363636363,0.0,📉 MOVING AWAY,False,0,🔒 NO OVERTAKE OPPORTUNITY,0.0,0.0,0.0
861,2537,0.615030303030303,0.0,📉 MOVING AWAY,False,0,🔒 NO OVERTAKE OPPORTUNITY,0.0,0.0,0.0
862,2537,0.615030303030303,0.0,📉 MOVING AWAY,False,0,🔒 NO OVERTAKE OPPORTUNITY,0.0,0.0,0.0
863,2537,0.615030303030303,0.0,📉 MOVING AWAY,False,0,🔒 NO OVERTAKE OPPORTUNITY,0.0,0.0,0.0
864,2790,0.6763636363636364,0.0,📉 MOVING AWAY,False,0,🔒 NO OVERTAKE OPPORTUNITY,0.0,0.0,0.0
865,2790,0.6395636363636363,0.0,📉 MOVING AWAY,False,0,🔒 NO OVERTAKE OPPORTUNITY,0.0,0.0,0.0
866,2790,0.6763636363636364,0.0,📉 MOVING AWAY,False,0,🔒 NO OVERTAKE OPPORTUNITY,0.0,0.0,0.0
867,2790,0.6763636363636364,0.0,📉 MOVING AWAY,False,0,🔒 NO OVERTAKE OPPORTUNITY,0.0,0.0,0.0
868,2790,0.6763636363636364,0.0,📉 MOVING AWAY,False,0,🔒 NO OVERTAKE OPPORTUNITY,0.0,0.0,0.0
869,3120,0.7563636363636363,0.0,📉 MOVING AWAY,False,0,🔒 NO OVERTAKE OPPORTUNITY,0.0,0.0,0.0
870,3120,0.7083636363636364,283.8000000000002,📈 APPROACHING,True,0,🔒 NO OVERTAKE OPPORTUNITY,0.0,0.0,0.0
871,3120,0.7563636363636363,283.8000000000002,📈 APPROACHING,True,0,🔒 NO OVERTAKE OPPORTUNITY,0.0,0.0,0.0
872,3400,0.8242424242424242,283.8000000000002,📈 APPROACHING,True,0,🔒 NO OVERTAKE OPPORTUNITY,0.0,0.0,0.0
873,3120,0.7563636363636363,283.8000000000002,📈 APPROACHING,True,0,🔒 NO OVERTAKE OPPORTUNITY,0.0,0.0,0.0
874,2790,0.6763636363636364,283.8000000000002,📈 APPROACHING,True,0,🔒 NO OVERTAKE OPPORTUNITY,0.0,0.0,0.0
875,3120,0.7539393939393939,188.0,📈 APPROACHING,True,0,🔒 NO OVERTAKE OPPORTUNITY,0.0,0.0,0.0
876,3120,0.7563636363636363,188.0,📈 APPROACHING,True,0,🔒 NO OVERTAKE OPPORTUNITY,0.0,0.0,0.0
877,2790,0.6763636363636364,188.0,📈 APPROACHING,True,0,🔒 NO OVERTAKE OPPORTUNITY,0.0,0.0,0.0
878,3120,0.7563636363636363,188.0,📈 APPROACHING,True,0,🔒 NO OVERTAKE OPPORTUNITY,0.0,0.0,0.0
879,2790,0.6763636363636364,188.0,📈 APPROACHING,True,0,🔒 NO OVERTAKE OPPORTUNITY,0.0,0.0,0.0
880,2790,0.7083636363636364,-188.0,📉 MOVING AWAY,False,0,🔒 NO OVERTAKE OPPORTUNITY,0.0,0.0,0.0
881,2790,0.6763636363636364,-188.0,📉 MOVING AWAY,False,0,🔒 NO OVERTAKE OPPORTUNITY,0.0,0.0,0.0
882,2537,0.615030303030303,-188.0,📉 MOVING AWAY,False,0,🔒 NO OVERTAKE OPPORTUNITY,0.0,0.0,0.0
883,3120,0.7563636363636363,-188.0,📉 MOVING AWAY,False,0,🔒 NO OVERTAKE OPPORTUNITY,0.0,0.0,0.0
884,3120,0.7563636363636363,-188.0,📉 MOVING AWAY,False,0,🔒 NO OVERTAKE OPPORTUNITY,0.0,0.0,0.0
885,3120,0.7120969696969697,15.400000000000091,📈 APPROACHING,True,0,🔒 NO OVERTAKE OPPORTUNITY,0.0,0.0,0.0
886,3120,0.7563636363636363,15.400000000000091,📈 APPROACHING,True,0,🔒 NO OVERTAKE OPPORTUNITY,0.0,0.0,0.0
887,3120,0.7563636363636363,15.400000000000091,📈 APPROACHING,True,0,🔒 NO OVERTAKE OPPORTUNITY,0.0,0.0,0.0
888,3120,0.7563636363636363,15.400000000000091,📈 APPROACHING,True,0,🔒 NO OVERTAKE OPPORTUNITY,0.0,0.0,0.0
889,3400,0.8242424242424242,15.400000000000091,📈 APPROACHING,True,0,🔒 NO OVERTAKE OPPORTUNITY,0.0,0.0,0.0
890,3120,0.7699393939393939,238.5999999999999,📈 APPROACHING,True,0,🔒 NO OVERTAKE OPPORTUNITY,0.0,0.0,0.0
891,2790,0.6763636363636364,238.5999999999999,📈 APPROACHING,True,0,🔒 NO OVERTAKE OPPORTUNITY,0.0,0.0,0.0
892,3120,0.7563636363636363,238.5999999999999,📈 APPROACHING,True,0,🔒 NO OVERTAKE OPPORTUNITY,0.0,0.0,0.0
893,2790,0.6763636363636364,238.5999999999999,📈 APPROACHING,True,0,🔒 NO OVERTAKE OPPORTUNITY,0.0,0.0,0.0
894,2790,0.6763636363636364,238.5999999999999,📈 APPROACHING,True,0,🔒 NO OVERTAKE OPPORTUNITY,0.0,0.0,0.0
895,2790,0.6923636363636364,-320.0,📉 MOVING AWAY,False,0,🔒 NO OVERTAKE OPPORTUNITY,0.0,0.0,0.0
896,2790,0.6763636363636364,-320.0,📉 MOVING AWAY,False,0,🔒 NO OVERTAKE OPPORTUNITY,0.0,0.0,0.0
897,2790,0.6763636363636364,-320.0,📉 MOVING AWAY,False,0,🔒 NO OVERTAKE OPPORTUNITY,0.0,0.0,0.0
898,2790,0.6763636363636364,-320.0,📉 MOVING AWAY,False,0,🔒 NO OVERTAKE OPPORTUNITY,0.0,0.0,0.0
899,2790,0.6763636363636364,-320.0,📉 MOVING AWAY,False,0,🔒 NO OVERTAKE OPPORTUNITY,0.0,0.0,0.0
900,2790,0.6763636363636364,-66.0,📉 MOVING AWAY,False,0,🔒 NO OVERTAKE OPPORTUNITY,0.0,0.0,0.0
901,3120,0.7563636363636363,-66.0,📉 MOVING AWAY,False,0,🔒 NO OVERTAKE OPPORTUNITY,0.0,0.0,0.0
902,3120,0.7563636363636363,-66.0,📉 MOVING AWAY,False,0,🔒 NO OVERTAKE OPPORTUNITY,0.0,0.0,0.0
903,3120,0.7563636363636363,-66.0,📉 MOVING AWAY,False,0,🔒 NO OVERTAKE OPPORTUNITY,0.0,0.0,0.0
904,3400,0.8242424242424242,-66.0,📉 MOVING AWAY,False,0,🔒 NO OVERTAKE OPPORTUNITY,0.0,0.0,0.0
905,3692,0.7976727272727273,500.4000000000001,📈 APPROACHING,True,0,🔒 NO OVERTAKE OPPORTUNITY,0.0,0.0,0.0
906,3120,0.7563636363636363,500.4000000000001,📈 APPROACHING,True,0,🔒 NO OVERTAKE OPPORTUNITY,0.0,0.0,0.0
907,3400,0.8242424242424242,500.4000000000001,📈 APPROACHING,True,0,🔒 NO OVERTAKE OPPORTUNITY,0.0,0.0,0.0
908,3120,0.7563636363636363,500.4000000000001,📈 APPROACHING,True,0,🔒 NO OVERTAKE OPPORTUNITY,0.0,0.0,0.0
909,3120,0.7563636363636363,500.4000000000001,📈 APPROACHING,True,0,🔒 NO OVERTAKE OPPORTUNITY,0.0,0.0,0.0
910,3120,0.7699393939393939,-114.40000000000009,📉 MOVING AWAY,False,0,🔒 NO OVERTAKE OPPORTUNITY,0.0,0.0,0.0
911,3120,0.7563636363636363,-114.40000000000009,📉 MOVING AWAY,False,0,🔒 NO OVERTAKE OPPORTUNITY,0.0,0.0,0.0
912,3120,0.7563636363636363,-114.40000000000009,📉 MOVING AWAY,False,0,🔒 NO OVERTAKE OPPORTUNITY,0.0,0.0,0.0
913,3120,0.7563636363636363,-114.40000000000009,📉 MOVING AWAY,False,0,🔒 NO OVERTAKE OPPORTUNITY,0.0,0.0,0.0
914,3120,0.7563636363636363,-114.40000000000009,📉 MOVING AWAY,False,0,🔒 NO OVERTAKE OPPORTUNITY,0.0,0.0,0.0
915,3120,0.7563636363636363,-56.0,📉 MOVING AWAY,False,0,🔒 NO OVERTAKE OPPORTUNITY,0.0,0.0,0.0
916,3120,0.7563636363636363,-56.0,📉 MOVING AWAY,False,0,🔒 NO OVERTAKE OPPORTUNITY,0.0,0.0,0.0
917,3120,0.7563636363636363,-56.0,📉 MOVING AWAY,False,0,🔒 NO OVERTAKE OPPORTUNITY,0.0,0.0,0.0
918,3400,0.8242424242424242,-56.0,📉 MOVING AWAY,False,0,🔒 NO OVERTAKE OPPORTUNITY,0.0,0.0,0.0
919,3400,0.8242424242424242,-56.0,📉 MOVING AWAY,False,0,🔒 NO OVERTAKE OPPORTUNITY,0.0,0.0,0.0
920,3400,0.7970909090909091,168.0,📈 APPROACHING,True,0,🔒 NO OVERTAKE OPPORTUNITY,0.0,0.0,0.0
921,3400,0.8242424242424242,168.0,📈 APPROACHING,True,0,🔒 NO OVERTAKE OPPORTUNITY,0.0,0.0,0.0
922,3120,0.7563636363636363,168.0,📈 APPROACHING,True,0,🔒 NO OVERTAKE OPPORTUNITY,0.0,0.0,0.0
923,3400,0.8242424242424242,168.0,📈 APPROACHING,True,0,🔒 NO OVERTAKE OPPORTUNITY,0.0,0.0,0.0
924,3120,0.7563636363636363,168.0,📈 APPROACHING,True,0,🔒 NO OVERTAKE OPPORTUNITY,0.0,0.0,0.0
925,3400,0.7970909090909091,0.0,📉 MOVING AWAY,False,0,🔒 NO OVERTAKE OPPORTUNITY,0.0,0.0,0.0
926,3120,0.7563636363636363,0.0,📉 MOVING AWAY,False,0,🔒 NO OVERTAKE OPPORTUNITY,0.0,0.0,0.0
927,3400,0.8242424242424242,0.0,📉 MOVING AWAY,False,0,🔒 NO OVERTAKE OPPORTUNITY,0.0,0.0,0.0
928,3120,0.7563636363636363,0.0,📉 MOVING AWAY,False,0,🔒 NO OVERTAKE OPPORTUNITY,0.0,0.0,0.0
929,3120,0.7563636363636363,0.0,📉 MOVING AWAY,False,0,🔒 NO OVERTAKE OPPORTUNITY,0.0,0.0,0.0
930,3120,0.7699393939393939,-112.0,📉 MOVING AWAY,False,0,🔒 NO OVERTAKE OPPORTUNITY,0.0,0.0,0.0
931,3120,0.7563636363636363,-112.0,📉 MOVING AWAY,False,0,🔒 NO OVERTAKE OPPORTUNITY,0.0,0.0,0.0
932,3120,0.7563636363636363,-112.0,📉 MOVING AWAY,False,0,🔒 NO OVERTAKE OPPORTUNITY,0.0,0.0,0.0
933,3400,0.8242424242424242,-112.0,📉 MOVING AWAY,False,0,🔒 NO OVERTAKE OPPORTUNITY,0.0,0.0,0.0
934,3120,0.7563636363636363,-112.0,📉 MOVING AWAY,False,0,🔒 NO OVERTAKE OPPORTUNITY,0.0,0.0,0.0
935,3120,0.7699393939393939,0.0,📉 MOVING AWAY,False,0,🔒 NO OVERTAKE OPPORTUNITY,0.0,0.0,0.0
936,3400,0.8242424242424242,0.0,📉 MOVING AWAY,False,0,🔒 NO OVERTAKE OPPORTUNITY,0.0,0.0,0.0
937,3120,0.7563636363636363,0.0,📉 MOVING AWAY,False,0,🔒 NO OVERTAKE OPPORTUNITY,0.0,0.0,0.0
938,3400,0.8242424242424242,0.0,📉 MOVING AWAY,False,0,🔒 NO OVERTAKE OPPORTUNITY,0.0,0.0,0.0
939,3120,0.7563636363636363,0.0,📉 MOVING AWAY,False,0,🔒 NO OVERTAKE OPPORTUNITY,0.0,0.0,0.0
940,3120,0.7835151515151515,56.0,📈 APPROACHING,True,0,🔒 NO OVERTAKE OPPORTUNITY,0.0,0.0,0.0
941,3400,0.8242424242424242,56.0,📈 APPROACHING,True,0,🔒 NO OVERTAKE OPPORTUNITY,0.0,0.0,0.0
942,3120,0.7563636363636363,56.0,📈 APPROACHING,True,0,🔒 NO OVERTAKE OPPORTUNITY,0.0,0.0,0.0
943,3400,0.8242424242424242,56.0,📈 APPROACHING,True,0,🔒 NO OVERTAKE OPPORTUNITY,0.0,0.0,0.0
944,3120,0.7563636363636363,56.0,📈 APPROACHING,True,0,🔒 NO OVERTAKE OPPORTUNITY,0.0,0.0,0.0
945,3120,0.7835151515151515,0.0,📉 MOVING AWAY,False,0,🔒 NO OVERTAKE OPPORTUNITY,0.0,0.0,0.0
946,3120,0.7563636363636363,0.0,📉 MOVING AWAY,False,0,🔒 NO OVERTAKE OPPORTUNITY,0.0,0.0,0.0
947,3120,0.7563636363636363,0.0,📉 MOVING AWAY,False,0,🔒 NO OVERTAKE OPPORTUNITY,0.0,0.0,0.0
948,3400,0.8242424242424242,0.0,📉 MOVING AWAY,False,0,🔒 NO OVERTAKE OPPORTUNITY,0.0,0.0,0.0
949,3400,0.8242424242424242,0.0,📉 MOVING AWAY,False,0,🔒 NO OVERTAKE OPPORTUNITY,0.0,0.0,0.0
950,3400,0.7970909090909091,56.0,📈 APPROACHING,True,0,🔒 NO OVERTAKE OPPORTUNITY,0.0,0.0,0.0
951,3400,0.8242424242424242,56.0,📈 APPROACHING,True,0,🔒 NO OVERTAKE OPPORTUNITY,0.0,0.0,0.0
952,3400,0.8242424242424242,56.0,📈 APPROACHING,True,0,🔒 NO OVERTAKE OPPORTUNITY,0.0,0.0,0.0
953,3400,0.8242424242424242,56.0,📈 APPROACHING,True,0,🔒 NO OVERTAKE OPPORTUNITY,0.0,0.0,0.0
954,3400,0.8242424242424242,56.0,📈 APPROACHING,True,0,🔒 NO OVERTAKE OPPORTUNITY,0.0,0.0,0.0
955,3120,0.8106666666666666,56.0,📈 APPROACHING,True,0,🔒 NO OVERTAKE OPPORTUNITY,0.0,0.0,0.0
956,3400,0.8242424242424242,56.0,📈 APPROACHING,True,0,🔒 NO OVERTAKE OPPORTUNITY,0.0,0.0,0.0
957,3400,0.8242424242424242,56.0,📈 APPROACHING,True,0,🔒 NO OVERTAKE OPPORTUNITY,0.0,0.0,0.0
958,3400,0.8242424242424242,56.0,📈 APPROACHING,True,0,🔒 NO OVERTAKE OPPORTUNITY,0.0,0.0,0.0
959,3120,0.7563636363636363,56.0,📈 APPROACHING,True,0,🔒 NO OVERTAKE OPPORTUNITY,0.0,0.0,0.0
960,3400,0.8106666666666666,0.0,📉 MOVING AWAY,False,0,🔒 NO OVERTAKE OPPORTUNITY,0.0,0.0,0.0
961,3400,0.8242424242424242,0.0,📉 MOVING AWAY,False,0,🔒 NO OVERTAKE OPPORTUNITY,0.0,0.0,0.0
962,3400,0.8242424242424242,0.0,📉 MOVING AWAY,False,0,🔒 NO OVERTAKE OPPORTUNITY,0.0,0.0,0.0
963,3400,0.8242424242424242,0.0,📉 MOVING AWAY,False,0,🔒 NO OVERTAKE OPPORTUNITY,0.0,0.0,0.0
964,3120,0.7563636363636363,0.0,📉 MOVING AWAY,False,0,🔒 NO OVERTAKE OPPORTUNITY,0.0,0.0,0.0
965,3120,0.7970909090909091,-56.0,📉 MOVING AWAY,False,0,🔒 NO OVERTAKE OPPORTUNITY,0.0,0.0,0.0
966,3400,0.8242424242424242,-56.0,📉 MOVING AWAY,False,0,🔒 NO OVERTAKE OPPORTUNITY,0.0,0.0,0.0
967,3400,0.8242424242424242,-56.0,📉 MOVING AWAY,False,0,🔒 NO OVERTAKE OPPORTUNITY,0.0,0.0,0.0
968,3400,0.8242424242424242,-56.0,📉 MOVING AWAY,False,0,🔒 NO OVERTAKE OPPORTUNITY,0.0,0.0,0.0
969,3400,0.8242424242424242,-56.0,📉 MOVING AWAY,False,0,🔒 NO OVERTAKE OPPORTUNITY,0.0,0.0,0.0
970,3400,0.8242424242424242,112.0,📈 APPROACHING,True,0,🔒 NO OVERTAKE OPPORTUNITY,0.0,0.0,0.0
971,3400,0.8242424242424242,112.0,📈 APPROACHING,True,0,🔒 NO OVERTAKE OPPORTUNITY,0.0,0.0,0.0
972,3400,0.8242424242424242,112.0,📈 APPROACHING,True,0,🔒 NO OVERTAKE OPPORTUNITY,0.0,0.0,0.0
973,3400,0.8242424242424242,112.0,📈 APPROACHING,True,0,🔒 NO OVERTAKE OPPORTUNITY,0.0,0.0,0.0
974,3400,0.8242424242424242,112.0,📈 APPROACHING,True,0,🔒 NO OVERTAKE OPPORTUNITY,0.0,0.0,0.0
975,3400,0.8242424242424242,0.0,📉 MOVING AWAY,False,0,🔒 NO OVERTAKE OPPORTUNITY,0.0,0.0,0.0
976,3400,0.8242424242424242,0.0,📉 MOVING AWAY,False,0,🔒 NO OVERTAKE OPPORTUNITY,0.0,0.0,0.0
977,3400,0.8242424242424242,0.0,📉 MOVING AWAY,False,0,🔒 NO OVERTAKE OPPORTUNITY,0.0,0.0,0.0
978,3120,0.7563636363636363,0.0,📉 MOVING AWAY,False,0,🔒 NO OVERTAKE OPPORTUNITY,0.0,0.0,0.0
979,3400,0.8242424242424242,0.0,📉 MOVING AWAY,False,0,🔒 NO OVERTAKE OPPORTUNITY,0.0,0.0,0.0
980,3120,0.7970909090909091,-112.0,📉 MOVING AWAY,False,0,🔒 NO OVERTAKE OPPORTUNITY,0.0,0.0,0.0
981,3400,0.8242424242424242,-112.0,📉 MOVING AWAY,False,0,🔒 NO OVERTAKE OPPORTUNITY,0.0,0.0,0.0
982,3120,0.7563636363636363,-112.0,📉 MOVING AWAY,False,0,🔒 NO OVERTAKE OPPORTUNITY,0.0,0.0,0.0
983,3400,0.8242424242424242,-112.0,📉 MOVING AWAY,False,0,🔒 NO OVERTAKE OPPORTUNITY,0.0,0.0,0.0
984,3120,0.7563636363636363,-112.0,📉 MOVING AWAY,False,0,🔒 NO OVERTAKE OPPORTUNITY,0.0,0.0,0.0
985,3120,0.7835151515151515,-56.0,📉 MOVING AWAY,False,0,🔒 NO OVERTAKE OPPORTUNITY,0.0,0.0,0.0
986,3400,0.8242424242424242,-56.0,📉 MOVING AWAY,False,0,🔒 NO OVERTAKE OPPORTUNITY,0.0,0.0,0.0
987,3120,0.7563636363636363,-56.0,📉 MOVING AWAY,False,0,🔒 NO OVERTAKE OPPORTUNITY,0.0,0.0,0.0
988,3120,0.7563636363636363,-56.0,📉 MOVING AWAY,False,0,🔒 NO OVERTAKE OPPORTUNITY,0.0,0.0,0.0
989,3120,0.7563636363636363,-56.0,📉 MOVING AWAY,False,0,🔒 NO OVERTAKE OPPORTUNITY,0.0,0.0,0.0
990,3120,0.7699393939393939,-56.0,📉 MOVING AWAY,False,0,🔒 NO OVERTAKE OPPORTUNITY,0.0,0.0,0.0
991,3120,0.7563636363636363,-56.0,📉 MOVING AWAY,False,0,🔒 NO OVERTAKE OPPORTUNITY,0.0,0.0,0.0
992,3120,0.7563636363636363,-56.0,📉 MOVING AWAY,False,0,🔒 NO OVERTAKE OPPORTUNITY,0.0,0.0,0.0
993,3400,0.8242424242424242,-56.0,📉 MOVING AWAY,False,0,🔒 NO OVERTAKE OPPORTUNITY,0.0,0.0,0.0
994,3400,0.8242424242424242,-56.0,📉 MOVING AWAY,False,0,🔒 NO OVERTAKE OPPORTUNITY,0.0,0.0,0.0
995,3400,0.7970909090909091,112.0,📈 APPROACHING,True,0,🔒 NO OVERTAKE OPPORTUNITY,0.0,0.0,0.0
996,3120,0.7563636363636363,112.0,📈 APPROACHING,True,0,🔒 NO OVERTAKE OPPORTUNITY,0.0,0.0,0.0
997,3692,0.8950303030303031,112.0,📈 APPROACHING,True,0,🔒 NO OVERTAKE OPPORTUNITY,0.0,0.0,0.0
998,3400,0.8242424242424242,112.0,📈 APPROACHING,True,0,🔒 NO OVERTAKE OPPORTUNITY,0.0,0.0,0.0
999,4125,1.0,112.0,📈 APPROACHING,True,0,🔒 NO OVERTAKE OPPORTUNITY,0.0,0.0,0.0
1000,3692,0.8741333333333334,317.8000000000002,📈 APPROACHING,True,0,🔒 NO OVERTAKE OPPORTUNITY,0.0,0.0,0.0
1001,3692,0.8950303030303031,317.8000000000002,📈 APPROACHING,True,0,🔒 NO OVERTAKE OPPORTUNITY,0.0,0.0,0.0
1002,4125,1.0,317.8000000000002,📈 APPROACHING,True,0,🔒 NO OVERTAKE OPPORTUNITY,0.0,0.0,0.0
1003,3400,0.8242424242424242,317.8000000000002,📈 APPROACHING,True,0,🔒 NO OVERTAKE OPPORTUNITY,0.0,0.0,0.0
1004,3400,0.8242424242424242,317.8000000000002,📈 APPROACHING,True,0,🔒 NO OVERTAKE OPPORTUNITY,0.0,0.0,0.0
1005,3400,0.8735515151515152,-2.400000000000091,📉 MOVING AWAY,False,0,🔒 NO OVERTAKE OPPORTUNITY,0.0,0.0,0.0
1006,3400,0.8242424242424242,-2.400000000000091,📉 MOVING AWAY,False,0,🔒 NO OVERTAKE OPPORTUNITY,0.0,0.0,0.0
1007,3400,0.8242424242424242,-2.400000000000091,📉 MOVING AWAY,False,0,🔒 NO OVERTAKE OPPORTUNITY,0.0,0.0,0.0
1008,3400,0.8242424242424242,-2.400000000000091,📉 MOVING AWAY,False,0,🔒 NO OVERTAKE OPPORTUNITY,0.0,0.0,0.0
1009,3400,0.8242424242424242,-2.400000000000091,📉 MOVING AWAY,False,0,🔒 NO OVERTAKE OPPORTUNITY,0.0,0.0,0.0
1010,3400,0.8242424242424242,-203.4000000000001,📉 MOVING AWAY,False,0,🔒 NO OVERTAKE OPPORTUNITY,0.0,0.0,0.0
1011,3400,0.8242424242424242,-203.4000000000001,📉 MOVING AWAY,False,0,🔒 NO OVERTAKE OPPORTUNITY,0.0,0.0,0.0
1012,3400,0.8242424242424242,-203.4000000000001,📉 MOVING AWAY,False,0,🔒 NO OVERTAKE OPPORTUNITY,0.0,0.0,0.0
1013,3692,0.8950303030303031,-203.4000000000001,📉 MOVING AWAY,False,0,🔒 NO OVERTAKE OPPORTUNITY,0.0,0.0,0.0
1014,3400,0.8242424242424242,-203.4000000000001,📉 MOVING AWAY,False,0,🔒 NO OVERTAKE OPPORTUNITY,0.0,0.0,0.0
1015,3400,0.8384,58.40000000000009,📈 APPROACHING,True,0,🔒 NO OVERTAKE OPPORTUNITY,0.0,0.0,0.0
1016,4125,1.0,58.40000000000009,📈 APPROACHING,True,0,🔒 NO OVERTAKE OPPORTUNITY,0.0,0.0,0.0
1017,3692,0.8950303030303031,58.40000000000009,📈 APPROACHING,True,0,🔒 NO OVERTAKE OPPORTUNITY,0.0,0.0,0.0
1018,3400,0.8242424242424242,58.40000000000009,📈 APPROACHING,True,0,🔒 NO OVERTAKE OPPORTUNITY,0.0,0.0,0.0
1019,3692,0.8950303030303031,58.40000000000009,📈 APPROACHING,True,0,🔒 NO OVERTAKE OPPORTUNITY,0.0,0.0,0.0
1020,3400,0.887709090909091,203.4000000000001,📈 APPROACHING,True,0,🔒 NO OVERTAKE OPPORTUNITY,0.0,0.0,0.0
1021,3400,0.8242424242424242,203.4000000000001,📈 APPROACHING,True,0,🔒 NO OVERTAKE OPPORTUNITY,0.0,0.0,0.0
1022,3400,0.8242424242424242,203.4000000000001,📈 APPROACHING,True,0,🔒 NO OVERTAKE OPPORTUNITY,0.0,0.0,0.0
1023,3692,0.8950303030303031,203.4000000000001,📈 APPROACHING,True,0,🔒 NO OVERTAKE OPPORTUNITY,0.0,0.0,0.0
1024,3692,0.8950303030303031,203.4000000000001,📈 APPROACHING,True,0,🔒 NO OVERTAKE OPPORTUNITY,0.0,0.0,0.0
1025,3692,0.8667151515151514,-86.60000000000036,📉 MOVING AWAY,False,0,🔒 NO OVERTAKE OPPORTUNITY,0.0,0.0,0.0
1026,4125,1.0,-86.60000000000036,📉 MOVING AWAY,False,0,🔒 NO OVERTAKE OPPORTUNITY,0.0,0.0,0.0
1027,3692,0.8950303030303031,-86.60000000000036,📉 MOVING AWAY,False,0,🔒 NO OVERTAKE OPPORTUNITY,0.0,0.0,0.0
1028,3692,0.8950303030303031,-86.60000000000036,📉 MOVING AWAY,False,0,🔒 NO OVERTAKE OPPORTUNITY,0.0,0.0,0.0
1029,4125,1.0,-86.60000000000036,📉 MOVING AWAY,False,0,🔒 NO OVERTAKE OPPORTUNITY,0.0,0.0,0.0
1030,3692,0.9370181818181818,290.0,📈 APPROACHING,True,0,🔒 NO OVERTAKE OPPORTUNITY,0.0,0.0,0.0
1031,3692,0.8950303030303031,290.0,📈 APPROACHING,True,0,🔒 NO OVERTAKE OPPORTUNITY,0.0,0.0,0.0
1032,3692,0.8950303030303031,290.0,📈 APPROACHING,True,0,🔒 NO OVERTAKE OPPORTUNITY,0.0,0.0,0.0
1033,3692,0.8950303030303031,290.0,📈 APPROACHING,True,0,🔒 NO OVERTAKE OPPORTUNITY,0.0,0.0,0.0
1034,3692,0.8950303030303031,290.0,📈 APPROACHING,True,0,🔒 NO OVERTAKE OPPORTUNITY,0.0,0.0,0.0
1035,3692,0.8950303030303031,-173.19999999999982,📉 MOVING AWAY,False,0,🔒 NO OVERTAKE OPPORTUNITY,0.0,0.0,0.0
1036,3692,0.8950303030303031,-173.19999999999982,📉 MOVING AWAY,False,0,🔒 NO OVERTAKE OPPORTUNITY,0.0,0.0,0.0
1037,4125,1.0,-173.19999999999982,📉 MOVING AWAY,False,0,🔒 NO OVERTAKE OPPORTUNITY,0.0,0.0,0.0
1038,4125,1.0,-173.19999999999982,📉 MOVING AWAY,False,0,🔒 NO OVERTAKE OPPORTUNITY,0.0,0.0,0.0
1039,3692,0.8950303030303031,-173.19999999999982,📉 MOVING AWAY,False,0,🔒 NO OVERTAKE OPPORTUNITY,0.0,0.0,0.0
1040,3692,0.9370181818181818,173.19999999999982,📈 APPROACHING,True,0,🔒 NO OVERTAKE OPPORTUNITY,0.0,0.0,0.0
1041,4125,1.0,173.19999999999982,📈 APPROACHING,True,0,🔒 NO OVERTAKE OPPORTUNITY,0.0,0.0,0.0
1042,4125,1.0,173.19999999999982,📈 APPROACHING,True,0,🔒 NO OVERTAKE OPPORTUNITY,0.0,0.0,0.0
1043,4125,1.0,173.19999999999982,📈 APPROACHING,True,0,🔒 NO OVERTAKE OPPORTUNITY,0.0,0.0,0.0
1044,4125,1.0,173.19999999999982,📈 APPROACHING,True,0,🔒 NO OVERTAKE OPPORTUNITY,0.0,0.0,0.0
1045,4125,1.0,259.8000000000002,📈 APPROACHING,True,0,🔒 NO OVERTAKE OPPORTUNITY,0.0,0.0,0.0
1046,4125,1.0,259.8000000000002,📈 APPROACHING,True,0,🔒 NO OVERTAKE OPPORTUNITY,0.0,0.0,0.0
1047,3692,0.8950303030303031,259.8000000000002,📈 APPROACHING,True,0,🔒 NO OVERTAKE OPPORTUNITY,0.0,0.0,0.0
1048,4125,1.0,259.8000000000002,📈 APPROACHING,True,0,🔒 NO OVERTAKE OPPORTUNITY,0.0,0.0,0.0
1049,4125,1.0,259.8000000000002,📈 APPROACHING,True,0,🔒 NO OVERTAKE OPPORTUNITY,0.0,0.0,0.0
1050,4125,0.9790060606060607,-86.59999999999991,📉 MOVING AWAY,False,0,🔒 NO OVERTAKE OPPORTUNITY,0.0,0.0,0.0
1051,4125,1.0,-86.59999999999991,📉 MOVING AWAY,False,0,🔒 NO OVERTAKE OPPORTUNITY,0.0,0.0,0.0
1052,4582,1.1107878787878789,-86.59999999999991,📉 MOVING AWAY,False,0,🔒 NO OVERTAKE OPPORTUNITY,0.0,0.0,0.0
1053,4125,1.0,-86.59999999999991,📉 MOVING AWAY,False,0,🔒 NO OVERTAKE OPPORTUNITY,0.0,0.0,0.0
1054,4582,1.1107878787878789,-86.59999999999991,📉 MOVING AWAY,False,0,🔒 NO OVERTAKE OPPORTUNITY,0.0,0.0,0.0
1055,4582,1.0664727272727272,360.7999999999997,📈 APPROACHING,True,0,🔒 NO OVERTAKE OPPORTUNITY,0.0,0.0,0.0
1056,4582,1.1107878787878789,360.7999999999997,📈 APPROACHING,True,0,🔒 NO OVERTAKE OPPORTUNITY,0.0,0.0,0.0
1057,4125,1.0,360.7999999999997,📈 APPROACHING,True,0,🔒 NO OVERTAKE OPPORTUNITY,0.0,0.0,0.0
1058,4582,1.1107878787878789,360.7999999999997,📈 APPROACHING,True,0,🔒 NO OVERTAKE OPPORTUNITY,0.0,0.0,0.0
1059,4125,1.0,360.7999999999997,📈 APPROACHING,True,0,🔒 NO OVERTAKE OPPORTUNITY,0.0,0.0,0.0
1060,4582,1.0664727272727272,0.0,📉 MOVING AWAY,False,0,🔒 NO OVERTAKE OPPORTUNITY,0.0,0.0,0.0
1061,4582,1.1107878787878789,0.0,📉 MOVING AWAY,False,0,🔒 NO OVERTAKE OPPORTUNITY,0.0,0.0,0.0
1062,4582,1.1107878787878789,0.0,📉 MOVING AWAY,False,0,🔒 NO OVERTAKE OPPORTUNITY,0.0,0.0,0.0
1063,4582,1.1107878787878789,0.0,📉 MOVING AWAY,False,0,🔒 NO OVERTAKE OPPORTUNITY,0.0,0.0,0.0
1064,4582,1.1107878787878789,0.0,📉 MOVING AWAY,False,0,🔒 NO OVERTAKE OPPORTUNITY,0.0,0.0,0.0
1065,4582,1.1107878787878789,182.80000000000018,📈 APPROACHING,True,0,🔒 NO OVERTAKE OPPORTUNITY,0.0,0.0,0.0
1066,4582,1.1107878787878789,182.80000000000018,📈 APPROACHING,True,0,🔒 NO OVERTAKE OPPORTUNITY,0.0,0.0,0.0
1067,4582,1.1107878787878789,182.80000000000018,📈 APPROACHING,True,0,🔒 NO OVERTAKE OPPORTUNITY,0.0,0.0,0.0
1068,4582,1.1107878787878789,182.80000000000018,📈 APPROACHING,True,0,🔒 NO OVERTAKE OPPORTUNITY,0.0,0.0,0.0
1069,4582,1.1107878787878789,182.80000000000018,📈 APPROACHING,True,0,🔒 NO OVERTAKE OPPORTUNITY,0.0,0.0,0.0
1070,4582,1.1107878787878789,0.0,📉 MOVING AWAY,False,0,🔒 NO OVERTAKE OPPORTUNITY,0.0,0.0,0.0
1071,4582,1.1107878787878789,0.0,📉 MOVING AWAY,False,0,🔒 NO OVERTAKE OPPORTUNITY,0.0,0.0,0.0
1072,5063,1.2273939393939395,0.0,📉 MOVING AWAY,False,1,🔒 NO OVERTAKE OPPORTUNITY,0.0,1.3696969696969765,0.0
1073,4582,1.1107878787878789,0.0,📉 MOVING AWAY,False,1,🔒 NO OVERTAKE OPPORTUNITY,0.0,0.0,0.0
1074,4582,1.1107878787878789,0.0,📉 MOVING AWAY,False,1,🔒 NO OVERTAKE OPPORTUNITY,0.0,0.0,0.0
1075,4582,1.134109090909091,96.19999999999982,📈 APPROACHING,True,1,🔒 NO OVERTAKE OPPORTUNITY,0.0,0.0,0.0
1076,5063,1.2273939393939395,96.19999999999982,📈 APPROACHING,True,2,🔒 NO OVERTAKE OPPORTUNITY,0.0,1.3696969696969765,0.0
1077,5063,1.2273939393939395,96.19999999999982,📈 APPROACHING,True,3,🔒 NO OVERTAKE OPPORTUNITY,0.0,1.3696969696969765,0.0
1078,4582,1.1107878787878789,96.19999999999982,📈 APPROACHING,True,3,🔒 NO OVERTAKE OPPORTUNITY,0.0,0.0,0.0
1079,4582,1.1107878787878789,96.19999999999982,📈 APPROACHING,True,3,🔒 NO OVERTAKE OPPORTUNITY,0.0,0.0,0.0
1080,5063,1.1807515151515153,192.40000000000055,📈 APPROACHING,True,3,🔒 NO OVERTAKE OPPORTUNITY,0.0,0.0,0.0
1081,5063,1.2273939393939395,192.40000000000055,📈 APPROACHING,True,4,🔒 NO OVERTAKE OPPORTUNITY,0.0,1.3696969696969765,0.0
1082,5063,1.2273939393939395,192.40000000000055,📈 APPROACHING,True,4,🔒 NO OVERTAKE OPPORTUNITY,0.0,1.3696969696969765,0.0
1083,5568,1.3498181818181818,192.40000000000055,📈 APPROACHING,True,9,🔒 NO OVERTAKE OPPORTUNITY,0.0,7.490909090909092,28.86000000000008
1084,5568,1.3498181818181818,192.40000000000055,📈 APPROACHING,True,13,👀 WATCHING FOR OVERTAKE,0.0,7.490909090909092,28.86000000000008
1085,5063,1.2763636363636364,394.39999999999964,📈 APPROACHING,True,14,👀 WATCHING FOR OVERTAKE,0.0,3.818181818181821,0.0
1086,5568,1.3498181818181818,394.39999999999964,📈 APPROACHING,True,19,👀 WATCHING FOR OVERTAKE,0.0,7.490909090909092,30.0
1087,5568,1.3498181818181818,394.39999999999964,📈 APPROACHING,True,24,👀 WATCHING FOR OVERTAKE,0.0,7.490909090909092,30.0
1088,6097,1.478060606060606,394.39999999999964,📈 APPROACHING,True,30,📉 LOW OVERTAKE CHANCE,0.0,13.903030303030306,30.0
1089,6097,1.478060606060606,394.39999999999964,📈 APPROACHING,True,36,📉 LOW OVERTAKE CHANCE,0.0,13.903030303030306,30.0
1090,6097,1.4267636363636362,620.3999999999996,📈 APPROACHING,True,42,📉 LOW OVERTAKE CHANCE,2.5,11.338181818181814,30.0
1091,6720,1.6290909090909091,620.3999999999996,📈 APPROACHING,True,46,⚡ MEDIUM OVERTAKE CHANCE,2.5,4.303030303030305,30.0
1092,6720,1.6290909090909091,620.3999999999996,📈 APPROACHING,True,50,⚡ MEDIUM OVERTAKE CHANCE,2.5,4.303030303030305,30.0
1093,6720,1.6290909090909091,620.3999999999996,📈 APPROACHING,True,51,⚡ MEDIUM OVERTAKE CHANCE,2.5,4.303030303030305,30.0
1094,7474,1.8118787878787879,620.3999999999996,📈 APPROACHING,True,52,⚡ MEDIUM OVERTAKE CHANCE,2.5,10.395959595959596,30.0
1095,7474,1.7022060606060607,1136.2000000000007,📈 APPROACHING,True,55,⚡ MEDIUM OVERTAKE CHANCE,5.0,6.740202020202024,30.0
1096,7474,1.8118787878787879,1136.2000000000007,📈 APPROACHING,True,55,⚡ MEDIUM OVERTAKE CHANCE,5.0,10.395959595959596,30.0
1097,7474,1.8118787878787879,1136.2000000000007,📈 APPROACHING,True,55,⚡ MEDIUM OVERTAKE CHANCE,5.0,10.395959595959596,30.0
1098,7474,1.8118787878787879,1136.2000000000007,📈 APPROACHING,True,54,⚡ MEDIUM OVERTAKE CHANCE,5.0,10.395959595959596,30.0
1099,7474,1.8118787878787879,1136.2000000000007,📈 APPROACHING,True,53,⚡ MEDIUM OVERTAKE CHANCE,5.0,10.395959595959596,30.0
1100,7474,1.8118787878787879,452.39999999999964,📈 APPROACHING,True,53,⚡ MEDIUM OVERTAKE CHANCE,7.5,10.395959595959596,30.0
1101,7474,1.8118787878787879,452.39999999999964,📈 APPROACHING,True,53,⚡ MEDIUM OVERTAKE CHANCE,7.5,10.395959595959596,30.0
1102,7474,1.8118787878787879,452.39999999999964,📈 APPROACHING,True,53,⚡ MEDIUM OVERTAKE CHANCE,7.5,10.395959595959596,30.0
1103,7474,1.8118787878787879,452.39999999999964,📈 APPROACHING,True,53,⚡ MEDIUM OVERTAKE CHANCE,7.5,10.395959595959596,30.0
1104,7474,1.8118787878787879,452.39999999999964,📈 APPROACHING,True,53,⚡ MEDIUM OVERTAKE CHANCE,7.5,10.395959595959596,30.0
1105,7474,1.8118787878787879,0.0,📉 MOVING AWAY,False,50,⚡ MEDIUM OVERTAKE CHANCE,0.0,10.395959595959596,0.0
1106,8162,1.9786666666666666,0.0,📉 MOVING AWAY,False,47,⚡ MEDIUM OVERTAKE CHANCE,0.0,15.955555555555554,0.0
1107,8162,1.9786666666666666,0.0,📉 MOVING AWAY,False,44,📉 LOW OVERTAKE CHANCE,0.0,15.955555555555554,0.0
1108,8991,2.1796363636363636,0.0,📉 MOVING AWAY,False,41,📉 LOW OVERTAKE CHANCE,0.0,22.654545454545453,0.0
1109,8162,1.9786666666666666,0.0,📉 MOVING AWAY,False,38,📉 LOW OVERTAKE CHANCE,0.0,15.955555555555554,0.0
1110,8162,2.018860606060606,853.7999999999993,📈 APPROACHING,True,39,📉 LOW OVERTAKE CHANCE,0.0,17.295353535353527,30.0
1111,8162,1.9786666666666666,853.7999999999993,📈 APPROACHING,True,39,📉 LOW OVERTAKE CHANCE,0.0,15.955555555555554,30.0
1112,8162,1.9786666666666666,853.7999999999993,📈 APPROACHING,True,39,📉 LOW OVERTAKE CHANCE,0.0,15.955555555555554,30.0
1113,8991,2.1796363636363636,853.7999999999993,📈 APPROACHING,True,40,📉 LOW OVERTAKE CHANCE,0.0,22.654545454545453,30.0
1114,8991,2.1796363636363636,853.7999999999993,📈 APPROACHING,True,41,📉 LOW OVERTAKE CHANCE,0.0,22.654545454545453,30.0
1115,8991,2.0992484848484847,331.60000000000036,📈 APPROACHING,True,45,⚡ MEDIUM OVERTAKE CHANCE,0.0,19.97494949494949,30.0
1116,8991,2.1796363636363636,331.60000000000036,📈 APPROACHING,True,49,⚡ MEDIUM OVERTAKE CHANCE,0.0,22.654545454545453,30.0
1117,8162,1.9786666666666666,331.60000000000036,📈 APPROACHING,True,52,⚡ MEDIUM OVERTAKE CHANCE,0.0,15.955555555555554,30.0
1118,8991,2.1796363636363636,331.60000000000036,📈 APPROACHING,True,55,⚡ MEDIUM OVERTAKE CHANCE,0.0,22.654545454545453,30.0
1119,8991,2.1796363636363636,331.60000000000036,📈 APPROACHING,True,59,⚡ MEDIUM OVERTAKE CHANCE,0.0,22.654545454545453,30.0
1120,8991,2.1394424242424246,165.8000000000011,📈 APPROACHING,True,60,⚡ MEDIUM OVERTAKE CHANCE,0.0,21.314747474747485,30.0
1121,8991,2.1796363636363636,165.8000000000011,📈 APPROACHING,True,62,⚡ MEDIUM OVERTAKE CHANCE,0.0,22.654545454545453,30.0
1122,8991,2.1796363636363636,165.8000000000011,📈 APPROACHING,True,63,⚡ MEDIUM OVERTAKE CHANCE,0.0,22.654545454545453,30.0
1123,8991,2.1796363636363636,165.8000000000011,📈 APPROACHING,True,64,⚡ MEDIUM OVERTAKE CHANCE,0.0,22.654545454545453,30.0
1124,9860,2.39030303030303,165.8000000000011,📈 APPROACHING,True,66,⚡ MEDIUM OVERTAKE CHANCE,0.0,29.676767676767675,30.0
1125,9860,2.2639030303030303,513.3999999999996,📈 APPROACHING,True,67,⚡ MEDIUM OVERTAKE CHANCE,2.5,25.463434343434344,30.0
1126,9860,2.39030303030303,513.3999999999996,📈 APPROACHING,True,69,⚡ MEDIUM OVERTAKE CHANCE,2.5,29.676767676767675,30.0
1127,9860,2.39030303030303,513.3999999999996,📈 APPROACHING,True,71,🚀 HIGH OVERTAKE CHANCE!,2.5,29.676767676767675,30.0
1128,9860,2.39030303030303,513.3999999999996,📈 APPROACHING,True,73,🚀 HIGH OVERTAKE CHANCE!,2.5,29.676767676767675,30.0
1129,10980,2.6618181818181816,513.3999999999996,📈 APPROACHING,True,75,🚀 HIGH OVERTAKE CHANCE!,2.5,38.72727272727272,30.0
1130,10980,2.4989090909090907,969.3999999999996,📈 APPROACHING,True,76,🚀 HIGH OVERTAKE CHANCE!,5.0,33.29696969696969,30.0
1131,10980,2.6618181818181816,969.3999999999996,📈 APPROACHING,True,77,🚀 HIGH OVERTAKE CHANCE!,5.0,38.72727272727272,30.0
1132,10980,2.6618181818181816,969.3999999999996,📈 APPROACHING,True,78,🚀 HIGH OVERTAKE CHANCE!,5.0,38.72727272727272,30.0
1133,10980,2.6618181818181816,969.3999999999996,📈 APPROACHING,True,79,🚀 HIGH OVERTAKE CHANCE!,5.0,38.72727272727272,30.0
1134,12032,2.916848484848485,969.3999999999996,📈 APPROACHING,True,80,🚀 HIGH OVERTAKE CHANCE!,5.0,47.22828282828282,30.0
1135,12032,2.7638303030303026,1092.7999999999993,📈 APPROACHING,True,82,🚀 HIGH OVERTAKE CHANCE!,7.5,42.12767676767675,30.0
1136,10980,2.6618181818181816,1092.7999999999993,📈 APPROACHING,True,82,🚀 HIGH OVERTAKE CHANCE!,7.5,38.72727272727272,30.0
1137,12032,2.916848484848485,1092.7999999999993,📈 APPROACHING,True,83,🚀 HIGH OVERTAKE CHANCE!,7.5,47.22828282828282,30.0
1138,13365,3.24,1092.7999999999993,📈 APPROACHING,True,85,🚀 HIGH OVERTAKE CHANCE!,7.5,50.0,30.0
1139,13365,3.24,1092.7999999999993,📈 APPROACHING,True,85,🚀 HIGH OVERTAKE CHANCE!,7.5,50.0,30.0
1140,13365,3.0597333333333334,1220.6000000000004,📈 APPROACHING,True,86,🚀 HIGH OVERTAKE CHANCE!,10.0,50.0,30.0
1141,13365,3.24,1220.6000000000004,📈 APPROACHING,True,87,🚀 HIGH OVERTAKE CHANCE!,10.0,50.0,30.0
1142,14664,3.554909090909091,1220.6000000000004,📈 APPROACHING,True,88,🚀 HIGH OVERTAKE CHANCE!,10.0,50.0,30.0
1143,14664,3.554909090909091,1220.6000000000004,📈 APPROACHING,True,89,🚀 HIGH OVERTAKE CHANCE!,10.0,50.0,30.0
1144,16132,3.910787878787879,1220.6000000000004,📈 APPROACHING,True,88,🚀 HIGH OVERTAKE CHANCE!,10.0,50.0,30.0
1145,16132,3.6342787878787877,2370.0,📈 APPROACHING,True,89,🚀 HIGH OVERTAKE CHANCE!,12.5,50.0,30.0
1146,16132,3.910787878787879,2370.0,📈 APPROACHING,True,89,🚀 HIGH OVERTAKE CHANCE!,12.5,50.0,30.0
1147,16132,3.910787878787879,2370.0,📈 APPROACHING,True,89,🚀 HIGH OVERTAKE CHANCE!,12.5,50.0,30.0
1148,16132,3.910787878787879,2370.0,📈 APPROACHING,True,89,🚀 HIGH OVERTAKE CHANCE!,12.5,50.0,30.0
1149,16132,3.910787878787879,2370.0,📈 APPROACHING,True,88,🚀 HIGH OVERTAKE CHANCE!,12.5,50.0,30.0
1150,16132,3.910787878787879,1140.6000000000004,📈 APPROACHING,True,88,🚀 HIGH OVERTAKE CHANCE!,15.0,50.0,30.0
1151,16132,3.910787878787879,1140.6000000000004,📈 APPROACHING,True,87,🚀 HIGH OVERTAKE CHANCE!,15.0,50.0,30.0
1152,16132,3.910787878787879,1140.6000000000004,📈 APPROACHING,True,87,🚀 HIGH OVERTAKE CHANCE!,15.0,50.0,30.0
1153,17784,4.311272727272727,1140.6000000000004,📈 APPROACHING,True,86,🚀 HIGH OVERTAKE CHANCE!,15.0,50.0,30.0
1154,17784,4.311272727272727,1140.6000000000004,📈 APPROACHING,True,86,🚀 HIGH OVERTAKE CHANCE!,15.0,50.0,30.0
1155,17784,4.151078787878788,991.2000000000007,📈 APPROACHING,True,85,🚀 HIGH OVERTAKE CHANCE!,17.5,50.0,30.0
1156,17784,4.311272727272727,991.2000000000007,📈 APPROACHING,True,85,🚀 HIGH OVERTAKE CHANCE!,17.5,50.0,30.0
1157,17784,4.311272727272727,991.2000000000007,📈 APPROACHING,True,84,🚀 HIGH OVERTAKE CHANCE!,17.5,50.0,30.0
1158,19680,4.7709090909090905,991.2000000000007,📈 APPROACHING,True,84,🚀 HIGH OVERTAKE CHANCE!,17.5,50.0,30.0
1159,19680,4.7709090909090905,991.2000000000007,📈 APPROACHING,True,83,🚀 HIGH OVERTAKE CHANCE!,17.5,50.0,30.0
1160,19680,4.587054545454545,1798.3999999999978,📈 APPROACHING,True,83,🚀 HIGH OVERTAKE CHANCE!,20.0,50.0,30.0
1161,19680,4.7709090909090905,1798.3999999999978,📈 APPROACHING,True,82,🚀 HIGH OVERTAKE CHANCE!,20.0,50.0,30.0
1162,21672,5.253818181818182,1798.3999999999978,📈 APPROACHING,True,82,🚀 HIGH OVERTAKE CHANCE!,20.0,50.0,30.0
1163,19680,4.7709090909090905,1798.3999999999978,📈 APPROACHING,True,81,🚀 HIGH OVERTAKE CHANCE!,20.0,50.0,30.0
1164,19680,4.7709090909090905,1798.3999999999978,📈 APPROACHING,True,81,🚀 HIGH OVERTAKE CHANCE!,20.0,50.0,30.0
1165,19680,4.867490909090909,1156.800000000003,📈 APPROACHING,True,80,🚀 HIGH OVERTAKE CHANCE!,20.0,50.0,30.0
1166,19680,4.7709090909090905,1156.800000000003,📈 APPROACHING,True,80,🚀 HIGH OVERTAKE CHANCE!,20.0,50.0,30.0
1167,19680,4.7709090909090905,1156.800000000003,📈 APPROACHING,True,80,🚀 HIGH OVERTAKE CHANCE!,20.0,50.0,30.0
1168,21672,5.253818181818182,1156.800000000003,📈 APPROACHING,True,80,🚀 HIGH OVERTAKE CHANCE!,20.0,50.0,30.0
1169,21672,5.253818181818182,1156.800000000003,📈 APPROACHING,True,80,🚀 HIGH OVERTAKE CHANCE!,20.0,50.0,30.0
1170,21672,5.060654545454546,796.7999999999993,📈 APPROACHING,True,80,🚀 HIGH OVERTAKE CHANCE!,20.0,50.0,30.0
1171,21672,5.253818181818182,796.7999999999993,📈 APPROACHING,True,80,🚀 HIGH OVERTAKE CHANCE!,20.0,50.0,30.0
1172,21672,5.253818181818182,796.7999999999993,📈 APPROACHING,True,80,🚀 HIGH OVERTAKE CHANCE!,20.0,50.0,30.0
1173,19680,4.7709090909090905,796.7999999999993,📈 APPROACHING,True,80,🚀 HIGH OVERTAKE CHANCE!,20.0,50.0,30.0
1174,19680,4.7709090909090905,796.7999999999993,📈 APPROACHING,True,80,🚀 HIGH OVERTAKE CHANCE!,20.0,50.0,30.0
1175,19680,4.964072727272727,-398.40000000000146,📉 MOVING AWAY,False,78,🚀 HIGH OVERTAKE CHANCE!,0.0,50.0,0.0
1176,19680,4.7709090909090905,-398.40000000000146,📉 MOVING AWAY,False,76,🚀 HIGH OVERTAKE CHANCE!,0.0,50.0,0.0
1177,19680,4.7709090909090905,-398.40000000000146,📉 MOVING AWAY,False,74,🚀 HIGH OVERTAKE CHANCE!,0.0,50.0,0.0
1178,19680,4.7709090909090905,-398.40000000000146,📉 MOVING AWAY,False,72,🚀 HIGH OVERTAKE CHANCE!,0.0,50.0,0.0
1179,19680,4.7709090909090905,-398.40000000000146,📉 MOVING AWAY,False,70,🚀 HIGH OVERTAKE CHANCE!,0.0,50.0,0.0
1180,19680,4.7709090909090905,-796.7999999999993,📉 MOVING AWAY,False,68,⚡ MEDIUM OVERTAKE CHANCE,0.0,50.0,0.0
1181,19680,4.7709090909090905,-796.7999999999993,📉 MOVING AWAY,False,66,⚡ MEDIUM OVERTAKE CHANCE,0.0,50.0,0.0
1182,19680,4.7709090909090905,-796.7999999999993,📉 MOVING AWAY,False,64,⚡ MEDIUM OVERTAKE CHANCE,0.0,50.0,0.0
1183,19680,4.7709090909090905,-796.7999999999993,📉 MOVING AWAY,False,62,⚡ MEDIUM OVERTAKE CHANCE,0.0,50.0,0.0
1184,19680,4.7709090909090905,-796.7999999999993,📉 MOVING AWAY,False,60,⚡ MEDIUM OVERTAKE CHANCE,0.0,50.0,0.0
1185,21672,4.867490909090909,398.40000000000146,📈 APPROACHING,True,63,⚡ MEDIUM OVERTAKE CHANCE,0.0,50.0,30.0
1186,19680,4.7709090909090905,398.40000000000146,📈 APPROACHING,True,66,⚡ MEDIUM OVERTAKE CHANCE,0.0,50.0,30.0
1187,19680,4.7709090909090905,398.40000000000146,📈 APPROACHING,True,69,⚡ MEDIUM OVERTAKE CHANCE,0.0,50.0,30.0
1188,21672,5.253818181818182,398.40000000000146,📈 APPROACHING,True,72,🚀 HIGH OVERTAKE CHANCE!,0.0,50.0,30.0
1189,19680,4.7709090909090905,398.40000000000146,📈 APPROACHING,True,75,🚀 HIGH OVERTAKE CHANCE!,0.0,50.0,30.0
1190,21672,4.964072727272727,398.3999999999978,📈 APPROACHING,True,78,🚀 HIGH OVERTAKE CHANCE!,0.0,50.0,30.0
1191,21672,5.253818181818182,398.3999999999978,📈 APPROACHING,True,81,🚀 HIGH OVERTAKE CHANCE!,0.0,50.0,30.0
1192,21672,5.253818181818182,398.3999999999978,📈 APPROACHING,True,84,🚀 HIGH OVERTAKE CHANCE!,0.0,50.0,30.0
1193,19680,4.7709090909090905,398.3999999999978,📈 APPROACHING,True,87,🚀 HIGH OVERTAKE CHANCE!,0.0,50.0,30.0
1194,19680,4.7709090909090905,398.3999999999978,📈 APPROACHING,True,90,🚀 HIGH OVERTAKE CHANCE!,0.0,50.0,30.0
1195,19680,4.964072727272727,0.0,📉 MOVING AWAY,False,87,🚀 HIGH OVERTAKE CHANCE!,0.0,50.0,0.0
1196,17784,4.311272727272727,0.0,📉 MOVING AWAY,False,84,🚀 HIGH OVERTAKE CHANCE!,0.0,50.0,0.0
1197,19680,4.7709090909090905,0.0,📉 MOVING AWAY,False,81,🚀 HIGH OVERTAKE CHANCE!,0.0,50.0,0.0
1198,19680,4.7709090909090905,0.0,📉 MOVING AWAY,False,78,🚀 HIGH OVERTAKE CHANCE!,0.0,50.0,0.0
1199,19680,4.7709090909090905,0.0,📉 MOVING AWAY,False,75,🚀 HIGH OVERTAKE CHANCE!,0.0,50.0,0.0
1200,19680,4.678981818181818,-1176.0,📉 MOVING AWAY,False,72,🚀 HIGH OVERTAKE CHANCE!,0.0,50.0,0.0
1201,19680,4.7709090909090905,-1176.0,📉 MOVING AWAY,False,69,⚡ MEDIUM OVERTAKE CHANCE,0.0,50.0,0.0
1202,19680,4.7709090909090905,-1176.0,📉 MOVING AWAY,False,66,⚡ MEDIUM OVERTAKE CHANCE,0.0,50.0,0.0
1203,19680,4.7709090909090905,-1176.0,📉 MOVING AWAY,False,63,⚡ MEDIUM OVERTAKE CHANCE,0.0,50.0,0.0
1204,19680,4.7709090909090905,-1176.0,📉 MOVING AWAY,False,60,⚡ MEDIUM OVERTAKE CHANCE,0.0,50.0,0.0
1205,17784,4.678981818181818,0.0,📉 MOVING AWAY,False,60,⚡ MEDIUM OVERTAKE CHANCE,0.0,50.0,0.0
1206,17784,4.311272727272727,0.0,📉 MOVING AWAY,False,60,⚡ MEDIUM OVERTAKE CHANCE,0.0,50.0,0.0
1207,17784,4.311272727272727,0.0,📉 MOVING AWAY,False,60,⚡ MEDIUM OVERTAKE CHANCE,0.0,50.0,0.0
1208,17784,4.311272727272727,0.0,📉 MOVING AWAY,False,60,⚡ MEDIUM OVERTAKE CHANCE,0.0,50.0,0.0
1209,17784,4.311272727272727,0.0,📉 MOVING AWAY,False,60,⚡ MEDIUM OVERTAKE CHANCE,0.0,50.0,0.0
1210,17784,4.311272727272727,-1516.7999999999993,📉 MOVING AWAY,False,60,⚡ MEDIUM OVERTAKE CHANCE,0.0,50.0,0.0
1211,16132,3.910787878787879,-1516.7999999999993,📉 MOVING AWAY,False,60,⚡ MEDIUM OVERTAKE CHANCE,0.0,50.0,0.0
1212,16132,3.910787878787879,-1516.7999999999993,📉 MOVING AWAY,False,60,⚡ MEDIUM OVERTAKE CHANCE,0.0,50.0,0.0
1213,16132,3.910787878787879,-1516.7999999999993,📉 MOVING AWAY,False,60,⚡ MEDIUM OVERTAKE CHANCE,0.0,50.0,0.0
1214,17784,4.311272727272727,-1516.7999999999993,📉 MOVING AWAY,False,60,⚡ MEDIUM OVERTAKE CHANCE,0.0,50.0,0.0
1215,17784,4.070981818181818,-991.2000000000007,📉 MOVING AWAY,False,60,⚡ MEDIUM OVERTAKE CHANCE,0.0,50.0,0.0
1216,19680,4.7709090909090905,-991.2000000000007,📉 MOVING AWAY,False,60,⚡ MEDIUM OVERTAKE CHANCE,0.0,50.0,0.0
1217,19680,4.7709090909090905,-991.2000000000007,📉 MOVING AWAY,False,60,⚡ MEDIUM OVERTAKE CHANCE,0.0,50.0,0.0
1218,23760,5.76,-991.2000000000007,📉 MOVING AWAY,False,60,⚡ MEDIUM OVERTAKE CHANCE,0.0,50.0,0.0
1219,26410,6.402424242424242,-991.2000000000007,📉 MOVING AWAY,False,60,⚡ MEDIUM OVERTAKE CHANCE,0.0,50.0,0.0
1220,23760,5.492848484848484,5865.200000000001,📈 APPROACHING,True,63,⚡ MEDIUM OVERTAKE CHANCE,0.0,50.0,30.0
1221,23760,5.76,5865.200000000001,📈 APPROACHING,True,66,⚡ MEDIUM OVERTAKE CHANCE,0.0,50.0,30.0
1222,26410,6.402424242424242,5865.200000000001,📈 APPROACHING,True,69,⚡ MEDIUM OVERTAKE CHANCE,0.0,50.0,30.0
1223,26410,6.402424242424242,5865.200000000001,📈 APPROACHING,True,72,🚀 HIGH OVERTAKE CHANCE!,0.0,50.0,30.0
1224,26410,6.402424242424242,5865.200000000001,📈 APPROACHING,True,75,🚀 HIGH OVERTAKE CHANCE!,0.0,50.0,30.0
1225,26410,6.273939393939394,3222.0,📈 APPROACHING,True,78,🚀 HIGH OVERTAKE CHANCE!,0.0,50.0,30.0
1226,26410,6.402424242424242,3222.0,📈 APPROACHING,True,81,🚀 HIGH OVERTAKE CHANCE!,0.0,50.0,30.0
1227,26410,6.402424242424242,3222.0,📈 APPROACHING,True,84,🚀 HIGH OVERTAKE CHANCE!,0.0,50.0,30.0
1228,26410,6.402424242424242,3222.0,📈 APPROACHING,True,87,🚀 HIGH OVERTAKE CHANCE!,0.0,50.0,30.0
1229,26410,6.402424242424242,3222.0,📈 APPROACHING,True,90,🚀 HIGH OVERTAKE CHANCE!,0.0,50.0,30.0
1230,26410,6.402424242424242,530.0,📈 APPROACHING,True,91,🚀 HIGH OVERTAKE CHANCE!,0.0,50.0,30.0
1231,26410,6.402424242424242,530.0,📈 APPROACHING,True,92,🚀 HIGH OVERTAKE CHANCE!,0.0,50.0,30.0
1232,26410,6.402424242424242,530.0,📈 APPROACHING,True,93,🚀 HIGH OVERTAKE CHANCE!,0.0,50.0,30.0
1233,26410,6.402424242424242,530.0,📈 APPROACHING,True,94,🚀 HIGH OVERTAKE CHANCE!,0.0,50.0,30.0
1234,26410,6.402424242424242,530.0,📈 APPROACHING,True,95,🚀 HIGH OVERTAKE CHANCE!,0.0,50.0,30.0
1235,26410,6.402424242424242,0.0,📉 MOVING AWAY,False,92,🚀 HIGH OVERTAKE CHANCE!,0.0,50.0,0.0
1236,26410,6.402424242424242,0.0,📉 MOVING AWAY,False,89,🚀 HIGH OVERTAKE CHANCE!,0.0,50.0,0.0
1237,26410,6.402424242424242,0.0,📉 MOVING AWAY,False,86,🚀 HIGH OVERTAKE CHANCE!,0.0,50.0,0.0
1238,26410,6.402424242424242,0.0,📉 MOVING AWAY,False,83,🚀 HIGH OVERTAKE CHANCE!,0.0,50.0,0.0
1239,26410,6.402424242424242,0.0,📉 MOVING AWAY,False,80,🚀 HIGH OVERTAKE CHANCE!,0.0,50.0,0.0
1240,26410,6.402424242424242,0.0,📉 MOVING AWAY,False,76,🚀 HIGH OVERTAKE CHANCE!,0.0,50.0,0.0
1241,26410,6.402424242424242,0.0,📉 MOVING AWAY,False,72,🚀 HIGH OVERTAKE CHANCE!,0.0,50.0,0.0
1242,26410,6.402424242424242,0.0,📉 MOVING AWAY,False,68,⚡ MEDIUM OVERTAKE CHANCE,0.0,50.0,0.0
1243,26410,6.402424242424242,0.0,📉 MOVING AWAY,False,64,⚡ MEDIUM OVERTAKE CHANCE,0.0,50.0,0.0
1244,26410,6.402424242424242,0.0,📉 MOVING AWAY,False,60,⚡ MEDIUM OVERTAKE CHANCE,0.0,50.0,0.0
1245,26410,6.402424242424242,0.0,📉 MOVING AWAY,False,60,⚡ MEDIUM OVERTAKE CHANCE,0.0,50.0,0.0
1246,26410,6.402424242424242,0.0,📉 MOVING AWAY,False,60,⚡ MEDIUM OVERTAKE CHANCE,0.0,50.0,0.0
1247,26410,6.402424242424242,0.0,📉 MOVING AWAY,False,60,⚡ MEDIUM OVERTAKE CHANCE,0.0,50.0,0.0
1248,26410,6.402424242424242,0.0,📉 MOVING AWAY,False,60,⚡ MEDIUM OVERTAKE CHANCE,0.0,50.0,0.0
1249,26410,6.402424242424242,0.0,📉 MOVING AWAY,False,60,⚡ MEDIUM OVERTAKE CHANCE,0.0,50.0,0.0
1250,26410,6.402424242424242,0.0,📉 MOVING AWAY,False,60,⚡ MEDIUM OVERTAKE CHANCE,0.0,50.0,0.0
1251,26410,6.402424242424242,0.0,📉 MOVING AWAY,False,60,⚡ MEDIUM OVERTAKE CHANCE,0.0,50.0,0.0
1252,23760,5.76,0.0,📉 MOVING AWAY,False,60,⚡ MEDIUM OVERTAKE CHANCE,0.0,50.0,0.0
1253,21672,5.253818181818182,0.0,📉 MOVING AWAY,False,60,⚡ MEDIUM OVERTAKE CHANCE,0.0,50.0,0.0
1254,21672,5.253818181818182,0.0,📉 MOVING AWAY,False,60,⚡ MEDIUM OVERTAKE CHANCE,0.0,50.0,0.0
1255,21672,5.584775757575758,-3372.7999999999993,📉 MOVING AWAY,False,60,⚡ MEDIUM OVERTAKE CHANCE,0.0,50.0,0.0
1256,21672,5.253818181818182,-3372.7999999999993,📉 MOVING AWAY,False,60,⚡ MEDIUM OVERTAKE CHANCE,0.0,50.0,0.0
1257,21672,5.253818181818182,-3372.7999999999993,📉 MOVING AWAY,False,60,⚡ MEDIUM OVERTAKE CHANCE,0.0,50.0,0.0
1258,21672,5.253818181818182,-3372.7999999999993,📉 MOVING AWAY,False,60,⚡ MEDIUM OVERTAKE CHANCE,0.0,50.0,0.0
1259,21672,5.253818181818182,-3372.7999999999993,📉 MOVING AWAY,False,60,⚡ MEDIUM OVERTAKE CHANCE,0.0,50.0,0.0
1260,23760,5.3550545454545455,-947.6000000000022,📉 MOVING AWAY,False,60,⚡ MEDIUM OVERTAKE CHANCE,0.0,50.0,0.0
1261,23760,5.76,-947.6000000000022,📉 MOVING AWAY,False,60,⚡ MEDIUM OVERTAKE CHANCE,0.0,50.0,0.0
1262,23760,5.76,-947.6000000000022,📉 MOVING AWAY,False,60,⚡ MEDIUM OVERTAKE CHANCE,0.0,50.0,0.0
1263,26410,6.402424242424242,-947.6000000000022,📉 MOVING AWAY,False,60,⚡ MEDIUM OVERTAKE CHANCE,0.0,50.0,0.0
1264,23760,5.76,-947.6000000000022,📉 MOVING AWAY,False,60,⚡ MEDIUM OVERTAKE CHANCE,0.0,50.0,0.0
1265,23760,5.888484848484849,2200.4000000000015,📈 APPROACHING,True,63,⚡ MEDIUM OVERTAKE CHANCE,0.0,50.0,30.0
1266,23760,5.76,2200.4000000000015,📈 APPROACHING,True,66,⚡ MEDIUM OVERTAKE CHANCE,0.0,50.0,30.0
1267,23760,5.76,2200.4000000000015,📈 APPROACHING,True,69,⚡ MEDIUM OVERTAKE CHANCE,0.0,50.0,30.0
1268,23760,5.76,2200.4000000000015,📈 APPROACHING,True,72,🚀 HIGH OVERTAKE CHANCE!,0.0,50.0,30.0
1269,26410,6.402424242424242,2200.4000000000015,📈 APPROACHING,True,75,🚀 HIGH OVERTAKE CHANCE!,0.0,50.0,30.0
1270,23760,5.888484848484849,0.0,📉 MOVING AWAY,False,75,🚀 HIGH OVERTAKE CHANCE!,0.0,50.0,0.0
1271,23760,5.76,0.0,📉 MOVING AWAY,False,75,🚀 HIGH OVERTAKE CHANCE!,0.0,50.0,0.0
1272,26410,6.402424242424242,0.0,📉 MOVING AWAY,False,75,🚀 HIGH OVERTAKE CHANCE!,0.0,50.0,0.0
1273,23760,5.76,0.0,📉 MOVING AWAY,False,75,🚀 HIGH OVERTAKE CHANCE!,0.0,50.0,0.0
1274,23760,5.76,0.0,📉 MOVING AWAY,False,75,🚀 HIGH OVERTAKE CHANCE!,0.0,50.0,0.0
1275,23760,5.888484848484849,0.0,📉 MOVING AWAY,False,72,🚀 HIGH OVERTAKE CHANCE!,0.0,50.0,0.0
1276,23760,5.76,0.0,📉 MOVING AWAY,False,69,⚡ MEDIUM OVERTAKE CHANCE,0.0,50.0,0.0
1277,23760,5.76,0.0,📉 MOVING AWAY,False,66,⚡ MEDIUM OVERTAKE CHANCE,0.0,50.0,0.0
1278,26410,6.402424242424242,0.0,📉 MOVING AWAY,False,63,⚡ MEDIUM OVERTAKE CHANCE,0.0,50.0,0.0
1279,23760,5.76,0.0,📉 MOVING AWAY,False,60,⚡ MEDIUM OVERTAKE CHANCE,0.0,50.0,0.0
1280,23760,5.888484848484849,0.0,📉 MOVING AWAY,False,60,⚡ MEDIUM OVERTAKE CHANCE,0.0,50.0,0.0
1281,23760,5.76,0.0,📉 MOVING AWAY,False,60,⚡ MEDIUM OVERTAKE CHANCE,0.0,50.0,0.0
1282,23760,5.76,0.0,📉 MOVING AWAY,False,60,⚡ MEDIUM OVERTAKE CHANCE,0.0,50.0,0.0
1283,23760,5.76,0.0,📉 MOVING AWAY,False,60,⚡ MEDIUM OVERTAKE CHANCE,0.0,50.0,0.0
1284,23760,5.76,0.0,📉 MOVING AWAY,False,60,⚡ MEDIUM OVERTAKE CHANCE,0.0,50.0,0.0
1285,23760,5.76,-530.0,📉 MOVING AWAY,False,60,⚡ MEDIUM OVERTAKE CHANCE,0.0,50.0,0.0
1286,21672,5.253818181818182,-530.0,📉 MOVING AWAY,False,60,⚡ MEDIUM OVERTAKE CHANCE,0.0,50.0,0.0
1287,21672,5.253818181818182,-530.0,📉 MOVING AWAY,False,60,⚡ MEDIUM OVERTAKE CHANCE,0.0,50.0,0.0
1288,21672,5.253818181818182,-530.0,📉 MOVING AWAY,False,60,⚡ MEDIUM OVERTAKE CHANCE,0.0,50.0,0.0
1289,19680,4.7709090909090905,-530.0,📉 MOVING AWAY,False,60,⚡ MEDIUM OVERTAKE CHANCE,0.0,50.0,0.0
1290,19680,5.060654545454546,-2884.7999999999993,📉 MOVING AWAY,False,60,⚡ MEDIUM OVERTAKE CHANCE,0.0,50.0,0.0
1291,19680,4.7709090909090905,-2884.7999999999993,📉 MOVING AWAY,False,60,⚡ MEDIUM OVERTAKE CHANCE,0.0,50.0,0.0
1292,19680,4.7709090909090905,-2884.7999999999993,📉 MOVING AWAY,False,60,⚡ MEDIUM OVERTAKE CHANCE,0.0,50.0,0.0
1293,21672,5.253818181818182,-2884.7999999999993,📉 MOVING AWAY,False,60,⚡ MEDIUM OVERTAKE CHANCE,0.0,50.0,0.0
1294,17784,4.311272727272727,-2884.7999999999993,📉 MOVING AWAY,False,60,⚡ MEDIUM OVERTAKE CHANCE,0.0,50.0,0.0
1295,19680,4.7755636363636365,-1176.0,📉 MOVING AWAY,False,60,⚡ MEDIUM OVERTAKE CHANCE,0.0,50.0,0.0
1296,19680,4.7709090909090905,-1176.0,📉 MOVING AWAY,False,60,⚡ MEDIUM OVERTAKE CHANCE,0.0,50.0,0.0
1297,19680,4.7709090909090905,-1176.0,📉 MOVING AWAY,False,60,⚡ MEDIUM OVERTAKE CHANCE,0.0,50.0,0.0
1298,19680,4.7709090909090905,-1176.0,📉 MOVING AWAY,False,60,⚡ MEDIUM OVERTAKE CHANCE,0.0,50.0,0.0
1299,17784,4.311272727272727,-1176.0,📉 MOVING AWAY,False,60,⚡ MEDIUM OVERTAKE CHANCE,0.0,50.0,0.0
1300,17784,4.587054545454545,-777.6000000000022,📉 MOVING AWAY,False,60,⚡ MEDIUM OVERTAKE CHANCE,0.0,50.0,0.0
1301,17784,4.311272727272727,-777.6000000000022,📉 MOVING AWAY,False,60,⚡ MEDIUM OVERTAKE CHANCE,0.0,50.0,0.0
1302,17784,4.311272727272727,-777.6000000000022,📉 MOVING AWAY,False,60,⚡ MEDIUM OVERTAKE CHANCE,0.0,50.0,0.0
1303,17784,4.311272727272727,-777.6000000000022,📉 MOVING AWAY,False,60,⚡ MEDIUM OVERTAKE CHANCE,0.0,50.0,0.0
1304,16132,3.910787878787879,-777.6000000000022,📉 MOVING AWAY,False,60,⚡ MEDIUM OVERTAKE CHANCE,0.0,50.0,0.0
1305,16132,4.151078787878788,-1798.3999999999978,📉 MOVING AWAY,False,60,⚡ MEDIUM OVERTAKE CHANCE,0.0,50.0,0.0
1306,14664,3.554909090909091,-1798.3999999999978,📉 MOVING AWAY,False,60,⚡ MEDIUM OVERTAKE CHANCE,0.0,50.0,0.0
1307,14664,3.554909090909091,-1798.3999999999978,📉 MOVING AWAY,False,60,⚡ MEDIUM OVERTAKE CHANCE,0.0,50.0,0.0
1308,13365,3.24,-1798.3999999999978,📉 MOVING AWAY,False,60,⚡ MEDIUM OVERTAKE CHANCE,0.0,50.0,0.0
1309,13365,3.24,-1798.3999999999978,📉 MOVING AWAY,False,60,⚡ MEDIUM OVERTAKE CHANCE,0.0,50.0,0.0
1310,12032,3.3013333333333335,-3505.2000000000007,📉 MOVING AWAY,False,60,⚡ MEDIUM OVERTAKE CHANCE,0.0,50.0,0.0
1311,12032,2.916848484848485,-3505.2000000000007,📉 MOVING AWAY,False,59,⚡ MEDIUM OVERTAKE CHANCE,0.0,47.22828282828282,0.0
1312,10980,2.6618181818181816,-3505.2000000000007,📉 MOVING AWAY,False,58,⚡ MEDIUM OVERTAKE CHANCE,0.0,38.72727272727272,0.0
1313,12032,2.916848484848485,-3505.2000000000007,📉 MOVING AWAY,False,58,⚡ MEDIUM OVERTAKE CHANCE,0.0,47.22828282828282,0.0
1314,10980,2.6618181818181816,-3505.2000000000007,📉 MOVING AWAY,False,57,⚡ MEDIUM OVERTAKE CHANCE,0.0,38.72727272727272,0.0
1315,12032,2.814836363636364,-2006.7999999999993,📉 MOVING AWAY,False,56,⚡ MEDIUM OVERTAKE CHANCE,0.0,43.827878787878795,0.0
1316,13365,3.24,-2006.7999999999993,📉 MOVING AWAY,False,56,⚡ MEDIUM OVERTAKE CHANCE,0.0,50.0,0.0
1317,13365,3.24,-2006.7999999999993,📉 MOVING AWAY,False,56,⚡ MEDIUM OVERTAKE CHANCE,0.0,50.0,0.0
1318,12032,2.916848484848485,-2006.7999999999993,📉 MOVING AWAY,False,56,⚡ MEDIUM OVERTAKE CHANCE,0.0,47.22828282828282,0.0
1319,12032,2.916848484848485,-2006.7999999999993,📉 MOVING AWAY,False,55,⚡ MEDIUM OVERTAKE CHANCE,0.0,47.22828282828282,0.0
1320,12032,3.046109090909091,954.0,📈 APPROACHING,True,58,⚡ MEDIUM OVERTAKE CHANCE,0.0,50.0,30.0
1321,10980,2.6618181818181816,954.0,📈 APPROACHING,True,60,⚡ MEDIUM OVERTAKE CHANCE,0.0,38.72727272727272,30.0
1322,12032,2.916848484848485,954.0,📈 APPROACHING,True,64,⚡ MEDIUM OVERTAKE CHANCE,0.0,47.22828282828282,30.0
1323,12032,2.916848484848485,954.0,📈 APPROACHING,True,67,⚡ MEDIUM OVERTAKE CHANCE,0.0,47.22828282828282,30.0
1324,10980,2.6618181818181816,954.0,📈 APPROACHING,True,70,🚀 HIGH OVERTAKE CHANCE!,0.0,38.72727272727272,30.0
1325,10980,2.7638303030303026,-1164.4000000000015,📉 MOVING AWAY,False,70,🚀 HIGH OVERTAKE CHANCE!,0.0,42.12767676767675,0.0
1326,10980,2.6618181818181816,-1164.4000000000015,📉 MOVING AWAY,False,69,⚡ MEDIUM OVERTAKE CHANCE,0.0,38.72727272727272,0.0
1327,10980,2.6618181818181816,-1164.4000000000015,📉 MOVING AWAY,False,68,⚡ MEDIUM OVERTAKE CHANCE,0.0,38.72727272727272,0.0
1328,9860,2.39030303030303,-1164.4000000000015,📉 MOVING AWAY,False,66,⚡ MEDIUM OVERTAKE CHANCE,0.0,29.676767676767675,0.0
1329,10980,2.6618181818181816,-1164.4000000000015,📉 MOVING AWAY,False,65,⚡ MEDIUM OVERTAKE CHANCE,0.0,38.72727272727272,0.0
1330,10980,2.6075151515151513,-644.7999999999993,📉 MOVING AWAY,False,61,⚡ MEDIUM OVERTAKE CHANCE,0.0,36.91717171717171,0.0
1331,9860,2.39030303030303,-644.7999999999993,📉 MOVING AWAY,False,57,⚡ MEDIUM OVERTAKE CHANCE,0.0,29.676767676767675,0.0
1332,9860,2.39030303030303,-644.7999999999993,📉 MOVING AWAY,False,52,⚡ MEDIUM OVERTAKE CHANCE,0.0,29.676767676767675,0.0
1333,9860,2.39030303030303,-644.7999999999993,📉 MOVING AWAY,False,47,⚡ MEDIUM OVERTAKE CHANCE,0.0,29.676767676767675,0.0
1334,9860,2.39030303030303,-644.7999999999993,📉 MOVING AWAY,False,43,📉 LOW OVERTAKE CHANCE,0.0,29.676767676767675,0.0
1335,10980,2.4446060606060604,-672.0,📉 MOVING AWAY,False,42,📉 LOW OVERTAKE CHANCE,0.0,31.48686868686868,0.0
1336,10980,2.6618181818181816,-672.0,📉 MOVING AWAY,False,42,📉 LOW OVERTAKE CHANCE,0.0,38.72727272727272,0.0
1337,10980,2.6618181818181816,-672.0,📉 MOVING AWAY,False,42,📉 LOW OVERTAKE CHANCE,0.0,38.72727272727272,0.0
1338,10980,2.6618181818181816,-672.0,📉 MOVING AWAY,False,43,📉 LOW OVERTAKE CHANCE,0.0,38.72727272727272,0.0
1339,10980,2.6618181818181816,-672.0,📉 MOVING AWAY,False,43,📉 LOW OVERTAKE CHANCE,0.0,38.72727272727272,0.0
1340,10980,2.6618181818181816,896.0,📈 APPROACHING,True,46,⚡ MEDIUM OVERTAKE CHANCE,0.0,38.72727272727272,30.0
1341,12032,2.916848484848485,896.0,📈 APPROACHING,True,51,⚡ MEDIUM OVERTAKE CHANCE,0.0,47.22828282828282,30.0
1342,10980,2.6618181818181816,896.0,📈 APPROACHING,True,55,⚡ MEDIUM OVERTAKE CHANCE,0.0,38.72727272727272,30.0
1343,12032,2.916848484848485,896.0,📈 APPROACHING,True,60,⚡ MEDIUM OVERTAKE CHANCE,0.0,47.22828282828282,30.0
1344,10980,2.6618181818181816,896.0,📈 APPROACHING,True,64,⚡ MEDIUM OVERTAKE CHANCE,0.0,38.72727272727272,30.0
1345,10980,2.7638303030303026,420.7999999999993,📈 APPROACHING,True,68,⚡ MEDIUM OVERTAKE CHANCE,0.0,42.12767676767675,30.0
1346,10980,2.6618181818181816,420.7999999999993,📈 APPROACHING,True,71,🚀 HIGH OVERTAKE CHANCE!,0.0,38.72727272727272,30.0
1347,10980,2.6618181818181816,420.7999999999993,📈 APPROACHING,True,74,🚀 HIGH OVERTAKE CHANCE!,0.0,38.72727272727272,30.0
1348,12032,2.916848484848485,420.7999999999993,📈 APPROACHING,True,78,🚀 HIGH OVERTAKE CHANCE!,0.0,47.22828282828282,30.0
1349,13365,3.24,420.7999999999993,📈 APPROACHING,True,82,🚀 HIGH OVERTAKE CHANCE!,0.0,50.0,30.0
1350,13365,2.9440969696969694,743.6000000000004,📈 APPROACHING,True,84,🚀 HIGH OVERTAKE CHANCE!,0.0,48.13656565656565,30.0
1351,12032,2.916848484848485,743.6000000000004,📈 APPROACHING,True,85,🚀 HIGH OVERTAKE CHANCE!,0.0,47.22828282828282,30.0
1352,10980,2.6618181818181816,743.6000000000004,📈 APPROACHING,True,86,🚀 HIGH OVERTAKE CHANCE!,0.0,38.72727272727272,30.0
1353,13365,3.24,743.6000000000004,📈 APPROACHING,True,87,🚀 HIGH OVERTAKE CHANCE!,0.0,50.0,30.0
1354,12032,2.916848484848485,743.6000000000004,📈 APPROACHING,True,89,🚀 HIGH OVERTAKE CHANCE!,0.0,47.22828282828282,30.0
1355,13365,2.99510303030303,210.39999999999964,📈 APPROACHING,True,91,🚀 HIGH OVERTAKE CHANCE!,2.5,49.83676767676767,30.0
1356,13365,3.24,210.39999999999964,📈 APPROACHING,True,92,🚀 HIGH OVERTAKE CHANCE!,2.5,50.0,30.0
1357,12032,2.916848484848485,210.39999999999964,📈 APPROACHING,True,94,🚀 HIGH OVERTAKE CHANCE!,2.5,47.22828282828282,30.0
1358,12032,2.916848484848485,210.39999999999964,📈 APPROACHING,True,95,🚀 HIGH OVERTAKE CHANCE!,2.5,47.22828282828282,30.0
1359,12032,2.916848484848485,210.39999999999964,📈 APPROACHING,True,95,🚀 HIGH OVERTAKE CHANCE!,2.5,47.22828282828282,30.0
1360,12032,2.981478787878788,-56.19999999999891,📉 MOVING AWAY,False,91,🚀 HIGH OVERTAKE CHANCE!,0.0,49.38262626262627,0.0
1361,12032,2.916848484848485,-56.19999999999891,📉 MOVING AWAY,False,87,🚀 HIGH OVERTAKE CHANCE!,0.0,47.22828282828282,0.0
1362,12032,2.916848484848485,-56.19999999999891,📉 MOVING AWAY,False,84,🚀 HIGH OVERTAKE CHANCE!,0.0,47.22828282828282,0.0
1363,12032,2.916848484848485,-56.19999999999891,📉 MOVING AWAY,False,80,🚀 HIGH OVERTAKE CHANCE!,0.0,47.22828282828282,0.0
1364,12032,2.916848484848485,-56.19999999999891,📉 MOVING AWAY,False,76,🚀 HIGH OVERTAKE CHANCE!,0.0,47.22828282828282,0.0
1365,12032,2.916848484848485,-266.60000000000036,📉 MOVING AWAY,False,72,🚀 HIGH OVERTAKE CHANCE!,0.0,47.22828282828282,0.0
1366,12032,2.916848484848485,-266.60000000000036,📉 MOVING AWAY,False,68,⚡ MEDIUM OVERTAKE CHANCE,0.0,47.22828282828282,0.0
1367,12032,2.916848484848485,-266.60000000000036,📉 MOVING AWAY,False,64,⚡ MEDIUM OVERTAKE CHANCE,0.0,47.22828282828282,0.0
1368,13365,3.24,-266.60000000000036,📉 MOVING AWAY,False,61,⚡ MEDIUM OVERTAKE CHANCE,0.0,50.0,0.0
1369,13365,3.24,-266.60000000000036,📉 MOVING AWAY,False,57,⚡ MEDIUM OVERTAKE CHANCE,0.0,50.0,0.0
1370,13365,3.1107393939393937,799.7999999999993,📈 APPROACHING,True,60,⚡ MEDIUM OVERTAKE CHANCE,0.0,50.0,30.0
1371,13365,3.24,799.7999999999993,📈 APPROACHING,True,64,⚡ MEDIUM OVERTAKE CHANCE,0.0,50.0,30.0
1372,14664,3.554909090909091,799.7999999999993,📈 APPROACHING,True,67,⚡ MEDIUM OVERTAKE CHANCE,0.0,50.0,30.0
1373,14664,3.554909090909091,799.7999999999993,📈 APPROACHING,True,70,🚀 HIGH OVERTAKE CHANCE!,0.0,50.0,30.0
1374,16132,3.910787878787879,799.7999999999993,📈 APPROACHING,True,74,🚀 HIGH OVERTAKE CHANCE!,0.0,50.0,30.0
1375,14664,3.56310303030303,1866.0,📈 APPROACHING,True,77,🚀 HIGH OVERTAKE CHANCE!,0.0,50.0,30.0
1376,16132,3.910787878787879,1866.0,📈 APPROACHING,True,80,🚀 HIGH OVERTAKE CHANCE!,0.0,50.0,30.0
1377,16132,3.910787878787879,1866.0,📈 APPROACHING,True,84,🚀 HIGH OVERTAKE CHANCE!,0.0,50.0,30.0
1378,17784,4.311272727272727,1866.0,📈 APPROACHING,True,87,🚀 HIGH OVERTAKE CHANCE!,0.0,50.0,30.0
1379,17784,4.311272727272727,1866.0,📈 APPROACHING,True,90,🚀 HIGH OVERTAKE CHANCE!,0.0,50.0,30.0
1380,17784,4.151078787878788,2425.4000000000015,📈 APPROACHING,True,91,🚀 HIGH OVERTAKE CHANCE!,0.0,50.0,30.0
1381,17784,4.311272727272727,2425.4000000000015,📈 APPROACHING,True,92,🚀 HIGH OVERTAKE CHANCE!,0.0,50.0,30.0
1382,19680,4.7709090909090905,2425.4000000000015,📈 APPROACHING,True,93,🚀 HIGH OVERTAKE CHANCE!,0.0,50.0,30.0
1383,19680,4.7709090909090905,2425.4000000000015,📈 APPROACHING,True,94,🚀 HIGH OVERTAKE CHANCE!,0.0,50.0,30.0
1384,19680,4.7709090909090905,2425.4000000000015,📈 APPROACHING,True,95,🚀 HIGH OVERTAKE CHANCE!,0.0,50.0,30.0
1385,19680,4.678981818181818,2177.5999999999985,📈 APPROACHING,True,95,🚀 HIGH OVERTAKE CHANCE!,2.5,50.0,30.0
1386,19680,4.7709090909090905,2177.5999999999985,📈 APPROACHING,True,96,🚀 HIGH OVERTAKE CHANCE!,2.5,50.0,30.0
1387,21672,5.253818181818182,2177.5999999999985,📈 APPROACHING,True,97,🚀 HIGH OVERTAKE CHANCE!,2.5,50.0,30.0
1388,21672,5.253818181818182,2177.5999999999985,📈 APPROACHING,True,97,🚀 HIGH OVERTAKE CHANCE!,2.5,50.0,30.0
1389,21672,5.253818181818182,2177.5999999999985,📈 APPROACHING,True,98,🚀 HIGH OVERTAKE CHANCE!,2.5,50.0,30.0
1390,21672,5.157236363636363,1972.7999999999993,📈 APPROACHING,True,98,🚀 HIGH OVERTAKE CHANCE!,5.0,50.0,30.0
1391,21672,5.253818181818182,1972.7999999999993,📈 APPROACHING,True,97,🚀 HIGH OVERTAKE CHANCE!,5.0,50.0,30.0
1392,21672,5.253818181818182,1972.7999999999993,📈 APPROACHING,True,97,🚀 HIGH OVERTAKE CHANCE!,5.0,50.0,30.0
1393,21672,5.253818181818182,1972.7999999999993,📈 APPROACHING,True,96,🚀 HIGH OVERTAKE CHANCE!,5.0,50.0,30.0
1394,21672,5.253818181818182,1972.7999999999993,📈 APPROACHING,True,96,🚀 HIGH OVERTAKE CHANCE!,5.0,50.0,30.0
1395,21672,5.253818181818182,398.40000000000146,📈 APPROACHING,True,95,🚀 HIGH OVERTAKE CHANCE!,7.5,50.0,30.0
1396,21672,5.253818181818182,398.40000000000146,📈 APPROACHING,True,95,🚀 HIGH OVERTAKE CHANCE!,7.5,50.0,30.0
1397,21672,5.253818181818182,398.40000000000146,📈 APPROACHING,True,94,🚀 HIGH OVERTAKE CHANCE!,7.5,50.0,30.0
1398,19680,4.7709090909090905,398.40000000000146,📈 APPROACHING,True,94,🚀 HIGH OVERTAKE CHANCE!,7.5,50.0,30.0
1399,21672,5.253818181818182,398.40000000000146,📈 APPROACHING,True,93,🚀 HIGH OVERTAKE CHANCE!,7.5,50.0,30.0
1400,21672,5.157236363636363,-398.40000000000146,📉 MOVING AWAY,False,90,🚀 HIGH OVERTAKE CHANCE!,0.0,50.0,0.0
1401,19680,4.7709090909090905,-398.40000000000146,📉 MOVING AWAY,False,86,🚀 HIGH OVERTAKE CHANCE!,0.0,50.0,0.0
1402,21672,5.253818181818182,-398.40000000000146,📉 MOVING AWAY,False,83,🚀 HIGH OVERTAKE CHANCE!,0.0,50.0,0.0
1403,21672,5.253818181818182,-398.40000000000146,📉 MOVING AWAY,False,79,🚀 HIGH OVERTAKE CHANCE!,0.0,50.0,0.0
1404,21672,5.253818181818182,-398.40000000000146,📉 MOVING AWAY,False,76,🚀 HIGH OVERTAKE CHANCE!,0.0,50.0,0.0
1405,21672,5.157236363636363,0.0,📉 MOVING AWAY,False,72,🚀 HIGH OVERTAKE CHANCE!,0.0,50.0,0.0
1406,21672,5.253818181818182,0.0,📉 MOVING AWAY,False,69,⚡ MEDIUM OVERTAKE CHANCE,0.0,50.0,0.0
1407,21672,5.253818181818182,0.0,📉 MOVING AWAY,False,66,⚡ MEDIUM OVERTAKE CHANCE,0.0,50.0,0.0
1408,21672,5.253818181818182,0.0,📉 MOVING AWAY,False,63,⚡ MEDIUM OVERTAKE CHANCE,0.0,50.0,0.0
1409,21672,5.253818181818182,0.0,📉 MOVING AWAY,False,60,⚡ MEDIUM OVERTAKE CHANCE,0.0,50.0,0.0
1410,21672,5.253818181818182,398.40000000000146,📈 APPROACHING,True,63,⚡ MEDIUM OVERTAKE CHANCE,0.0,50.0,30.0
1411,21672,5.253818181818182,398.40000000000146,📈 APPROACHING,True,66,⚡ MEDIUM OVERTAKE CHANCE,0.0,50.0,30.0
1412,23760,5.76,398.40000000000146,📈 APPROACHING,True,69,⚡ MEDIUM OVERTAKE CHANCE,0.0,50.0,30.0
1413,23760,5.76,398.40000000000146,📈 APPROACHING,True,72,🚀 HIGH OVERTAKE CHANCE!,0.0,50.0,30.0
1414,23760,5.76,398.40000000000146,📈 APPROACHING,True,75,🚀 HIGH OVERTAKE CHANCE!,0.0,50.0,30.0
1415,23760,5.658763636363637,1670.4000000000015,📈 APPROACHING,True,78,🚀 HIGH OVERTAKE CHANCE!,0.0,50.0,30.0
1416,23760,5.76,1670.4000000000015,📈 APPROACHING,True,81,🚀 HIGH OVERTAKE CHANCE!,0.0,50.0,30.0
1417,23760,5.76,1670.4000000000015,📈 APPROACHING,True,84,🚀 HIGH OVERTAKE CHANCE!,0.0,50.0,30.0
1418,26410,6.402424242424242,1670.4000000000015,📈 APPROACHING,True,87,🚀 HIGH OVERTAKE CHANCE!,0.0,50.0,30.0
1419,26410,6.402424242424242,1670.4000000000015,📈 APPROACHING,True,90,🚀 HIGH OVERTAKE CHANCE!,0.0,50.0,30.0
1420,26410,6.1454545454545455,2007.5999999999985,📈 APPROACHING,True,91,🚀 HIGH OVERTAKE CHANCE!,0.0,50.0,30.0
1421,26410,6.402424242424242,2007.5999999999985,📈 APPROACHING,True,92,🚀 HIGH OVERTAKE CHANCE!,0.0,50.0,30.0
1422,26410,6.402424242424242,2007.5999999999985,📈 APPROACHING,True,93,🚀 HIGH OVERTAKE CHANCE!,0.0,50.0,30.0
1423,26410,6.402424242424242,2007.5999999999985,📈 APPROACHING,True,94,🚀 HIGH OVERTAKE CHANCE!,0.0,50.0,30.0
1424,29054,7.0433939393939395,2007.5999999999985,📈 APPROACHING,True,95,🚀 HIGH OVERTAKE CHANCE!,0.0,50.0,30.0
1425,29054,6.6588121212121205,2117.5999999999985,📈 APPROACHING,True,95,🚀 HIGH OVERTAKE CHANCE!,2.5,50.0,30.0
1426,29054,7.0433939393939395,2117.5999999999985,📈 APPROACHING,True,96,🚀 HIGH OVERTAKE CHANCE!,2.5,50.0,30.0
1427,29054,7.0433939393939395,2117.5999999999985,📈 APPROACHING,True,97,🚀 HIGH OVERTAKE CHANCE!,2.5,50.0,30.0
1428,29054,7.0433939393939395,2117.5999999999985,📈 APPROACHING,True,97,🚀 HIGH OVERTAKE CHANCE!,2.5,50.0,30.0
1429,31977,7.752,2117.5999999999985,📈 APPROACHING,True,98,🚀 HIGH OVERTAKE CHANCE!,2.5,50.0,30.0
1430,31977,7.326836363636364,2755.600000000002,📈 APPROACHING,True,98,🚀 HIGH OVERTAKE CHANCE!,5.0,50.0,30.0
1431,31977,7.752,2755.600000000002,📈 APPROACHING,True,97,🚀 HIGH OVERTAKE CHANCE!,5.0,50.0,30.0
1432,31977,7.752,2755.600000000002,📈 APPROACHING,True,97,🚀 HIGH OVERTAKE CHANCE!,5.0,50.0,30.0
1433,31977,7.752,2755.600000000002,📈 APPROACHING,True,96,🚀 HIGH OVERTAKE CHANCE!,5.0,50.0,30.0
1434,31977,7.752,2755.600000000002,📈 APPROACHING,True,96,🚀 HIGH OVERTAKE CHANCE!,5.0,50.0,30.0
1435,31977,7.752,1753.7999999999993,📈 APPROACHING,True,95,🚀 HIGH OVERTAKE CHANCE!,7.5,50.0,30.0
1436,31977,7.752,1753.7999999999993,📈 APPROACHING,True,95,🚀 HIGH OVERTAKE CHANCE!,7.5,50.0,30.0
1437,31977,7.752,1753.7999999999993,📈 APPROACHING,True,94,🚀 HIGH OVERTAKE CHANCE!,7.5,50.0,30.0
1438,35259,8.547636363636364,1753.7999999999993,📈 APPROACHING,True,94,🚀 HIGH OVERTAKE CHANCE!,7.5,50.0,30.0
1439,35259,8.547636363636364,1753.7999999999993,📈 APPROACHING,True,93,🚀 HIGH OVERTAKE CHANCE!,7.5,50.0,30.0
1440,31977,8.070254545454546,1312.800000000003,📈 APPROACHING,True,93,🚀 HIGH OVERTAKE CHANCE!,10.0,50.0,30.0
1441,35259,8.547636363636364,1312.800000000003,📈 APPROACHING,True,92,🚀 HIGH OVERTAKE CHANCE!,10.0,50.0,30.0
1442,35259,8.547636363636364,1312.800000000003,📈 APPROACHING,True,92,🚀 HIGH OVERTAKE CHANCE!,10.0,50.0,30.0
1443,35259,8.547636363636364,1312.800000000003,📈 APPROACHING,True,91,🚀 HIGH OVERTAKE CHANCE!,10.0,50.0,30.0
1444,35259,8.547636363636364,1312.800000000003,📈 APPROACHING,True,91,🚀 HIGH OVERTAKE CHANCE!,10.0,50.0,30.0
1445,35259,8.547636363636364,1969.199999999997,📈 APPROACHING,True,90,🚀 HIGH OVERTAKE CHANCE!,12.5,50.0,30.0
1446,35259,8.547636363636364,1969.199999999997,📈 APPROACHING,True,90,🚀 HIGH OVERTAKE CHANCE!,12.5,50.0,30.0
1447,35259,8.547636363636364,1969.199999999997,📈 APPROACHING,True,89,🚀 HIGH OVERTAKE CHANCE!,12.5,50.0,30.0
1448,35259,8.547636363636364,1969.199999999997,📈 APPROACHING,True,89,🚀 HIGH OVERTAKE CHANCE!,12.5,50.0,30.0
1449,35259,8.547636363636364,1969.199999999997,📈 APPROACHING,True,88,🚀 HIGH OVERTAKE CHANCE!,12.5,50.0,30.0
1450,35259,8.547636363636364,0.0,📉 MOVING AWAY,False,85,🚀 HIGH OVERTAKE CHANCE!,0.0,50.0,0.0
1451,35259,8.547636363636364,0.0,📉 MOVING AWAY,False,82,🚀 HIGH OVERTAKE CHANCE!,0.0,50.0,0.0
1452,35259,8.547636363636364,0.0,📉 MOVING AWAY,False,79,🚀 HIGH OVERTAKE CHANCE!,0.0,50.0,0.0
1453,35259,8.547636363636364,0.0,📉 MOVING AWAY,False,76,🚀 HIGH OVERTAKE CHANCE!,0.0,50.0,0.0
1454,35259,8.547636363636364,0.0,📉 MOVING AWAY,False,73,🚀 HIGH OVERTAKE CHANCE!,0.0,50.0,0.0
1455,35259,8.547636363636364,0.0,📉 MOVING AWAY,False,70,🚀 HIGH OVERTAKE CHANCE!,0.0,50.0,0.0
1456,38870,9.423030303030304,0.0,📉 MOVING AWAY,False,68,⚡ MEDIUM OVERTAKE CHANCE,0.0,50.0,0.0
1457,35259,8.547636363636364,0.0,📉 MOVING AWAY,False,65,⚡ MEDIUM OVERTAKE CHANCE,0.0,50.0,0.0
1458,35259,8.547636363636364,0.0,📉 MOVING AWAY,False,62,⚡ MEDIUM OVERTAKE CHANCE,0.0,50.0,0.0
1459,35259,8.547636363636364,0.0,📉 MOVING AWAY,False,60,⚡ MEDIUM OVERTAKE CHANCE,0.0,50.0,0.0
1460,31977,8.56358787878788,65.80000000000291,📈 APPROACHING,True,60,⚡ MEDIUM OVERTAKE CHANCE,0.0,50.0,9.870000000000436
1461,31977,7.752,65.80000000000291,📈 APPROACHING,True,61,⚡ MEDIUM OVERTAKE CHANCE,0.0,50.0,9.870000000000436
1462,35259,8.547636363636364,65.80000000000291,📈 APPROACHING,True,62,⚡ MEDIUM OVERTAKE CHANCE,0.0,50.0,9.870000000000436
1463,31977,7.752,65.80000000000291,📈 APPROACHING,True,63,⚡ MEDIUM OVERTAKE CHANCE,0.0,50.0,9.870000000000436
1464,31977,7.752,65.80000000000291,📈 APPROACHING,True,64,⚡ MEDIUM OVERTAKE CHANCE,0.0,50.0,9.870000000000436
1465,31977,7.911127272727273,-2691.4000000000015,📉 MOVING AWAY,False,64,⚡ MEDIUM OVERTAKE CHANCE,0.0,50.0,0.0
1466,31977,7.752,-2691.4000000000015,📉 MOVING AWAY,False,64,⚡ MEDIUM OVERTAKE CHANCE,0.0,50.0,0.0
1467,31977,7.752,-2691.4000000000015,📉 MOVING AWAY,False,64,⚡ MEDIUM OVERTAKE CHANCE,0.0,50.0,0.0
1468,31977,7.752,-2691.4000000000015,📉 MOVING AWAY,False,64,⚡ MEDIUM OVERTAKE CHANCE,0.0,50.0,0.0
1469,31977,7.752,-2691.4000000000015,📉 MOVING AWAY,False,64,⚡ MEDIUM OVERTAKE CHANCE,0.0,50.0,0.0
1470,31977,7.752,-656.4000000000015,📉 MOVING AWAY,False,63,⚡ MEDIUM OVERTAKE CHANCE,0.0,50.0,0.0
1471,31977,7.752,-656.4000000000015,📉 MOVING AWAY,False,62,⚡ MEDIUM OVERTAKE CHANCE,0.0,50.0,0.0
1472,31977,7.752,-656.4000000000015,📉 MOVING AWAY,False,61,⚡ MEDIUM OVERTAKE CHANCE,0.0,50.0,0.0
1473,29054,7.0433939393939395,-656.4000000000015,📉 MOVING AWAY,False,60,⚡ MEDIUM OVERTAKE CHANCE,0.0,50.0,0.0
1474,29054,7.0433939393939395,-656.4000000000015,📉 MOVING AWAY,False,60,⚡ MEDIUM OVERTAKE CHANCE,0.0,50.0,0.0
1475,29054,7.326836363636364,-1753.7999999999993,📉 MOVING AWAY,False,60,⚡ MEDIUM OVERTAKE CHANCE,0.0,50.0,0.0
1476,29054,7.0433939393939395,-1753.7999999999993,📉 MOVING AWAY,False,60,⚡ MEDIUM OVERTAKE CHANCE,0.0,50.0,0.0
1477,29054,7.0433939393939395,-1753.7999999999993,📉 MOVING AWAY,False,60,⚡ MEDIUM OVERTAKE CHANCE,0.0,50.0,0.0
1478,29054,7.0433939393939395,-1753.7999999999993,📉 MOVING AWAY,False,60,⚡ MEDIUM OVERTAKE CHANCE,0.0,50.0,0.0
1479,29054,7.0433939393939395,-1753.7999999999993,📉 MOVING AWAY,False,60,⚡ MEDIUM OVERTAKE CHANCE,0.0,50.0,0.0
1480,29054,7.0433939393939395,-1169.2000000000007,📉 MOVING AWAY,False,60,⚡ MEDIUM OVERTAKE CHANCE,0.0,50.0,0.0
1481,29054,7.0433939393939395,-1169.2000000000007,📉 MOVING AWAY,False,60,⚡ MEDIUM OVERTAKE CHANCE,0.0,50.0,0.0
1482,29054,7.0433939393939395,-1169.2000000000007,📉 MOVING AWAY,False,60,⚡ MEDIUM OVERTAKE CHANCE,0.0,50.0,0.0
1483,29054,7.0433939393939395,-1169.2000000000007,📉 MOVING AWAY,False,60,⚡ MEDIUM OVERTAKE CHANCE,0.0,50.0,0.0
1484,29054,7.0433939393939395,-1169.2000000000007,📉 MOVING AWAY,False,60,⚡ MEDIUM OVERTAKE CHANCE,0.0,50.0,0.0
1485,29054,7.0433939393939395,0.0,📉 MOVING AWAY,False,60,⚡ MEDIUM OVERTAKE CHANCE,0.0,50.0,0.0
1486,29054,7.0433939393939395,0.0,📉 MOVING AWAY,False,60,⚡ MEDIUM OVERTAKE CHANCE,0.0,50.0,0.0
1487,29054,7.0433939393939395,0.0,📉 MOVING AWAY,False,60,⚡ MEDIUM OVERTAKE CHANCE,0.0,50.0,0.0
1488,29054,7.0433939393939395,0.0,📉 MOVING AWAY,False,60,⚡ MEDIUM OVERTAKE CHANCE,0.0,50.0,0.0
1489,29054,7.0433939393939395,0.0,📉 MOVING AWAY,False,60,⚡ MEDIUM OVERTAKE CHANCE,0.0,50.0,0.0
1490,29054,7.0433939393939395,0.0,📉 MOVING AWAY,False,60,⚡ MEDIUM OVERTAKE CHANCE,0.0,50.0,0.0
1491,29054,7.0433939393939395,0.0,📉 MOVING AWAY,False,60,⚡ MEDIUM OVERTAKE CHANCE,0.0,50.0,0.0
1492,29054,7.0433939393939395,0.0,📉 MOVING AWAY,False,60,⚡ MEDIUM OVERTAKE CHANCE,0.0,50.0,0.0
1493,29054,7.0433939393939395,0.0,📉 MOVING AWAY,False,60,⚡ MEDIUM OVERTAKE CHANCE,0.0,50.0,0.0
1494,29054,7.0433939393939395,0.0,📉 MOVING AWAY,False,60,⚡ MEDIUM OVERTAKE CHANCE,0.0,50.0,0.0
1495,29054,7.0433939393939395,0.0,📉 MOVING AWAY,False,60,⚡ MEDIUM OVERTAKE CHANCE,0.0,50.0,0.0
1496,29054,7.0433939393939395,0.0,📉 MOVING AWAY,False,60,⚡ MEDIUM OVERTAKE CHANCE,0.0,50.0,0.0
1497,29054,7.0433939393939395,0.0,📉 MOVING AWAY,False,60,⚡ MEDIUM OVERTAKE CHANCE,0.0,50.0,0.0
1498,29054,7.0433939393939395,0.0,📉 MOVING AWAY,False,60,⚡ MEDIUM OVERTAKE CHANCE,0.0,50.0,0.0
1499,29054,7.0433939393939395,0.0,📉 MOVING AWAY,False,60,⚡ MEDIUM OVERTAKE CHANCE,0.0,50.0,0.0
1500,29054,7.0433939393939395,0.0,📉 MOVING AWAY,False,60,⚡ MEDIUM OVERTAKE CHANCE,0.0,50.0,0.0
1501,29054,7.0433939393939395,0.0,📉 MOVING AWAY,False,60,⚡ MEDIUM OVERTAKE CHANCE,0.0,50.0,0.0
1502,29054,7.0433939393939395,0.0,📉 MOVING AWAY,False,60,⚡ MEDIUM OVERTAKE CHANCE,0.0,50.0,0.0
1503,29054,7.0433939393939395,0.0,📉 MOVING AWAY,False,60,⚡ MEDIUM OVERTAKE CHANCE,0.0,50.0,0.0
1504,29054,7.0433939393939395,0.0,📉 MOVING AWAY,False,60,⚡ MEDIUM OVERTAKE CHANCE,0.0,50.0,0.0
1505,29054,7.0433939393939395,0.0,📉 MOVING AWAY,False,60,⚡ MEDIUM OVERTAKE CHANCE,0.0,50.0,0.0
1506,29054,7.0433939393939395,0.0,📉 MOVING AWAY,False,60,⚡ MEDIUM OVERTAKE CHANCE,0.0,50.0,0.0
1507,29054,7.0433939393939395,0.0,📉 MOVING AWAY,False,60,⚡ MEDIUM OVERTAKE CHANCE,0.0,50.0,0.0
1508,29054,7.0433939393939395,0.0,📉 MOVING AWAY,False,60,⚡ MEDIUM OVERTAKE CHANCE,0.0,50.0,0.0
1509,29054,7.0433939393939395,0.0,📉 MOVING AWAY,False,60,⚡ MEDIUM OVERTAKE CHANCE,0.0,50.0,0.0
1510,29054,7.0433939393939395,0.0,📉 MOVING AWAY,False,60,⚡ MEDIUM OVERTAKE CHANCE,0.0,50.0,0.0
1511,29054,7.0433939393939395,0.0,📉 MOVING AWAY,False,60,⚡ MEDIUM OVERTAKE CHANCE,0.0,50.0,0.0
1512,29054,7.0433939393939395,0.0,📉 MOVING AWAY,False,60,⚡ MEDIUM OVERTAKE CHANCE,0.0,50.0,0.0
1513,29054,7.0433939393939395,0.0,📉 MOVING AWAY,False,60,⚡ MEDIUM OVERTAKE CHANCE,0.0,50.0,0.0
1514,29054,7.0433939393939395,0.0,📉 MOVING AWAY,False,60,⚡ MEDIUM OVERTAKE CHANCE,0.0,50.0,0.0
1515,29054,7.0433939393939395,0.0,📉 MOVING AWAY,False,60,⚡ MEDIUM OVERTAKE CHANCE,0.0,50.0,0.0
1516,29054,7.0433939393939395,0.0,📉 MOVING AWAY,False,60,⚡ MEDIUM OVERTAKE CHANCE,0.0,50.0,0.0
1517,29054,7.0433939393939395,0.0,📉 MOVING AWAY,False,60,⚡ MEDIUM OVERTAKE CHANCE,0.0,50.0,0.0
1518,29054,7.0433939393939395,0.0,📉 MOVING AWAY,False,60,⚡ MEDIUM OVERTAKE CHANCE,0.0,50.0,0.0
1519,29054,7.0433939393939395,0.0,📉 MOVING AWAY,False,60,⚡ MEDIUM OVERTAKE CHANCE,0.0,50.0,0.0
1520,29054,7.0433939393939395,0.0,📉 MOVING AWAY,False,60,⚡ MEDIUM OVERTAKE CHANCE,0.0,50.0,0.0
1521,29054,7.0433939393939395,0.0,📉 MOVING AWAY,False,60,⚡ MEDIUM OVERTAKE CHANCE,0.0,50.0,0.0
1522,29054,7.0433939393939395,0.0,📉 MOVING AWAY,False,60,⚡ MEDIUM OVERTAKE CHANCE,0.0,50.0,0.0
1523,29054,7.0433939393939395,0.0,📉 MOVING AWAY,False,60,⚡ MEDIUM OVERTAKE CHANCE,0.0,50.0,0.0
1524,29054,7.0433939393939395,0.0,📉 MOVING AWAY,False,60,⚡ MEDIUM OVERTAKE CHANCE,0.0,50.0,0.0
1525,29054,7.0433939393939395,0.0,📉 MOVING AWAY,False,60,⚡ MEDIUM OVERTAKE CHANCE,0.0,50.0,0.0
1526,29054,7.0433939393939395,0.0,📉 MOVING AWAY,False,60,⚡ MEDIUM OVERTAKE CHANCE,0.0,50.0,0.0
1527,29054,7.0433939393939395,0.0,📉 MOVING AWAY,False,60,⚡ MEDIUM OVERTAKE CHANCE,0.0,50.0,0.0
1528,29054,7.0433939393939395,0.0,📉 MOVING AWAY,False,60,⚡ MEDIUM OVERTAKE CHANCE,0.0,50.0,0.0
1529,29054,7.0433939393939395,0.0,📉 MOVING AWAY,False,60,⚡ MEDIUM OVERTAKE CHANCE,0.0,50.0,0.0
1530,29054,7.0433939393939395,0.0,📉 MOVING AWAY,False,60,⚡ MEDIUM OVERTAKE CHANCE,0.0,50.0,0.0
1531,29054,7.0433939393939395,0.0,📉 MOVING AWAY,False,60,⚡ MEDIUM OVERTAKE CHANCE,0.0,50.0,0.0
1532,29054,7.0433939393939395,0.0,📉 MOVING AWAY,False,60,⚡ MEDIUM OVERTAKE CHANCE,0.0,50.0,0.0
1533,29054,7.0433939393939395,0.0,📉 MOVING AWAY,False,60,⚡ MEDIUM OVERTAKE CHANCE,0.0,50.0,0.0
1534,29054,7.0433939393939395,0.0,📉 MOVING AWAY,False,60,⚡ MEDIUM OVERTAKE CHANCE,0.0,50.0,0.0
1535,29054,7.0433939393939395,0.0,📉 MOVING AWAY,False,60,⚡ MEDIUM OVERTAKE CHANCE,0.0,50.0,0.0
1536,29054,7.0433939393939395,0.0,📉 MOVING AWAY,False,60,⚡ MEDIUM OVERTAKE CHANCE,0.0,50.0,0.0
1537,29054,7.0433939393939395,0.0,📉 MOVING AWAY,False,60,⚡ MEDIUM OVERTAKE CHANCE,0.0,50.0,0.0
1538,29054,7.0433939393939395,0.0,📉 MOVING AWAY,False,60,⚡ MEDIUM OVERTAKE CHANCE,0.0,50.0,0.0
1539,29054,7.0433939393939395,0.0,📉 MOVING AWAY,False,60,⚡ MEDIUM OVERTAKE CHANCE,0.0,50.0,0.0
1540,29054,7.0433939393939395,0.0,📉 MOVING AWAY,False,60,⚡ MEDIUM OVERTAKE CHANCE,0.0,50.0,0.0
1541,29054,7.0433939393939395,0.0,📉 MOVING AWAY,False,60,⚡ MEDIUM OVERTAKE CHANCE,0.0,50.0,0.0
1542,29054,7.0433939393939395,0.0,📉 MOVING AWAY,False,60,⚡ MEDIUM OVERTAKE CHANCE,0.0,50.0,0.0
1543,29054,7.0433939393939395,0.0,📉 MOVING AWAY,False,60,⚡ MEDIUM OVERTAKE CHANCE,0.0,50.0,0.0
1544,29054,7.0433939393939395,0.0,📉 MOVING AWAY,False,60,⚡ MEDIUM OVERTAKE CHANCE,0.0,50.0,0.0
1545,29054,7.0433939393939395,0.0,📉 MOVING AWAY,False,60,⚡ MEDIUM OVERTAKE CHANCE,0.0,50.0,0.0
1546,29054,7.0433939393939395,0.0,📉 MOVING AWAY,False,60,⚡ MEDIUM OVERTAKE CHANCE,0.0,50.0,0.0
1547,29054,7.0433939393939395,0.0,📉 MOVING AWAY,False,60,⚡ MEDIUM OVERTAKE CHANCE,0.0,50.0,0.0
1548,26410,6.402424242424242,0.0,📉 MOVING AWAY,False,60,⚡ MEDIUM OVERTAKE CHANCE,0.0,50.0,0.0
1549,26410,6.402424242424242,0.0,📉 MOVING AWAY,False,60,⚡ MEDIUM OVERTAKE CHANCE,0.0,50.0,0.0
1550,26410,6.6588121212121205,-1586.4000000000015,📉 MOVING AWAY,False,60,⚡ MEDIUM OVERTAKE CHANCE,0.0,50.0,0.0
1551,26410,6.402424242424242,-1586.4000000000015,📉 MOVING AWAY,False,60,⚡ MEDIUM OVERTAKE CHANCE,0.0,50.0,0.0
1552,26410,6.402424242424242,-1586.4000000000015,📉 MOVING AWAY,False,60,⚡ MEDIUM OVERTAKE CHANCE,0.0,50.0,0.0
1553,26410,6.402424242424242,-1586.4000000000015,📉 MOVING AWAY,False,60,⚡ MEDIUM OVERTAKE CHANCE,0.0,50.0,0.0
1554,26410,6.402424242424242,-1586.4000000000015,📉 MOVING AWAY,False,60,⚡ MEDIUM OVERTAKE CHANCE,0.0,50.0,0.0
1555,26410,6.402424242424242,-1057.5999999999985,📉 MOVING AWAY,False,60,⚡ MEDIUM OVERTAKE CHANCE,0.0,50.0,0.0
1556,26410,6.402424242424242,-1057.5999999999985,📉 MOVING AWAY,False,60,⚡ MEDIUM OVERTAKE CHANCE,0.0,50.0,0.0
1557,23760,5.76,-1057.5999999999985,📉 MOVING AWAY,False,60,⚡ MEDIUM OVERTAKE CHANCE,0.0,50.0,0.0
1558,23760,5.76,-1057.5999999999985,📉 MOVING AWAY,False,60,⚡ MEDIUM OVERTAKE CHANCE,0.0,50.0,0.0
1559,23760,5.76,-1057.5999999999985,📉 MOVING AWAY,False,60,⚡ MEDIUM OVERTAKE CHANCE,0.0,50.0,0.0
1560,23760,5.888484848484849,-2120.0,📉 MOVING AWAY,False,60,⚡ MEDIUM OVERTAKE CHANCE,0.0,50.0,0.0
1561,23760,5.76,-2120.0,📉 MOVING AWAY,False,60,⚡ MEDIUM OVERTAKE CHANCE,0.0,50.0,0.0
1562,23760,5.76,-2120.0,📉 MOVING AWAY,False,60,⚡ MEDIUM OVERTAKE CHANCE,0.0,50.0,0.0
1563,23760,5.76,-2120.0,📉 MOVING AWAY,False,60,⚡ MEDIUM OVERTAKE CHANCE,0.0,50.0,0.0
1564,23760,5.76,-2120.0,📉 MOVING AWAY,False,60,⚡ MEDIUM OVERTAKE CHANCE,0.0,50.0,0.0
1565,23760,5.76,-530.0,📉 MOVING AWAY,False,60,⚡ MEDIUM OVERTAKE CHANCE,0.0,50.0,0.0
1566,23760,5.76,-530.0,📉 MOVING AWAY,False,60,⚡ MEDIUM OVERTAKE CHANCE,0.0,50.0,0.0
1567,23760,5.76,-530.0,📉 MOVING AWAY,False,60,⚡ MEDIUM OVERTAKE CHANCE,0.0,50.0,0.0
1568,23760,5.76,-530.0,📉 MOVING AWAY,False,60,⚡ MEDIUM OVERTAKE CHANCE,0.0,50.0,0.0
1569,23760,5.76,-530.0,📉 MOVING AWAY,False,60,⚡ MEDIUM OVERTAKE CHANCE,0.0,50.0,0.0
1570,23760,5.76,0.0,📉 MOVING AWAY,False,60,⚡ MEDIUM OVERTAKE CHANCE,0.0,50.0,0.0
1571,23760,5.76,0.0,📉 MOVING AWAY,False,60,⚡ MEDIUM OVERTAKE CHANCE,0.0,50.0,0.0
1572,23760,5.76,0.0,📉 MOVING AWAY,False,60,⚡ MEDIUM OVERTAKE CHANCE,0.0,50.0,0.0
1573,23760,5.76,0.0,📉 MOVING AWAY,False,60,⚡ MEDIUM OVERTAKE CHANCE,0.0,50.0,0.0
1574,23760,5.76,0.0,📉 MOVING AWAY,False,60,⚡ MEDIUM OVERTAKE CHANCE,0.0,50.0,0.0
1575,26410,5.888484848484849,530.0,📈 APPROACHING,True,63,⚡ MEDIUM OVERTAKE CHANCE,0.0,50.0,30.0
1576,26410,6.402424242424242,530.0,📈 APPROACHING,True,66,⚡ MEDIUM OVERTAKE CHANCE,0.0,50.0,30.0
1577,26410,6.402424242424242,530.0,📈 APPROACHING,True,69,⚡ MEDIUM OVERTAKE CHANCE,0.0,50.0,30.0
1578,26410,6.402424242424242,530.0,📈 APPROACHING,True,72,🚀 HIGH OVERTAKE CHANCE!,0.0,50.0,30.0
1579,26410,6.402424242424242,530.0,📈 APPROACHING,True,75,🚀 HIGH OVERTAKE CHANCE!,0.0,50.0,30.0
1580,26410,6.402424242424242,2120.0,📈 APPROACHING,True,78,🚀 HIGH OVERTAKE CHANCE!,0.0,50.0,30.0
1581,26410,6.402424242424242,2120.0,📈 APPROACHING,True,81,🚀 HIGH OVERTAKE CHANCE!,0.0,50.0,30.0
1582,26410,6.402424242424242,2120.0,📈 APPROACHING,True,84,🚀 HIGH OVERTAKE CHANCE!,0.0,50.0,30.0
1583,26410,6.402424242424242,2120.0,📈 APPROACHING,True,87,🚀 HIGH OVERTAKE CHANCE!,0.0,50.0,30.0
1584,26410,6.402424242424242,2120.0,📈 APPROACHING,True,90,🚀 HIGH OVERTAKE CHANCE!,0.0,50.0,30.0
1585,26410,6.402424242424242,0.0,📉 MOVING AWAY,False,87,🚀 HIGH OVERTAKE CHANCE!,0.0,50.0,0.0
1586,26410,6.402424242424242,0.0,📉 MOVING AWAY,False,84,🚀 HIGH OVERTAKE CHANCE!,0.0,50.0,0.0
1587,26410,6.402424242424242,0.0,📉 MOVING AWAY,False,81,🚀 HIGH OVERTAKE CHANCE!,0.0,50.0,0.0
1588,26410,6.402424242424242,0.0,📉 MOVING AWAY,False,78,🚀 HIGH OVERTAKE CHANCE!,0.0,50.0,0.0
1589,26410,6.402424242424242,0.0,📉 MOVING AWAY,False,75,🚀 HIGH OVERTAKE CHANCE!,0.0,50.0,0.0
1590,26410,6.402424242424242,0.0,📉 MOVING AWAY,False,72,🚀 HIGH OVERTAKE CHANCE!,0.0,50.0,0.0
1591,26410,6.402424242424242,0.0,📉 MOVING AWAY,False,69,⚡ MEDIUM OVERTAKE CHANCE,0.0,50.0,0.0
1592,26410,6.402424242424242,0.0,📉 MOVING AWAY,False,66,⚡ MEDIUM OVERTAKE CHANCE,0.0,50.0,0.0
1593,26410,6.402424242424242,0.0,📉 MOVING AWAY,False,63,⚡ MEDIUM OVERTAKE CHANCE,0.0,50.0,0.0
1594,26410,6.402424242424242,0.0,📉 MOVING AWAY,False,60,⚡ MEDIUM OVERTAKE CHANCE,0.0,50.0,0.0
1595,23760,6.273939393939394,-530.0,📉 MOVING AWAY,False,60,⚡ MEDIUM OVERTAKE CHANCE,0.0,50.0,0.0
1596,23760,5.76,-530.0,📉 MOVING AWAY,False,60,⚡ MEDIUM OVERTAKE CHANCE,0.0,50.0,0.0
1597,23760,5.76,-530.0,📉 MOVING AWAY,False,60,⚡ MEDIUM OVERTAKE CHANCE,0.0,50.0,0.0
1598,23760,5.76,-530.0,📉 MOVING AWAY,False,60,⚡ MEDIUM OVERTAKE CHANCE,0.0,50.0,0.0
1599,23760,5.76,-530.0,📉 MOVING AWAY,False,60,⚡ MEDIUM OVERTAKE CHANCE,0.0,50.0,0.0
1600,26410,5.888484848484849,-1590.0,📉 MOVING AWAY,False,60,⚡ MEDIUM OVERTAKE CHANCE,0.0,50.0,0.0
1601,26410,6.402424242424242,-1590.0,📉 MOVING AWAY,False,60,⚡ MEDIUM OVERTAKE CHANCE,0.0,50.0,0.0
1602,26410,6.402424242424242,-1590.0,📉 MOVING AWAY,False,60,⚡ MEDIUM OVERTAKE CHANCE,0.0,50.0,0.0
1603,26410,6.402424242424242,-1590.0,📉 MOVING AWAY,False,60,⚡ MEDIUM OVERTAKE CHANCE,0.0,50.0,0.0
1604,26410,6.402424242424242,-1590.0,📉 MOVING AWAY,False,60,⚡ MEDIUM OVERTAKE CHANCE,0.0,50.0,0.0
1605,26410,6.402424242424242,2120.0,📈 APPROACHING,True,63,⚡ MEDIUM OVERTAKE CHANCE,0.0,50.0,30.0
1606,26410,6.402424242424242,2120.0,📈 APPROACHING,True,66,⚡ MEDIUM OVERTAKE CHANCE,0.0,50.0,30.0
1607,26410,6.402424242424242,2120.0,📈 APPROACHING,True,69,⚡ MEDIUM OVERTAKE CHANCE,0.0,50.0,30.0
1608,29054,7.0433939393939395,2120.0,📈 APPROACHING,True,72,🚀 HIGH OVERTAKE CHANCE!,0.0,50.0,30.0
1609,26410,6.402424242424242,2120.0,📈 APPROACHING,True,75,🚀 HIGH OVERTAKE CHANCE!,0.0,50.0,30.0
1610,29054,6.6588121212121205,1057.5999999999985,📈 APPROACHING,True,78,🚀 HIGH OVERTAKE CHANCE!,0.0,50.0,30.0
1611,29054,7.0433939393939395,1057.5999999999985,📈 APPROACHING,True,81,🚀 HIGH OVERTAKE CHANCE!,0.0,50.0,30.0
1612,29054,7.0433939393939395,1057.5999999999985,📈 APPROACHING,True,84,🚀 HIGH OVERTAKE CHANCE!,0.0,50.0,30.0
1613,29054,7.0433939393939395,1057.5999999999985,📈 APPROACHING,True,87,🚀 HIGH OVERTAKE CHANCE!,0.0,50.0,30.0
1614,29054,7.0433939393939395,1057.5999999999985,📈 APPROACHING,True,90,🚀 HIGH OVERTAKE CHANCE!,0.0,50.0,30.0
1615,29054,7.0433939393939395,1586.4000000000015,📈 APPROACHING,True,91,🚀 HIGH OVERTAKE CHANCE!,0.0,50.0,30.0
1616,31977,7.752,1586.4000000000015,📈 APPROACHING,True,92,🚀 HIGH OVERTAKE CHANCE!,0.0,50.0,30.0
1617,31977,7.752,1586.4000000000015,📈 APPROACHING,True,93,🚀 HIGH OVERTAKE CHANCE!,0.0,50.0,30.0
1618,31977,7.752,1586.4000000000015,📈 APPROACHING,True,94,🚀 HIGH OVERTAKE CHANCE!,0.0,50.0,30.0
1619,31977,7.752,1586.4000000000015,📈 APPROACHING,True,95,🚀 HIGH OVERTAKE CHANCE!,0.0,50.0,30.0
1620,31977,7.752,2923.0,📈 APPROACHING,True,95,🚀 HIGH OVERTAKE CHANCE!,2.5,50.0,30.0
1621,31977,7.752,2923.0,📈 APPROACHING,True,96,🚀 HIGH OVERTAKE CHANCE!,2.5,50.0,30.0
1622,31977,7.752,2923.0,📈 APPROACHING,True,97,🚀 HIGH OVERTAKE CHANCE!,2.5,50.0,30.0
1623,31977,7.752,2923.0,📈 APPROACHING,True,97,🚀 HIGH OVERTAKE CHANCE!,2.5,50.0,30.0
1624,31977,7.752,2923.0,📈 APPROACHING,True,98,🚀 HIGH OVERTAKE CHANCE!,2.5,50.0,30.0
1625,31977,7.752,0.0,📉 MOVING AWAY,False,94,🚀 HIGH OVERTAKE CHANCE!,0.0,50.0,0.0
1626,31977,7.752,0.0,📉 MOVING AWAY,False,90,🚀 HIGH OVERTAKE CHANCE!,0.0,50.0,0.0
1627,31977,7.752,0.0,📉 MOVING AWAY,False,86,🚀 HIGH OVERTAKE CHANCE!,0.0,50.0,0.0
1628,35259,8.547636363636364,0.0,📉 MOVING AWAY,False,82,🚀 HIGH OVERTAKE CHANCE!,0.0,50.0,0.0
1629,35259,8.547636363636364,0.0,📉 MOVING AWAY,False,78,🚀 HIGH OVERTAKE CHANCE!,0.0,50.0,0.0
1630,35259,8.229381818181817,1969.199999999997,📈 APPROACHING,True,77,🚀 HIGH OVERTAKE CHANCE!,0.0,50.0,30.0
1631,35259,8.547636363636364,1969.199999999997,📈 APPROACHING,True,77,🚀 HIGH OVERTAKE CHANCE!,0.0,50.0,30.0
1632,31977,7.752,1969.199999999997,📈 APPROACHING,True,76,🚀 HIGH OVERTAKE CHANCE!,0.0,50.0,30.0
1633,31977,7.752,1969.199999999997,📈 APPROACHING,True,75,🚀 HIGH OVERTAKE CHANCE!,0.0,50.0,30.0
1634,31977,7.752,1969.199999999997,📈 APPROACHING,True,75,🚀 HIGH OVERTAKE CHANCE!,0.0,50.0,30.0
1635,31977,7.911127272727273,-1312.7999999999956,📉 MOVING AWAY,False,75,🚀 HIGH OVERTAKE CHANCE!,0.0,50.0,0.0
1636,31977,7.752,-1312.7999999999956,📉 MOVING AWAY,False,75,🚀 HIGH OVERTAKE CHANCE!,0.0,50.0,0.0
1637,31977,7.752,-1312.7999999999956,📉 MOVING AWAY,False,75,🚀 HIGH OVERTAKE CHANCE!,0.0,50.0,0.0
1638,31977,7.752,-1312.7999999999956,📉 MOVING AWAY,False,75,🚀 HIGH OVERTAKE CHANCE!,0.0,50.0,0.0
1639,31977,7.752,-1312.7999999999956,📉 MOVING AWAY,False,75,🚀 HIGH OVERTAKE CHANCE!,0.0,50.0,0.0
1640,31977,7.752,-656.4000000000015,📉 MOVING AWAY,False,72,🚀 HIGH OVERTAKE CHANCE!,0.0,50.0,0.0
1641,31977,7.752,-656.4000000000015,📉 MOVING AWAY,False,69,⚡ MEDIUM OVERTAKE CHANCE,0.0,50.0,0.0
1642,31977,7.752,-656.4000000000015,📉 MOVING AWAY,False,66,⚡ MEDIUM OVERTAKE CHANCE,0.0,50.0,0.0
1643,31977,7.752,-656.4000000000015,📉 MOVING AWAY,False,63,⚡ MEDIUM OVERTAKE CHANCE,0.0,50.0,0.0
1644,31977,7.752,-656.4000000000015,📉 MOVING AWAY,False,60,⚡ MEDIUM OVERTAKE CHANCE,0.0,50.0,0.0
1645,31977,7.752,0.0,📉 MOVING AWAY,False,60,⚡ MEDIUM OVERTAKE CHANCE,0.0,50.0,0.0
1646,31977,7.752,0.0,📉 MOVING AWAY,False,60,⚡ MEDIUM OVERTAKE CHANCE,0.0,50.0,0.0
1647,31977,7.752,0.0,📉 MOVING AWAY,False,60,⚡ MEDIUM OVERTAKE CHANCE,0.0,50.0,0.0
1648,31977,7.752,0.0,📉 MOVING AWAY,False,60,⚡ MEDIUM OVERTAKE CHANCE,0.0,50.0,0.0
1649,31977,7.752,0.0,📉 MOVING AWAY,False,60,⚡ MEDIUM OVERTAKE CHANCE,0.0,50.0,0.0
1650,31977,7.752,0.0,📉 MOVING AWAY,False,60,⚡ MEDIUM OVERTAKE CHANCE,0.0,50.0,0.0
1651,31977,7.752,0.0,📉 MOVING AWAY,False,60,⚡ MEDIUM OVERTAKE CHANCE,0.0,50.0,0.0
1652,31977,7.752,0.0,📉 MOVING AWAY,False,60,⚡ MEDIUM OVERTAKE CHANCE,0.0,50.0,0.0
1653,31977,7.752,0.0,📉 MOVING AWAY,False,60,⚡ MEDIUM OVERTAKE CHANCE,0.0,50.0,0.0
1654,31977,7.752,0.0,📉 MOVING AWAY,False,60,⚡ MEDIUM OVERTAKE CHANCE,0.0,50.0,0.0
1655,31977,7.752,0.0,📉 MOVING AWAY,False,60,⚡ MEDIUM OVERTAKE CHANCE,0.0,50.0,0.0
1656,31977,7.752,0.0,📉 MOVING AWAY,False,60,⚡ MEDIUM OVERTAKE CHANCE,0.0,50.0,0.0
1657,31977,7.752,0.0,📉 MOVING AWAY,False,60,⚡ MEDIUM OVERTAKE CHANCE,0.0,50.0,0.0
1658,29054,7.0433939393939395,0.0,📉 MOVING AWAY,False,60,⚡ MEDIUM OVERTAKE CHANCE,0.0,50.0,0.0
1659,29054,7.0433939393939395,0.0,📉 MOVING AWAY,False,60,⚡ MEDIUM OVERTAKE CHANCE,0.0,50.0,0.0
1660,29054,7.326836363636364,-1753.7999999999993,📉 MOVING AWAY,False,60,⚡ MEDIUM OVERTAKE CHANCE,0.0,50.0,0.0
1661,29054,7.0433939393939395,-1753.7999999999993,📉 MOVING AWAY,False,60,⚡ MEDIUM OVERTAKE CHANCE,0.0,50.0,0.0
1662,29054,7.0433939393939395,-1753.7999999999993,📉 MOVING AWAY,False,60,⚡ MEDIUM OVERTAKE CHANCE,0.0,50.0,0.0
1663,29054,7.0433939393939395,-1753.7999999999993,📉 MOVING AWAY,False,60,⚡ MEDIUM OVERTAKE CHANCE,0.0,50.0,0.0
1664,29054,7.0433939393939395,-1753.7999999999993,📉 MOVING AWAY,False,60,⚡ MEDIUM OVERTAKE CHANCE,0.0,50.0,0.0
1665,29054,7.0433939393939395,-1169.2000000000007,📉 MOVING AWAY,False,60,⚡ MEDIUM OVERTAKE CHANCE,0.0,50.0,0.0
1666,29054,7.0433939393939395,-1169.2000000000007,📉 MOVING AWAY,False,60,⚡ MEDIUM OVERTAKE CHANCE,0.0,50.0,0.0
1667,29054,7.0433939393939395,-1169.2000000000007,📉 MOVING AWAY,False,60,⚡ MEDIUM OVERTAKE CHANCE,0.0,50.0,0.0
1668,29054,7.0433939393939395,-1169.2000000000007,📉 MOVING AWAY,False,60,⚡ MEDIUM OVERTAKE CHANCE,0.0,50.0,0.0
1669,29054,7.0433939393939395,-1169.2000000000007,📉 MOVING AWAY,False,60,⚡ MEDIUM OVERTAKE CHANCE,0.0,50.0,0.0
1670,29054,7.0433939393939395,0.0,📉 MOVING AWAY,False,60,⚡ MEDIUM OVERTAKE CHANCE,0.0,50.0,0.0
1671,29054,7.0433939393939395,0.0,📉 MOVING AWAY,False,60,⚡ MEDIUM OVERTAKE CHANCE,0.0,50.0,0.0
1672,29054,7.0433939393939395,0.0,📉 MOVING AWAY,False,60,⚡ MEDIUM OVERTAKE CHANCE,0.0,50.0,0.0
1673,29054,7.0433939393939395,0.0,📉 MOVING AWAY,False,60,⚡ MEDIUM OVERTAKE CHANCE,0.0,50.0,0.0
1674,29054,7.0433939393939395,0.0,📉 MOVING AWAY,False,60,⚡ MEDIUM OVERTAKE CHANCE,0.0,50.0,0.0
1675,29054,7.0433939393939395,0.0,📉 MOVING AWAY,False,60,⚡ MEDIUM OVERTAKE CHANCE,0.0,50.0,0.0
1676,26410,6.402424242424242,0.0,📉 MOVING AWAY,False,60,⚡ MEDIUM OVERTAKE CHANCE,0.0,50.0,0.0
1677,26410,6.402424242424242,0.0,📉 MOVING AWAY,False,60,⚡ MEDIUM OVERTAKE CHANCE,0.0,50.0,0.0
1678,26410,6.402424242424242,0.0,📉 MOVING AWAY,False,60,⚡ MEDIUM OVERTAKE CHANCE,0.0,50.0,0.0
1679,26410,6.402424242424242,0.0,📉 MOVING AWAY,False,60,⚡ MEDIUM OVERTAKE CHANCE,0.0,50.0,0.0
1680,26410,6.402424242424242,-2644.0,📉 MOVING AWAY,False,60,⚡ MEDIUM OVERTAKE CHANCE,0.0,50.0,0.0
1681,26410,6.402424242424242,-2644.0,📉 MOVING AWAY,False,60,⚡ MEDIUM OVERTAKE CHANCE,0.0,50.0,0.0
1682,26410,6.402424242424242,-2644.0,📉 MOVING AWAY,False,60,⚡ MEDIUM OVERTAKE CHANCE,0.0,50.0,0.0
1683,26410,6.402424242424242,-2644.0,📉 MOVING AWAY,False,60,⚡ MEDIUM OVERTAKE CHANCE,0.0,50.0,0.0
1684,26410,6.402424242424242,-2644.0,📉 MOVING AWAY,False,60,⚡ MEDIUM OVERTAKE CHANCE,0.0,50.0,0.0
1685,26410,6.402424242424242,0.0,📉 MOVING AWAY,False,60,⚡ MEDIUM OVERTAKE CHANCE,0.0,50.0,0.0
1686,26410,6.402424242424242,0.0,📉 MOVING AWAY,False,60,⚡ MEDIUM OVERTAKE CHANCE,0.0,50.0,0.0
1687,26410,6.402424242424242,0.0,📉 MOVING AWAY,False,60,⚡ MEDIUM OVERTAKE CHANCE,0.0,50.0,0.0
1688,26410,6.402424242424242,0.0,📉 MOVING AWAY,False,60,⚡ MEDIUM OVERTAKE CHANCE,0.0,50.0,0.0
1689,26410,6.402424242424242,0.0,📉 MOVING AWAY,False,60,⚡ MEDIUM OVERTAKE CHANCE,0.0,50.0,0.0
1690,26410,6.402424242424242,0.0,📉 MOVING AWAY,False,60,⚡ MEDIUM OVERTAKE CHANCE,0.0,50.0,0.0
1691,26410,6.402424242424242,0.0,📉 MOVING AWAY,False,60,⚡ MEDIUM OVERTAKE CHANCE,0.0,50.0,0.0
1692,26410,6.402424242424242,0.0,📉 MOVING AWAY,False,60,⚡ MEDIUM OVERTAKE CHANCE,0.0,50.0,0.0
1693,26410,6.402424242424242,0.0,📉 MOVING AWAY,False,60,⚡ MEDIUM OVERTAKE CHANCE,0.0,50.0,0.0
1694,26410,6.402424242424242,0.0,📉 MOVING AWAY,False,60,⚡ MEDIUM OVERTAKE CHANCE,0.0,50.0,0.0
1695,26410,6.402424242424242,0.0,📉 MOVING AWAY,False,60,⚡ MEDIUM OVERTAKE CHANCE,0.0,50.0,0.0
1696,26410,6.402424242424242,0.0,📉 MOVING AWAY,False,60,⚡ MEDIUM OVERTAKE CHANCE,0.0,50.0,0.0
1697,26410,6.402424242424242,0.0,📉 MOVING AWAY,False,60,⚡ MEDIUM OVERTAKE CHANCE,0.0,50.0,0.0
1698,26410,6.402424242424242,0.0,📉 MOVING AWAY,False,60,⚡ MEDIUM OVERTAKE CHANCE,0.0,50.0,0.0
1699,26410,6.402424242424242,0.0,📉 MOVING AWAY,False,60,⚡ MEDIUM OVERTAKE CHANCE,0.0,50.0,0.0
1700,26410,6.402424242424242,0.0,📉 MOVING AWAY,False,60,⚡ MEDIUM OVERTAKE CHANCE,0.0,50.0,0.0
1701,26410,6.402424242424242,0.0,📉 MOVING AWAY,False,60,⚡ MEDIUM OVERTAKE CHANCE,0.0,50.0,0.0
1702,26410,6.402424242424242,0.0,📉 MOVING AWAY,False,60,⚡ MEDIUM OVERTAKE CHANCE,0.0,50.0,0.0
1703,26410,6.402424242424242,0.0,📉 MOVING AWAY,False,60,⚡ MEDIUM OVERTAKE CHANCE,0.0,50.0,0.0
1704,26410,6.402424242424242,0.0,📉 MOVING AWAY,False,60,⚡ MEDIUM OVERTAKE CHANCE,0.0,50.0,0.0
1705,26410,6.402424242424242,0.0,📉 MOVING AWAY,False,60,⚡ MEDIUM OVERTAKE CHANCE,0.0,50.0,0.0
1706,26410,6.402424242424242,0.0,📉 MOVING AWAY,False,60,⚡ MEDIUM OVERTAKE CHANCE,0.0,50.0,0.0
1707,26410,6.402424242424242,0.0,📉 MOVING AWAY,False,60,⚡ MEDIUM OVERTAKE CHANCE,0.0,50.0,0.0
1708,26410,6.402424242424242,0.0,📉 MOVING AWAY,False,60,⚡ MEDIUM OVERTAKE CHANCE,0.0,50.0,0.0
1709,26410,6.402424242424242,0.0,📉 MOVING AWAY,False,60,⚡ MEDIUM OVERTAKE CHANCE,0.0,50.0,0.0
1710,23760,6.273939393939394,-530.0,📉 MOVING AWAY,False,60,⚡ MEDIUM OVERTAKE CHANCE,0.0,50.0,0.0
1711,23760,5.76,-530.0,📉 MOVING AWAY,False,60,⚡ MEDIUM OVERTAKE CHANCE,0.0,50.0,0.0
1712,23760,5.76,-530.0,📉 MOVING AWAY,False,60,⚡ MEDIUM OVERTAKE CHANCE,0.0,50.0,0.0
1713,23760,5.76,-530.0,📉 MOVING AWAY,False,60,⚡ MEDIUM OVERTAKE CHANCE,0.0,50.0,0.0
1714,23760,5.76,-530.0,📉 MOVING AWAY,False,60,⚡ MEDIUM OVERTAKE CHANCE,0.0,50.0,0.0
1715,23760,5.76,-2120.0,📉 MOVING AWAY,False,60,⚡ MEDIUM OVERTAKE CHANCE,0.0,50.0,0.0
1716,23760,5.76,-2120.0,📉 MOVING AWAY,False,60,⚡ MEDIUM OVERTAKE CHANCE,0.0,50.0,0.0
1717,23760,5.76,-2120.0,📉 MOVING AWAY,False,60,⚡ MEDIUM OVERTAKE CHANCE,0.0,50.0,0.0
1718,23760,5.76,-2120.0,📉 MOVING AWAY,False,60,⚡ MEDIUM OVERTAKE CHANCE,0.0,50.0,0.0
1719,23760,5.76,-2120.0,📉 MOVING AWAY,False,60,⚡ MEDIUM OVERTAKE CHANCE,0.0,50.0,0.0
1720,23760,5.76,0.0,📉 MOVING AWAY,False,60,⚡ MEDIUM OVERTAKE CHANCE,0.0,50.0,0.0
1721,21672,5.253818181818182,0.0,📉 MOVING AWAY,False,60,⚡ MEDIUM OVERTAKE CHANCE,0.0,50.0,0.0
1722,23760,5.76,0.0,📉 MOVING AWAY,False,60,⚡ MEDIUM OVERTAKE CHANCE,0.0,50.0,0.0
1723,23760,5.76,0.0,📉 MOVING AWAY,False,60,⚡ MEDIUM OVERTAKE CHANCE,0.0,50.0,0.0
1724,23760,5.76,0.0,📉 MOVING AWAY,False,60,⚡ MEDIUM OVERTAKE CHANCE,0.0,50.0,0.0
1725,23760,5.658763636363637,-417.59999999999854,📉 MOVING AWAY,False,60,⚡ MEDIUM OVERTAKE CHANCE,0.0,50.0,0.0
1726,23760,5.76,-417.59999999999854,📉 MOVING AWAY,False,60,⚡ MEDIUM OVERTAKE CHANCE,0.0,50.0,0.0
1727,26410,6.402424242424242,-417.59999999999854,📉 MOVING AWAY,False,60,⚡ MEDIUM OVERTAKE CHANCE,0.0,50.0,0.0
1728,26410,6.402424242424242,-417.59999999999854,📉 MOVING AWAY,False,60,⚡ MEDIUM OVERTAKE CHANCE,0.0,50.0,0.0
1729,26410,6.402424242424242,-417.59999999999854,📉 MOVING AWAY,False,60,⚡ MEDIUM OVERTAKE CHANCE,0.0,50.0,0.0
1730,26410,6.273939393939394,2537.5999999999985,📈 APPROACHING,True,63,⚡ MEDIUM OVERTAKE CHANCE,0.0,50.0,30.0
1731,26410,6.402424242424242,2537.5999999999985,📈 APPROACHING,True,66,⚡ MEDIUM OVERTAKE CHANCE,0.0,50.0,30.0
1732,26410,6.402424242424242,2537.5999999999985,📈 APPROACHING,True,69,⚡ MEDIUM OVERTAKE CHANCE,0.0,50.0,30.0
1733,26410,6.402424242424242,2537.5999999999985,📈 APPROACHING,True,72,🚀 HIGH OVERTAKE CHANCE!,0.0,50.0,30.0
1734,26410,6.402424242424242,2537.5999999999985,📈 APPROACHING,True,75,🚀 HIGH OVERTAKE CHANCE!,0.0,50.0,30.0
1735,26410,6.402424242424242,530.0,📈 APPROACHING,True,78,🚀 HIGH OVERTAKE CHANCE!,0.0,50.0,30.0
1736,26410,6.402424242424242,530.0,📈 APPROACHING,True,81,🚀 HIGH OVERTAKE CHANCE!,0.0,50.0,30.0
1737,26410,6.402424242424242,530.0,📈 APPROACHING,True,84,🚀 HIGH OVERTAKE CHANCE!,0.0,50.0,30.0
1738,26410,6.402424242424242,530.0,📈 APPROACHING,True,87,🚀 HIGH OVERTAKE CHANCE!,0.0,50.0,30.0
1739,26410,6.402424242424242,530.0,📈 APPROACHING,True,90,🚀 HIGH OVERTAKE CHANCE!,0.0,50.0,30.0
1740,26410,6.402424242424242,0.0,📉 MOVING AWAY,False,87,🚀 HIGH OVERTAKE CHANCE!,0.0,50.0,0.0
1741,26410,6.402424242424242,0.0,📉 MOVING AWAY,False,84,🚀 HIGH OVERTAKE CHANCE!,0.0,50.0,0.0
1742,26410,6.402424242424242,0.0,📉 MOVING AWAY,False,81,🚀 HIGH OVERTAKE CHANCE!,0.0,50.0,0.0
1743,29054,7.0433939393939395,0.0,📉 MOVING AWAY,False,78,🚀 HIGH OVERTAKE CHANCE!,0.0,50.0,0.0
1744,29054,7.0433939393939395,0.0,📉 MOVING AWAY,False,75,🚀 HIGH OVERTAKE CHANCE!,0.0,50.0,0.0
1745,29054,6.787006060606061,1586.4000000000015,📈 APPROACHING,True,75,🚀 HIGH OVERTAKE CHANCE!,0.0,50.0,30.0
1746,29054,7.0433939393939395,1586.4000000000015,📈 APPROACHING,True,75,🚀 HIGH OVERTAKE CHANCE!,0.0,50.0,30.0
1747,29054,7.0433939393939395,1586.4000000000015,📈 APPROACHING,True,75,🚀 HIGH OVERTAKE CHANCE!,0.0,50.0,30.0
1748,29054,7.0433939393939395,1586.4000000000015,📈 APPROACHING,True,75,🚀 HIGH OVERTAKE CHANCE!,0.0,50.0,30.0
1749,29054,7.0433939393939395,1586.4000000000015,📈 APPROACHING,True,75,🚀 HIGH OVERTAKE CHANCE!,0.0,50.0,30.0
1750,29054,7.0433939393939395,1057.5999999999985,📈 APPROACHING,True,78,🚀 HIGH OVERTAKE CHANCE!,0.0,50.0,30.0
1751,29054,7.0433939393939395,1057.5999999999985,📈 APPROACHING,True,81,🚀 HIGH OVERTAKE CHANCE!,0.0,50.0,30.0
1752,29054,7.0433939393939395,1057.5999999999985,📈 APPROACHING,True,84,🚀 HIGH OVERTAKE CHANCE!,0.0,50.0,30.0
1753,29054,7.0433939393939395,1057.5999999999985,📈 APPROACHING,True,87,🚀 HIGH OVERTAKE CHANCE!,0.0,50.0,30.0
1754,29054,7.0433939393939395,1057.5999999999985,📈 APPROACHING,True,90,🚀 HIGH OVERTAKE CHANCE!,0.0,50.0,30.0
1755,29054,7.0433939393939395,0.0,📉 MOVING AWAY,False,87,🚀 HIGH OVERTAKE CHANCE!,0.0,50.0,0.0
1756,29054,7.0433939393939395,0.0,📉 MOVING AWAY,False,84,🚀 HIGH OVERTAKE CHANCE!,0.0,50.0,0.0
1757,29054,7.0433939393939395,0.0,📉 MOVING AWAY,False,81,🚀 HIGH OVERTAKE CHANCE!,0.0,50.0,0.0
1758,29054,7.0433939393939395,0.0,📉 MOVING AWAY,False,78,🚀 HIGH OVERTAKE CHANCE!,0.0,50.0,0.0
1759,29054,7.0433939393939395,0.0,📉 MOVING AWAY,False,75,🚀 HIGH OVERTAKE CHANCE!,0.0,50.0,0.0
1760,29054,7.0433939393939395,0.0,📉 MOVING AWAY,False,72,🚀 HIGH OVERTAKE CHANCE!,0.0,50.0,0.0
1761,29054,7.0433939393939395,0.0,📉 MOVING AWAY,False,69,⚡ MEDIUM OVERTAKE CHANCE,0.0,50.0,0.0
1762,29054,7.0433939393939395,0.0,📉 MOVING AWAY,False,66,⚡ MEDIUM OVERTAKE CHANCE,0.0,50.0,0.0
1763,29054,7.0433939393939395,0.0,📉 MOVING AWAY,False,63,⚡ MEDIUM OVERTAKE CHANCE,0.0,50.0,0.0
1764,29054,7.0433939393939395,0.0,📉 MOVING AWAY,False,60,⚡ MEDIUM OVERTAKE CHANCE,0.0,50.0,0.0
1765,29054,7.0433939393939395,0.0,📉 MOVING AWAY,False,60,⚡ MEDIUM OVERTAKE CHANCE,0.0,50.0,0.0
1766,29054,7.0433939393939395,0.0,📉 MOVING AWAY,False,60,⚡ MEDIUM OVERTAKE CHANCE,0.0,50.0,0.0
1767,29054,7.0433939393939395,0.0,📉 MOVING AWAY,False,60,⚡ MEDIUM OVERTAKE CHANCE,0.0,50.0,0.0
1768,29054,7.0433939393939395,0.0,📉 MOVING AWAY,False,60,⚡ MEDIUM OVERTAKE CHANCE,0.0,50.0,0.0
1769,29054,7.0433939393939395,0.0,📉 MOVING AWAY,False,60,⚡ MEDIUM OVERTAKE CHANCE,0.0,50.0,0.0
1770,29054,7.0433939393939395,0.0,📉 MOVING AWAY,False,60,⚡ MEDIUM OVERTAKE CHANCE,0.0,50.0,0.0
1771,29054,7.0433939393939395,0.0,📉 MOVING AWAY,False,60,⚡ MEDIUM OVERTAKE CHANCE,0.0,50.0,0.0
1772,29054,7.0433939393939395,0.0,📉 MOVING AWAY,False,60,⚡ MEDIUM OVERTAKE CHANCE,0.0,50.0,0.0
1773,29054,7.0433939393939395,0.0,📉 MOVING AWAY,False,60,⚡ MEDIUM OVERTAKE CHANCE,0.0,50.0,0.0
1774,29054,7.0433939393939395,0.0,📉 MOVING AWAY,False,60,⚡ MEDIUM OVERTAKE CHANCE,0.0,50.0,0.0
1775,29054,7.0433939393939395,0.0,📉 MOVING AWAY,False,60,⚡ MEDIUM OVERTAKE CHANCE,0.0,50.0,0.0
1776,26410,6.402424242424242,0.0,📉 MOVING AWAY,False,60,⚡ MEDIUM OVERTAKE CHANCE,0.0,50.0,0.0
1777,26410,6.402424242424242,0.0,📉 MOVING AWAY,False,60,⚡ MEDIUM OVERTAKE CHANCE,0.0,50.0,0.0
1778,26410,6.402424242424242,0.0,📉 MOVING AWAY,False,60,⚡ MEDIUM OVERTAKE CHANCE,0.0,50.0,0.0
1779,26410,6.402424242424242,0.0,📉 MOVING AWAY,False,60,⚡ MEDIUM OVERTAKE CHANCE,0.0,50.0,0.0
1780,26410,6.402424242424242,-2644.0,📉 MOVING AWAY,False,60,⚡ MEDIUM OVERTAKE CHANCE,0.0,50.0,0.0
1781,26410,6.402424242424242,-2644.0,📉 MOVING AWAY,False,60,⚡ MEDIUM OVERTAKE CHANCE,0.0,50.0,0.0
1782,26410,6.402424242424242,-2644.0,📉 MOVING AWAY,False,60,⚡ MEDIUM OVERTAKE CHANCE,0.0,50.0,0.0
1783,26410,6.402424242424242,-2644.0,📉 MOVING AWAY,False,60,⚡ MEDIUM OVERTAKE CHANCE,0.0,50.0,0.0
1784,26410,6.402424242424242,-2644.0,📉 MOVING AWAY,False,60,⚡ MEDIUM OVERTAKE CHANCE,0.0,50.0,0.0
1785,26410,6.402424242424242,0.0,📉 MOVING AWAY,False,60,⚡ MEDIUM OVERTAKE CHANCE,0.0,50.0,0.0
1786,23760,5.76,0.0,📉 MOVING AWAY,False,60,⚡ MEDIUM OVERTAKE CHANCE,0.0,50.0,0.0
1787,23760,5.76,0.0,📉 MOVING AWAY,False,60,⚡ MEDIUM OVERTAKE CHANCE,0.0,50.0,0.0
1788,23760,5.76,0.0,📉 MOVING AWAY,False,60,⚡ MEDIUM OVERTAKE CHANCE,0.0,50.0,0.0
1789,23760,5.76,0.0,📉 MOVING AWAY,False,60,⚡ MEDIUM OVERTAKE CHANCE,0.0,50.0,0.0
1790,23760,5.76,-2650.0,📉 MOVING AWAY,False,60,⚡ MEDIUM OVERTAKE CHANCE,0.0,50.0,0.0
1791,23760,5.76,-2650.0,📉 MOVING AWAY,False,60,⚡ MEDIUM OVERTAKE CHANCE,0.0,50.0,0.0
1792,23760,5.76,-2650.0,📉 MOVING AWAY,False,60,⚡ MEDIUM OVERTAKE CHANCE,0.0,50.0,0.0
1793,23760,5.76,-2650.0,📉 MOVING AWAY,False,60,⚡ MEDIUM OVERTAKE CHANCE,0.0,50.0,0.0
1794,21672,5.253818181818182,-2650.0,📉 MOVING AWAY,False,60,⚡ MEDIUM OVERTAKE CHANCE,0.0,50.0,0.0
1795,21672,5.557527272727272,-835.2000000000007,📉 MOVING AWAY,False,60,⚡ MEDIUM OVERTAKE CHANCE,0.0,50.0,0.0
1796,21672,5.253818181818182,-835.2000000000007,📉 MOVING AWAY,False,60,⚡ MEDIUM OVERTAKE CHANCE,0.0,50.0,0.0
1797,21672,5.253818181818182,-835.2000000000007,📉 MOVING AWAY,False,60,⚡ MEDIUM OVERTAKE CHANCE,0.0,50.0,0.0
1798,19680,4.7709090909090905,-835.2000000000007,📉 MOVING AWAY,False,60,⚡ MEDIUM OVERTAKE CHANCE,0.0,50.0,0.0
1799,19680,4.7709090909090905,-835.2000000000007,📉 MOVING AWAY,False,60,⚡ MEDIUM OVERTAKE CHANCE,0.0,50.0,0.0
1800,19680,4.964072727272727,-2448.0,📉 MOVING AWAY,False,60,⚡ MEDIUM OVERTAKE CHANCE,0.0,50.0,0.0
1801,16132,3.910787878787879,-2448.0,📉 MOVING AWAY,False,60,⚡ MEDIUM OVERTAKE CHANCE,0.0,50.0,0.0
1802,19680,4.7709090909090905,-2448.0,📉 MOVING AWAY,False,60,⚡ MEDIUM OVERTAKE CHANCE,0.0,50.0,0.0
1803,17784,4.311272727272727,-2448.0,📉 MOVING AWAY,False,60,⚡ MEDIUM OVERTAKE CHANCE,0.0,50.0,0.0
1804,19680,4.7709090909090905,-2448.0,📉 MOVING AWAY,False,60,⚡ MEDIUM OVERTAKE CHANCE,0.0,50.0,0.0
1805,17784,4.415030303030303,-2264.7999999999993,📉 MOVING AWAY,False,60,⚡ MEDIUM OVERTAKE CHANCE,0.0,50.0,0.0
1806,17784,4.311272727272727,-2264.7999999999993,📉 MOVING AWAY,False,60,⚡ MEDIUM OVERTAKE CHANCE,0.0,50.0,0.0
1807,17784,4.311272727272727,-2264.7999999999993,📉 MOVING AWAY,False,60,⚡ MEDIUM OVERTAKE CHANCE,0.0,50.0,0.0
1808,17784,4.311272727272727,-2264.7999999999993,📉 MOVING AWAY,False,60,⚡ MEDIUM OVERTAKE CHANCE,0.0,50.0,0.0
1809,17784,4.311272727272727,-2264.7999999999993,📉 MOVING AWAY,False,60,⚡ MEDIUM OVERTAKE CHANCE,0.0,50.0,0.0
1810,17784,4.311272727272727,-428.0,📉 MOVING AWAY,False,60,⚡ MEDIUM OVERTAKE CHANCE,0.0,50.0,0.0
1811,19680,4.7709090909090905,-428.0,📉 MOVING AWAY,False,60,⚡ MEDIUM OVERTAKE CHANCE,0.0,50.0,0.0
1812,17784,4.311272727272727,-428.0,📉 MOVING AWAY,False,60,⚡ MEDIUM OVERTAKE CHANCE,0.0,50.0,0.0
1813,17784,4.311272727272727,-428.0,📉 MOVING AWAY,False,60,⚡ MEDIUM OVERTAKE CHANCE,0.0,50.0,0.0
1814,17784,4.311272727272727,-428.0,📉 MOVING AWAY,False,60,⚡ MEDIUM OVERTAKE CHANCE,0.0,50.0,0.0
1815,16132,4.32310303030303,48.79999999999927,📈 APPROACHING,True,60,⚡ MEDIUM OVERTAKE CHANCE,0.0,50.0,7.319999999999891
1816,16132,3.910787878787879,48.79999999999927,📈 APPROACHING,True,61,⚡ MEDIUM OVERTAKE CHANCE,0.0,50.0,7.319999999999891
1817,16132,3.910787878787879,48.79999999999927,📈 APPROACHING,True,62,⚡ MEDIUM OVERTAKE CHANCE,0.0,50.0,7.319999999999891
1818,16132,3.910787878787879,48.79999999999927,📈 APPROACHING,True,62,⚡ MEDIUM OVERTAKE CHANCE,0.0,50.0,7.319999999999891
1819,14664,3.554909090909091,48.79999999999927,📈 APPROACHING,True,63,⚡ MEDIUM OVERTAKE CHANCE,0.0,50.0,7.319999999999891
1820,14664,3.7684363636363636,-2288.0,📉 MOVING AWAY,False,63,⚡ MEDIUM OVERTAKE CHANCE,0.0,50.0,0.0
1821,14664,3.554909090909091,-2288.0,📉 MOVING AWAY,False,63,⚡ MEDIUM OVERTAKE CHANCE,0.0,50.0,0.0
1822,16132,3.910787878787879,-2288.0,📉 MOVING AWAY,False,63,⚡ MEDIUM OVERTAKE CHANCE,0.0,50.0,0.0
1823,16132,3.910787878787879,-2288.0,📉 MOVING AWAY,False,63,⚡ MEDIUM OVERTAKE CHANCE,0.0,50.0,0.0
1824,16132,3.910787878787879,-2288.0,📉 MOVING AWAY,False,63,⚡ MEDIUM OVERTAKE CHANCE,0.0,50.0,0.0
1825,16132,3.839612121212121,293.60000000000036,📈 APPROACHING,True,65,⚡ MEDIUM OVERTAKE CHANCE,0.0,50.0,30.0
1826,16132,3.910787878787879,293.60000000000036,📈 APPROACHING,True,68,⚡ MEDIUM OVERTAKE CHANCE,0.0,50.0,30.0
1827,16132,3.910787878787879,293.60000000000036,📈 APPROACHING,True,70,🚀 HIGH OVERTAKE CHANCE!,0.0,50.0,30.0
1828,16132,3.910787878787879,293.60000000000036,📈 APPROACHING,True,72,🚀 HIGH OVERTAKE CHANCE!,0.0,50.0,30.0
1829,16132,3.910787878787879,293.60000000000036,📈 APPROACHING,True,75,🚀 HIGH OVERTAKE CHANCE!,0.0,50.0,30.0
1830,13365,3.776630303030303,-259.7999999999993,📉 MOVING AWAY,False,75,🚀 HIGH OVERTAKE CHANCE!,0.0,50.0,0.0
1831,13365,3.24,-259.7999999999993,📉 MOVING AWAY,False,75,🚀 HIGH OVERTAKE CHANCE!,0.0,50.0,0.0
1832,13365,3.24,-259.7999999999993,📉 MOVING AWAY,False,75,🚀 HIGH OVERTAKE CHANCE!,0.0,50.0,0.0
1833,13365,3.24,-259.7999999999993,📉 MOVING AWAY,False,75,🚀 HIGH OVERTAKE CHANCE!,0.0,50.0,0.0
1834,10980,2.6618181818181816,-259.7999999999993,📉 MOVING AWAY,False,73,🚀 HIGH OVERTAKE CHANCE!,0.0,38.72727272727272,0.0
1835,12032,3.0597333333333334,-2957.2000000000007,📉 MOVING AWAY,False,70,🚀 HIGH OVERTAKE CHANCE!,0.0,50.0,0.0
1836,13365,3.24,-2957.2000000000007,📉 MOVING AWAY,False,67,⚡ MEDIUM OVERTAKE CHANCE,0.0,50.0,0.0
1837,12032,2.916848484848485,-2957.2000000000007,📉 MOVING AWAY,False,64,⚡ MEDIUM OVERTAKE CHANCE,0.0,47.22828282828282,0.0
1838,10980,2.6618181818181816,-2957.2000000000007,📉 MOVING AWAY,False,60,⚡ MEDIUM OVERTAKE CHANCE,0.0,38.72727272727272,0.0
1839,12032,2.916848484848485,-2957.2000000000007,📉 MOVING AWAY,False,57,⚡ MEDIUM OVERTAKE CHANCE,0.0,47.22828282828282,0.0
1840,10980,2.8794666666666666,-743.6000000000004,📉 MOVING AWAY,False,56,⚡ MEDIUM OVERTAKE CHANCE,0.0,45.98222222222222,0.0
1841,10980,2.6618181818181816,-743.6000000000004,📉 MOVING AWAY,False,55,⚡ MEDIUM OVERTAKE CHANCE,0.0,38.72727272727272,0.0
1842,12032,2.916848484848485,-743.6000000000004,📉 MOVING AWAY,False,55,⚡ MEDIUM OVERTAKE CHANCE,0.0,47.22828282828282,0.0
1843,12032,2.916848484848485,-743.6000000000004,📉 MOVING AWAY,False,54,⚡ MEDIUM OVERTAKE CHANCE,0.0,47.22828282828282,0.0
1844,10980,2.6618181818181816,-743.6000000000004,📉 MOVING AWAY,False,54,⚡ MEDIUM OVERTAKE CHANCE,0.0,38.72727272727272,0.0
1845,10980,2.7638303030303026,-477.0,📉 MOVING AWAY,False,53,⚡ MEDIUM OVERTAKE CHANCE,0.0,42.12767676767675,0.0
1846,10980,2.6618181818181816,-477.0,📉 MOVING AWAY,False,52,⚡ MEDIUM OVERTAKE CHANCE,0.0,38.72727272727272,0.0
1847,10980,2.6618181818181816,-477.0,📉 MOVING AWAY,False,51,⚡ MEDIUM OVERTAKE CHANCE,0.0,38.72727272727272,0.0
1848,9860,2.39030303030303,-477.0,📉 MOVING AWAY,False,50,⚡ MEDIUM OVERTAKE CHANCE,0.0,29.676767676767675,0.0
1849,9860,2.39030303030303,-477.0,📉 MOVING AWAY,False,49,⚡ MEDIUM OVERTAKE CHANCE,0.0,29.676767676767675,0.0
1850,9860,2.4989090909090907,-1092.7999999999993,📉 MOVING AWAY,False,47,⚡ MEDIUM OVERTAKE CHANCE,0.0,33.29696969696969,0.0
1851,9860,2.39030303030303,-1092.7999999999993,📉 MOVING AWAY,False,47,⚡ MEDIUM OVERTAKE CHANCE,0.0,29.676767676767675,0.0
1852,9860,2.39030303030303,-1092.7999999999993,📉 MOVING AWAY,False,45,⚡ MEDIUM OVERTAKE CHANCE,0.0,29.676767676767675,0.0
1853,9860,2.39030303030303,-1092.7999999999993,📉 MOVING AWAY,False,43,📉 LOW OVERTAKE CHANCE,0.0,29.676767676767675,0.0
1854,9860,2.39030303030303,-1092.7999999999993,📉 MOVING AWAY,False,42,📉 LOW OVERTAKE CHANCE,0.0,29.676767676767675,0.0
1855,9860,2.39030303030303,-448.0,📉 MOVING AWAY,False,41,📉 LOW OVERTAKE CHANCE,0.0,29.676767676767675,0.0
1856,9860,2.39030303030303,-448.0,📉 MOVING AWAY,False,40,📉 LOW OVERTAKE CHANCE,0.0,29.676767676767675,0.0
1857,9860,2.39030303030303,-448.0,📉 MOVING AWAY,False,39,📉 LOW OVERTAKE CHANCE,0.0,29.676767676767675,0.0
1858,9860,2.39030303030303,-448.0,📉 MOVING AWAY,False,39,📉 LOW OVERTAKE CHANCE,0.0,29.676767676767675,0.0
1859,9860,2.39030303030303,-448.0,📉 MOVING AWAY,False,39,📉 LOW OVERTAKE CHANCE,0.0,29.676767676767675,0.0
1860,9860,2.39030303030303,0.0,📉 MOVING AWAY,False,39,📉 LOW OVERTAKE CHANCE,0.0,29.676767676767675,0.0
1861,10980,2.6618181818181816,0.0,📉 MOVING AWAY,False,39,📉 LOW OVERTAKE CHANCE,0.0,38.72727272727272,0.0
1862,10980,2.6618181818181816,0.0,📉 MOVING AWAY,False,40,📉 LOW OVERTAKE CHANCE,0.0,38.72727272727272,0.0
1863,12032,2.916848484848485,0.0,📉 MOVING AWAY,False,42,📉 LOW OVERTAKE CHANCE,0.0,47.22828282828282,0.0
1864,12032,2.916848484848485,0.0,📉 MOVING AWAY,False,44,📉 LOW OVERTAKE CHANCE,0.0,47.22828282828282,0.0
1865,10980,2.7638303030303026,1540.7999999999993,📈 APPROACHING,True,48,⚡ MEDIUM OVERTAKE CHANCE,0.0,42.12767676767675,30.0
1866,12032,2.916848484848485,1540.7999999999993,📈 APPROACHING,True,53,⚡ MEDIUM OVERTAKE CHANCE,0.0,47.22828282828282,30.0
1867,10980,2.6618181818181816,1540.7999999999993,📈 APPROACHING,True,57,⚡ MEDIUM OVERTAKE CHANCE,0.0,38.72727272727272,30.0
1868,12032,2.916848484848485,1540.7999999999993,📈 APPROACHING,True,62,⚡ MEDIUM OVERTAKE CHANCE,0.0,47.22828282828282,30.0
1869,10980,2.6618181818181816,1540.7999999999993,📈 APPROACHING,True,66,⚡ MEDIUM OVERTAKE CHANCE,0.0,38.72727272727272,30.0
1870,10980,2.7638303030303026,0.0,📉 MOVING AWAY,False,67,⚡ MEDIUM OVERTAKE CHANCE,0.0,42.12767676767675,0.0
1871,12032,2.916848484848485,0.0,📉 MOVING AWAY,False,68,⚡ MEDIUM OVERTAKE CHANCE,0.0,47.22828282828282,0.0
1872,12032,2.916848484848485,0.0,📉 MOVING AWAY,False,69,⚡ MEDIUM OVERTAKE CHANCE,0.0,47.22828282828282,0.0
1873,12032,2.916848484848485,0.0,📉 MOVING AWAY,False,69,⚡ MEDIUM OVERTAKE CHANCE,0.0,47.22828282828282,0.0
1874,13365,3.24,0.0,📉 MOVING AWAY,False,69,⚡ MEDIUM OVERTAKE CHANCE,0.0,50.0,0.0
1875,10980,2.9304727272727273,687.4000000000015,📈 APPROACHING,True,70,🚀 HIGH OVERTAKE CHANCE!,0.0,47.68242424242424,30.0
1876,12032,2.916848484848485,687.4000000000015,📈 APPROACHING,True,70,🚀 HIGH OVERTAKE CHANCE!,0.0,47.22828282828282,30.0
1877,12032,2.916848484848485,687.4000000000015,📈 APPROACHING,True,70,🚀 HIGH OVERTAKE CHANCE!,0.0,47.22828282828282,30.0
1878,13365,3.24,687.4000000000015,📈 APPROACHING,True,71,🚀 HIGH OVERTAKE CHANCE!,0.0,50.0,30.0
1879,12032,2.916848484848485,687.4000000000015,📈 APPROACHING,True,72,🚀 HIGH OVERTAKE CHANCE!,0.0,47.22828282828282,30.0
1880,12032,2.981478787878788,210.39999999999964,📈 APPROACHING,True,75,🚀 HIGH OVERTAKE CHANCE!,0.0,49.38262626262627,30.0
1881,10980,2.6618181818181816,210.39999999999964,📈 APPROACHING,True,77,🚀 HIGH OVERTAKE CHANCE!,0.0,38.72727272727272,30.0
1882,10980,2.6618181818181816,210.39999999999964,📈 APPROACHING,True,80,🚀 HIGH OVERTAKE CHANCE!,0.0,38.72727272727272,30.0
1883,12032,2.916848484848485,210.39999999999964,📈 APPROACHING,True,83,🚀 HIGH OVERTAKE CHANCE!,0.0,47.22828282828282,30.0
1884,12032,2.916848484848485,210.39999999999964,📈 APPROACHING,True,85,🚀 HIGH OVERTAKE CHANCE!,0.0,47.22828282828282,30.0
1885,12032,2.814836363636364,-687.3999999999996,📉 MOVING AWAY,False,82,🚀 HIGH OVERTAKE CHANCE!,0.0,43.827878787878795,0.0
1886,12032,2.916848484848485,-687.3999999999996,📉 MOVING AWAY,False,79,🚀 HIGH OVERTAKE CHANCE!,0.0,47.22828282828282,0.0
1887,10980,2.6618181818181816,-687.3999999999996,📉 MOVING AWAY,False,75,🚀 HIGH OVERTAKE CHANCE!,0.0,38.72727272727272,0.0
1888,8162,1.9786666666666666,-687.3999999999996,📉 MOVING AWAY,False,68,⚡ MEDIUM OVERTAKE CHANCE,0.0,15.955555555555554,0.0
1889,8162,1.9786666666666666,-687.3999999999996,📉 MOVING AWAY,False,62,⚡ MEDIUM OVERTAKE CHANCE,0.0,15.955555555555554,0.0
1890,8162,2.3029333333333333,-2111.6000000000004,📉 MOVING AWAY,False,57,⚡ MEDIUM OVERTAKE CHANCE,0.0,26.76444444444444,0.0
1891,8162,1.9786666666666666,-2111.6000000000004,📉 MOVING AWAY,False,52,⚡ MEDIUM OVERTAKE CHANCE,0.0,15.955555555555554,0.0
1892,8162,1.9786666666666666,-2111.6000000000004,📉 MOVING AWAY,False,46,⚡ MEDIUM OVERTAKE CHANCE,0.0,15.955555555555554,0.0
1893,7474,1.8118787878787879,-2111.6000000000004,📉 MOVING AWAY,False,40,📉 LOW OVERTAKE CHANCE,0.0,10.395959595959596,0.0
1894,6720,1.6290909090909091,-2111.6000000000004,📉 MOVING AWAY,False,32,📉 LOW OVERTAKE CHANCE,0.0,4.303030303030305,0.0
1895,7474,1.8420363636363635,-1901.2000000000007,📉 MOVING AWAY,False,29,📉 LOW OVERTAKE CHANCE,0.0,11.401212121212117,0.0
1896,7474,1.8118787878787879,-1901.2000000000007,📉 MOVING AWAY,False,26,📉 LOW OVERTAKE CHANCE,0.0,10.395959595959596,0.0
1897,7474,1.8118787878787879,-1901.2000000000007,📉 MOVING AWAY,False,23,👀 WATCHING FOR OVERTAKE,0.0,10.395959595959596,0.0
1898,7474,1.8118787878787879,-1901.2000000000007,📉 MOVING AWAY,False,22,👀 WATCHING FOR OVERTAKE,0.0,10.395959595959596,0.0
1899,6720,1.6290909090909091,-1901.2000000000007,📉 MOVING AWAY,False,21,👀 WATCHING FOR OVERTAKE,0.0,4.303030303030305,0.0
1900,6720,1.7387636363636363,-426.0,📉 MOVING AWAY,False,20,👀 WATCHING FOR OVERTAKE,0.0,7.958787878787876,0.0
1901,6720,1.6290909090909091,-426.0,📉 MOVING AWAY,False,19,👀 WATCHING FOR OVERTAKE,0.0,4.303030303030305,0.0
1902,6720,1.6290909090909091,-426.0,📉 MOVING AWAY,False,18,👀 WATCHING FOR OVERTAKE,0.0,4.303030303030305,0.0
1903,6720,1.6290909090909091,-426.0,📉 MOVING AWAY,False,17,👀 WATCHING FOR OVERTAKE,0.0,4.303030303030305,0.0
1904,6720,1.6290909090909091,-426.0,📉 MOVING AWAY,False,17,👀 WATCHING FOR OVERTAKE,0.0,4.303030303030305,0.0
1905,7474,1.665648484848485,-301.59999999999945,📉 MOVING AWAY,False,17,👀 WATCHING FOR OVERTAKE,0.0,5.521616161616164,0.0
1906,8162,1.9786666666666666,-301.59999999999945,📉 MOVING AWAY,False,17,👀 WATCHING FOR OVERTAKE,0.0,15.955555555555554,0.0
1907,7474,1.8118787878787879,-301.59999999999945,📉 MOVING AWAY,False,17,👀 WATCHING FOR OVERTAKE,0.0,10.395959595959596,0.0
1908,7474,1.8118787878787879,-301.59999999999945,📉 MOVING AWAY,False,17,👀 WATCHING FOR OVERTAKE,0.0,10.395959595959596,0.0
1909,8162,1.9786666666666666,-301.59999999999945,📉 MOVING AWAY,False,18,👀 WATCHING FOR OVERTAKE,0.0,15.955555555555554,0.0
1910,8162,1.9119515151515152,1016.0,📈 APPROACHING,True,21,👀 WATCHING FOR OVERTAKE,0.0,13.731717171717172,30.0
1911,7474,1.8118787878787879,1016.0,📈 APPROACHING,True,25,📉 LOW OVERTAKE CHANCE,0.0,10.395959595959596,30.0
1912,7474,1.8118787878787879,1016.0,📈 APPROACHING,True,28,📉 LOW OVERTAKE CHANCE,0.0,10.395959595959596,30.0
1913,7474,1.8118787878787879,1016.0,📈 APPROACHING,True,32,📉 LOW OVERTAKE CHANCE,0.0,10.395959595959596,30.0
1914,6720,1.6290909090909091,1016.0,📈 APPROACHING,True,35,📉 LOW OVERTAKE CHANCE,0.0,4.303030303030305,30.0
1915,6720,1.7387636363636363,-714.4000000000005,📉 MOVING AWAY,False,35,📉 LOW OVERTAKE CHANCE,0.0,7.958787878787876,0.0
1916,6720,1.6290909090909091,-714.4000000000005,📉 MOVING AWAY,False,34,📉 LOW OVERTAKE CHANCE,0.0,4.303030303030305,0.0
1917,7474,1.8118787878787879,-714.4000000000005,📉 MOVING AWAY,False,34,📉 LOW OVERTAKE CHANCE,0.0,10.395959595959596,0.0
1918,7474,1.8118787878787879,-714.4000000000005,📉 MOVING AWAY,False,34,📉 LOW OVERTAKE CHANCE,0.0,10.395959595959596,0.0
1919,6720,1.6290909090909091,-714.4000000000005,📉 MOVING AWAY,False,33,📉 LOW OVERTAKE CHANCE,0.0,4.303030303030305,0.0
1920,6720,1.7022060606060607,-150.79999999999927,📉 MOVING AWAY,False,30,📉 LOW OVERTAKE CHANCE,0.0,6.740202020202024,0.0
1921,6720,1.6290909090909091,-150.79999999999927,📉 MOVING AWAY,False,26,📉 LOW OVERTAKE CHANCE,0.0,4.303030303030305,0.0
1922,6720,1.6290909090909091,-150.79999999999927,📉 MOVING AWAY,False,23,👀 WATCHING FOR OVERTAKE,0.0,4.303030303030305,0.0
1923,6720,1.6290909090909091,-150.79999999999927,📉 MOVING AWAY,False,19,👀 WATCHING FOR OVERTAKE,0.0,4.303030303030305,0.0
1924,6720,1.6290909090909091,-150.79999999999927,📉 MOVING AWAY,False,17,👀 WATCHING FOR OVERTAKE,0.0,4.303030303030305,0.0
1925,6720,1.6290909090909091,-301.60000000000036,📉 MOVING AWAY,False,16,👀 WATCHING FOR OVERTAKE,0.0,4.303030303030305,0.0
1926,6720,1.6290909090909091,-301.60000000000036,📉 MOVING AWAY,False,16,👀 WATCHING FOR OVERTAKE,0.0,4.303030303030305,0.0
1927,6720,1.6290909090909091,-301.60000000000036,📉 MOVING AWAY,False,16,👀 WATCHING FOR OVERTAKE,0.0,4.303030303030305,0.0
1928,6720,1.6290909090909091,-301.60000000000036,📉 MOVING AWAY,False,15,👀 WATCHING FOR OVERTAKE,0.0,4.303030303030305,0.0
1929,6720,1.6290909090909091,-301.60000000000036,📉 MOVING AWAY,False,15,👀 WATCHING FOR OVERTAKE,0.0,4.303030303030305,0.0
1930,6720,1.6290909090909091,0.0,📉 MOVING AWAY,False,15,👀 WATCHING FOR OVERTAKE,0.0,4.303030303030305,0.0
1931,6720,1.6290909090909091,0.0,📉 MOVING AWAY,False,15,👀 WATCHING FOR OVERTAKE,0.0,4.303030303030305,0.0
1932,6720,1.6290909090909091,0.0,📉 MOVING AWAY,False,15,👀 WATCHING FOR OVERTAKE,0.0,4.303030303030305,0.0
1933,6720,1.6290909090909091,0.0,📉 MOVING AWAY,False,15,👀 WATCHING FOR OVERTAKE,0.0,4.303030303030305,0.0
1934,6097,1.478060606060606,0.0,📉 MOVING AWAY,False,15,👀 WATCHING FOR OVERTAKE,0.0,13.903030303030306,0.0
1935,6097,1.568678787878788,-249.19999999999982,📉 MOVING AWAY,False,15,👀 WATCHING FOR OVERTAKE,0.0,2.289292929292934,0.0
1936,6720,1.6290909090909091,-249.19999999999982,📉 MOVING AWAY,False,15,👀 WATCHING FOR OVERTAKE,0.0,4.303030303030305,0.0
1937,6720,1.6290909090909091,-249.19999999999982,📉 MOVING AWAY,False,15,👀 WATCHING FOR OVERTAKE,0.0,4.303030303030305,0.0
1938,6097,1.478060606060606,-249.19999999999982,📉 MOVING AWAY,False,16,👀 WATCHING FOR OVERTAKE,0.0,13.903030303030306,0.0
1939,6097,1.478060606060606,-249.19999999999982,📉 MOVING AWAY,False,17,👀 WATCHING FOR OVERTAKE,0.0,13.903030303030306,0.0
1940,6720,1.568678787878788,0.0,📉 MOVING AWAY,False,17,👀 WATCHING FOR OVERTAKE,0.0,2.289292929292934,0.0
1941,6720,1.6290909090909091,0.0,📉 MOVING AWAY,False,17,👀 WATCHING FOR OVERTAKE,0.0,4.303030303030305,0.0
1942,6720,1.6290909090909091,0.0,📉 MOVING AWAY,False,17,👀 WATCHING FOR OVERTAKE,0.0,4.303030303030305,0.0
1943,6720,1.6290909090909091,0.0,📉 MOVING AWAY,False,17,👀 WATCHING FOR OVERTAKE,0.0,4.303030303030305,0.0
1944,6720,1.6290909090909091,0.0,📉 MOVING AWAY,False,16,👀 WATCHING FOR OVERTAKE,0.0,4.303030303030305,0.0
1945,6720,1.6290909090909091,249.19999999999982,📈 APPROACHING,True,19,👀 WATCHING FOR OVERTAKE,0.0,4.303030303030305,30.0
1946,6720,1.6290909090909091,249.19999999999982,📈 APPROACHING,True,22,👀 WATCHING FOR OVERTAKE,0.0,4.303030303030305,30.0
1947,6720,1.6290909090909091,249.19999999999982,📈 APPROACHING,True,25,📉 LOW OVERTAKE CHANCE,0.0,4.303030303030305,30.0
1948,6720,1.6290909090909091,249.19999999999982,📈 APPROACHING,True,27,📉 LOW OVERTAKE CHANCE,0.0,4.303030303030305,30.0
1949,6720,1.6290909090909091,249.19999999999982,📈 APPROACHING,True,29,📉 LOW OVERTAKE CHANCE,0.0,4.303030303030305,30.0
1950,6720,1.6290909090909091,0.0,📉 MOVING AWAY,False,29,📉 LOW OVERTAKE CHANCE,0.0,4.303030303030305,0.0
1951,6720,1.6290909090909091,0.0,📉 MOVING AWAY,False,29,📉 LOW OVERTAKE CHANCE,0.0,4.303030303030305,0.0
1952,6720,1.6290909090909091,0.0,📉 MOVING AWAY,False,29,📉 LOW OVERTAKE CHANCE,0.0,4.303030303030305,0.0
1953,6720,1.6290909090909091,0.0,📉 MOVING AWAY,False,29,📉 LOW OVERTAKE CHANCE,0.0,4.303030303030305,0.0
1954,6720,1.6290909090909091,0.0,📉 MOVING AWAY,False,29,📉 LOW OVERTAKE CHANCE,0.0,4.303030303030305,0.0
1955,6720,1.6290909090909091,0.0,📉 MOVING AWAY,False,26,📉 LOW OVERTAKE CHANCE,0.0,4.303030303030305,0.0
1956,6720,1.6290909090909091,0.0,📉 MOVING AWAY,False,23,👀 WATCHING FOR OVERTAKE,0.0,4.303030303030305,0.0
1957,6720,1.6290909090909091,0.0,📉 MOVING AWAY,False,20,👀 WATCHING FOR OVERTAKE,0.0,4.303030303030305,0.0
1958,6720,1.6290909090909091,0.0,📉 MOVING AWAY,False,17,👀 WATCHING FOR OVERTAKE,0.0,4.303030303030305,0.0
1959,6720,1.6290909090909091,0.0,📉 MOVING AWAY,False,15,👀 WATCHING FOR OVERTAKE,0.0,4.303030303030305,0.0
1960,6720,1.6290909090909091,0.0,📉 MOVING AWAY,False,15,👀 WATCHING FOR OVERTAKE,0.0,4.303030303030305,0.0
1961,6720,1.6290909090909091,0.0,📉 MOVING AWAY,False,15,👀 WATCHING FOR OVERTAKE,0.0,4.303030303030305,0.0
1962,6097,1.478060606060606,0.0,📉 MOVING AWAY,False,15,👀 WATCHING FOR OVERTAKE,0.0,13.903030303030306,0.0
1963,6720,1.6290909090909091,0.0,📉 MOVING AWAY,False,15,👀 WATCHING FOR OVERTAKE,0.0,4.303030303030305,0.0
1964,6097,1.478060606060606,0.0,📉 MOVING AWAY,False,16,👀 WATCHING FOR OVERTAKE,0.0,13.903030303030306,0.0
1965,6720,1.568678787878788,-249.19999999999982,📉 MOVING AWAY,False,16,👀 WATCHING FOR OVERTAKE,0.0,2.289292929292934,0.0
1966,6097,1.478060606060606,-249.19999999999982,📉 MOVING AWAY,False,17,👀 WATCHING FOR OVERTAKE,0.0,13.903030303030306,0.0
1967,6720,1.6290909090909091,-249.19999999999982,📉 MOVING AWAY,False,17,👀 WATCHING FOR OVERTAKE,0.0,4.303030303030305,0.0
1968,6720,1.6290909090909091,-249.19999999999982,📉 MOVING AWAY,False,17,👀 WATCHING FOR OVERTAKE,0.0,4.303030303030305,0.0
1969,6097,1.478060606060606,-249.19999999999982,📉 MOVING AWAY,False,18,👀 WATCHING FOR OVERTAKE,0.0,13.903030303030306,0.0
1970,6097,1.5384727272727272,-124.60000000000036,📉 MOVING AWAY,False,18,👀 WATCHING FOR OVERTAKE,0.0,1.2824242424242405,0.0
1971,6097,1.478060606060606,-124.60000000000036,📉 MOVING AWAY,False,19,👀 WATCHING FOR OVERTAKE,0.0,13.903030303030306,0.0
1972,6097,1.478060606060606,-124.60000000000036,📉 MOVING AWAY,False,19,👀 WATCHING FOR OVERTAKE,0.0,13.903030303030306,0.0
1973,6097,1.478060606060606,-124.60000000000036,📉 MOVING AWAY,False,19,👀 WATCHING FOR OVERTAKE,0.0,13.903030303030306,0.0
1974,6720,1.6290909090909091,-124.60000000000036,📉 MOVING AWAY,False,19,👀 WATCHING FOR OVERTAKE,0.0,4.303030303030305,0.0
1975,6720,1.5384727272727272,0.0,📉 MOVING AWAY,False,19,👀 WATCHING FOR OVERTAKE,0.0,1.2824242424242405,0.0
1976,6720,1.6290909090909091,0.0,📉 MOVING AWAY,False,18,👀 WATCHING FOR OVERTAKE,0.0,4.303030303030305,0.0
1977,6097,1.478060606060606,0.0,📉 MOVING AWAY,False,19,👀 WATCHING FOR OVERTAKE,0.0,13.903030303030306,0.0
1978,6097,1.478060606060606,0.0,📉 MOVING AWAY,False,19,👀 WATCHING FOR OVERTAKE,0.0,13.903030303030306,0.0
1979,6720,1.6290909090909091,0.0,📉 MOVING AWAY,False,19,👀 WATCHING FOR OVERTAKE,0.0,4.303030303030305,0.0
1980,6720,1.568678787878788,124.60000000000036,📈 APPROACHING,True,20,👀 WATCHING FOR OVERTAKE,0.0,2.289292929292934,18.690000000000055
1981,6720,1.6290909090909091,124.60000000000036,📈 APPROACHING,True,21,👀 WATCHING FOR OVERTAKE,0.0,4.303030303030305,18.690000000000055
1982,6720,1.6290909090909091,124.60000000000036,📈 APPROACHING,True,22,👀 WATCHING FOR OVERTAKE,0.0,4.303030303030305,18.690000000000055
1983,6720,1.6290909090909091,124.60000000000036,📈 APPROACHING,True,23,👀 WATCHING FOR OVERTAKE,0.0,4.303030303030305,18.690000000000055
1984,6720,1.6290909090909091,124.60000000000036,📈 APPROACHING,True,24,👀 WATCHING FOR OVERTAKE,0.0,4.303030303030305,18.690000000000055
1985,6720,1.6290909090909091,249.19999999999982,📈 APPROACHING,True,27,📉 LOW OVERTAKE CHANCE,0.0,4.303030303030305,30.0
1986,6720,1.6290909090909091,249.19999999999982,📈 APPROACHING,True,30,📉 LOW OVERTAKE CHANCE,0.0,4.303030303030305,30.0
1987,6097,1.478060606060606,249.19999999999982,📈 APPROACHING,True,33,📉 LOW OVERTAKE CHANCE,0.0,13.903030303030306,30.0
1988,6720,1.6290909090909091,249.19999999999982,📈 APPROACHING,True,35,📉 LOW OVERTAKE CHANCE,0.0,4.303030303030305,30.0
1989,6720,1.6290909090909091,249.19999999999982,📈 APPROACHING,True,38,📉 LOW OVERTAKE CHANCE,0.0,4.303030303030305,30.0
1990,6720,1.5988848484848484,-124.60000000000036,📉 MOVING AWAY,False,37,📉 LOW OVERTAKE CHANCE,0.0,3.2961616161616116,0.0
1991,6720,1.6290909090909091,-124.60000000000036,📉 MOVING AWAY,False,35,📉 LOW OVERTAKE CHANCE,0.0,4.303030303030305,0.0
1992,6720,1.6290909090909091,-124.60000000000036,📉 MOVING AWAY,False,33,📉 LOW OVERTAKE CHANCE,0.0,4.303030303030305,0.0
