frame,x,y,width,height,box_area,smoothed_area,area_ratio,speed,max_approach_speed,approach_duration,status,is_approaching,overtake_chance,overtake_status,tracking
1,888,498,69,43,2967,2967.0,1.0,0,0,0,➡️ STEADY,False,0,🔒 NO OVERTAKE OPPORTUNITY,success
2,888,498,69,43,2967,2967.0,1.0,0,0,0,➡️ STEADY,False,0,🔒 NO OVERTAKE OPPORTUNITY,success
3,889,498,69,43,2967,2967.0,1.0,0,0,0,➡️ STEADY,False,0,🔒 NO OVERTAKE OPPORTUNITY,success
4,889,498,69,43,2967,2967.0,1.0,0,0,0,➡️ STEADY,False,0,🔒 NO OVERTAKE OPPORTUNITY,success
5,889,498,69,43,2967,2967.0,1.0,0,0,0,➡️ STEADY,False,0,🔒 NO OVERTAKE OPPORTUNITY,success
6,889,498,69,43,2967,2967.0,1.0,0,0,0,➡️ STEADY,False,0,🔒 NO OVERTAKE OPPORTUNITY,success
7,889,498,69,43,2967,2967.0,1.0,0,0,0,➡️ STEADY,False,0,🔒 NO OVERTAKE OPPORTUNITY,success
8,889,498,69,43,2967,2967.0,1.0,0,0,0,➡️ STEADY,False,0,🔒 NO OVERTAKE OPPORTUNITY,success
9,889,498,69,43,2967,2967.0,1.0,0,0,0,➡️ STEADY,False,0,🔒 NO OVERTAKE OPPORTUNITY,success
10,889,498,69,43,2967,2967.0,1.0,0,0,0,➡️ STEADY,False,0,🔒 NO OVERTAKE OPPORTUNITY,success
11,890,498,69,43,2967,2967.0,1.0,0,0,0,➡️ STEADY,False,0,🔒 NO OVERTAKE OPPORTUNITY,success
12,889,497,69,43,2967,2967.0,1.0,0,0,0,➡️ STEADY,False,0,🔒 NO OVERTAKE OPPORTUNITY,success
13,889,498,69,43,2967,2967.0,1.0,0,0,0,➡️ STEADY,False,0,🔒 NO OVERTAKE OPPORTUNITY,success
14,889,497,69,43,2967,2967.0,1.0,0,0,0,➡️ STEADY,False,0,🔒 NO OVERTAKE OPPORTUNITY,success
15,888,497,72,45,3240,2994.3,1.0092012133468151,273,273,0,📈 APPROACHING,True,0,🔒 NO OVERTAKE OPPORTUNITY,success
16,889,498,69,43,2967,2994.3,1.0092012133468151,0,273,0,➡️ STEADY,True,0,🔒 NO OVERTAKE OPPORTUNITY,success
17,889,498,69,43,2967,2994.3,1.0092012133468151,0,273,0,➡️ STEADY,True,0,🔒 NO OVERTAKE OPPORTUNITY,success
18,891,499,66,41,2706,2968.2,1.0004044489383215,-261,0,0,📉 MOVING AWAY,False,0,🔒 NO OVERTAKE OPPORTUNITY,success
19,888,498,69,43,2967,2968.2,1.0004044489383215,0,0,0,➡️ STEADY,False,0,🔒 NO OVERTAKE OPPORTUNITY,success
20,889,499,69,43,2967,2968.2,1.0004044489383215,-273,0,0,📉 MOVING AWAY,False,0,🔒 NO OVERTAKE OPPORTUNITY,success
21,887,499,69,43,2967,2968.2,1.0004044489383215,0,0,0,➡️ STEADY,False,0,🔒 NO OVERTAKE OPPORTUNITY,success
22,886,498,72,45,3240,2995.5,1.0096056622851366,273,273,0,📈 APPROACHING,True,0,🔒 NO OVERTAKE OPPORTUNITY,success
23,886,497,72,45,3240,3022.8,1.0188068756319515,534,534,1,📈 APPROACHING,True,0,🔒 NO OVERTAKE OPPORTUNITY,success
24,885,496,72,45,3240,3050.1,1.0280080889787664,273,534,2,📈 APPROACHING,True,0,🔒 NO OVERTAKE OPPORTUNITY,success
25,884,496,72,45,3240,3050.1,1.0280080889787664,273,534,3,📈 APPROACHING,True,0,🔒 NO OVERTAKE OPPORTUNITY,success
26,884,498,69,43,2967,3050.1,1.0280080889787664,0,534,3,➡️ STEADY,True,0,🔒 NO OVERTAKE OPPORTUNITY,success
27,883,498,69,43,2967,3050.1,1.0280080889787664,-273,0,0,📉 MOVING AWAY,False,0,🔒 NO OVERTAKE OPPORTUNITY,success
28,884,499,66,41,2706,3050.1,1.0280080889787664,-534,0,0,📉 MOVING AWAY,False,0,🔒 NO OVERTAKE OPPORTUNITY,success
29,881,499,69,43,2967,3050.1,1.0280080889787664,-273,0,0,📉 MOVING AWAY,False,0,🔒 NO OVERTAKE OPPORTUNITY,success
30,881,499,69,43,2967,3050.1,1.0280080889787664,-273,0,0,📉 MOVING AWAY,False,0,🔒 NO OVERTAKE OPPORTUNITY,success
31,878,498,72,45,3240,3077.4,1.0372093023255815,273,273,0,📈 APPROACHING,True,0,🔒 NO OVERTAKE OPPORTUNITY,success
32,877,497,72,45,3240,3077.4,1.0372093023255815,273,273,1,📈 APPROACHING,True,0,🔒 NO OVERTAKE OPPORTUNITY,success
33,875,495,76,47,3572,3110.6,1.0483990562858105,866,866,2,📈 APPROACHING,True,0,🔒 NO OVERTAKE OPPORTUNITY,success
34,873,493,76,47,3572,3143.8,1.0595888102460398,605,866,3,📈 APPROACHING,True,0,🔒 NO OVERTAKE OPPORTUNITY,success
35,873,493,76,47,3572,3177.0,1.070778564206269,605,866,4,📈 APPROACHING,True,0,🔒 NO OVERTAKE OPPORTUNITY,success
36,870,491,76,47,3572,3237.5,1.0911695315133132,332,866,5,📈 APPROACHING,True,0,🔒 NO OVERTAKE OPPORTUNITY,success
37,868,491,76,47,3572,3298.0,1.1115604988203573,332,866,6,📈 APPROACHING,True,0,🔒 NO OVERTAKE OPPORTUNITY,success
38,867,492,72,45,3240,3351.4,1.1295584765756657,-332,0,0,📉 MOVING AWAY,False,0,🔒 NO OVERTAKE OPPORTUNITY,success
39,867,493,69,43,2967,3351.4,1.1295584765756657,-605,0,0,📉 MOVING AWAY,False,0,🔒 NO OVERTAKE OPPORTUNITY,success
40,866,493,69,43,2967,3351.4,1.1295584765756657,-605,0,0,📉 MOVING AWAY,False,0,🔒 NO OVERTAKE OPPORTUNITY,success
41,863,494,69,43,2967,3324.1,1.1203572632288508,-605,0,0,📉 MOVING AWAY,False,0,🔒 NO OVERTAKE OPPORTUNITY,success
42,861,495,69,43,2967,3296.8,1.1111560498820359,-605,0,0,📉 MOVING AWAY,False,0,🔒 NO OVERTAKE OPPORTUNITY,success
43,859,496,69,43,2967,3236.3,1.0907650825749917,-273,0,0,📉 MOVING AWAY,False,0,🔒 NO OVERTAKE OPPORTUNITY,success
44,857,496,69,43,2967,3175.8,1.0703741152679476,0,0,0,➡️ STEADY,False,0,🔒 NO OVERTAKE OPPORTUNITY,success
45,855,496,69,43,2967,3115.3,1.0499831479609034,0,0,0,➡️ STEADY,False,0,🔒 NO OVERTAKE OPPORTUNITY,success
46,853,496,69,43,2967,3054.8,1.0295921806538593,0,0,0,➡️ STEADY,False,0,🔒 NO OVERTAKE OPPORTUNITY,success
47,852,496,69,43,2967,2994.3,1.0092012133468151,0,0,0,➡️ STEADY,False,0,🔒 NO OVERTAKE OPPORTUNITY,success
48,851,496,66,41,2706,2940.9,0.9912032355915066,-261,0,0,📉 MOVING AWAY,False,0,🔒 NO OVERTAKE OPPORTUNITY,success
49,848,496,69,43,2967,2940.9,0.9912032355915066,0,0,0,➡️ STEADY,False,0,🔒 NO OVERTAKE OPPORTUNITY,success
50,847,496,69,43,2967,2940.9,0.9912032355915066,0,0,0,➡️ STEADY,False,0,🔒 NO OVERTAKE OPPORTUNITY,success
51,844,497,72,45,3240,2968.2,1.0004044489383215,273,273,0,📈 APPROACHING,True,0,🔒 NO OVERTAKE OPPORTUNITY,success
52,843,497,72,45,3240,2995.5,1.0096056622851366,273,273,1,📈 APPROACHING,True,0,🔒 NO OVERTAKE OPPORTUNITY,success
53,843,497,72,45,3240,3022.8,1.0188068756319515,534,534,2,📈 APPROACHING,True,0,🔒 NO OVERTAKE OPPORTUNITY,success
54,844,498,69,43,2967,3022.8,1.0188068756319515,0,534,2,➡️ STEADY,True,0,🔒 NO OVERTAKE OPPORTUNITY,success
55,844,498,69,43,2967,3022.8,1.0188068756319515,0,534,2,➡️ STEADY,True,0,🔒 NO OVERTAKE OPPORTUNITY,success
56,844,497,69,43,2967,3022.8,1.0188068756319515,-273,0,0,📉 MOVING AWAY,False,0,🔒 NO OVERTAKE OPPORTUNITY,success
57,843,496,72,45,3240,3050.1,1.0280080889787664,0,0,0,➡️ STEADY,False,0,🔒 NO OVERTAKE OPPORTUNITY,success
58,843,495,72,45,3240,3103.5,1.046006066734075,0,0,0,➡️ STEADY,False,0,🔒 NO OVERTAKE OPPORTUNITY,success
59,843,496,72,45,3240,3130.8,1.0552072800808898,273,273,0,📈 APPROACHING,True,0,🔒 NO OVERTAKE OPPORTUNITY,success
60,842,495,72,45,3240,3158.1,1.0644084934277047,273,273,1,📈 APPROACHING,True,0,🔒 NO OVERTAKE OPPORTUNITY,success
61,840,495,72,45,3240,3158.1,1.0644084934277047,273,273,2,📈 APPROACHING,True,0,🔒 NO OVERTAKE OPPORTUNITY,success
62,841,496,69,43,2967,3130.8,1.0552072800808898,-273,0,0,📉 MOVING AWAY,False,0,🔒 NO OVERTAKE OPPORTUNITY,success
63,836,495,72,45,3240,3130.8,1.0552072800808898,0,0,0,➡️ STEADY,False,0,🔒 NO OVERTAKE OPPORTUNITY,success
64,834,495,72,45,3240,3158.1,1.0644084934277047,0,0,0,➡️ STEADY,False,0,🔒 NO OVERTAKE OPPORTUNITY,success
65,836,496,69,43,2967,3158.1,1.0644084934277047,-273,0,0,📉 MOVING AWAY,False,0,🔒 NO OVERTAKE OPPORTUNITY,success
66,830,496,72,45,3240,3185.4,1.0736097067745198,0,0,0,➡️ STEADY,False,0,🔒 NO OVERTAKE OPPORTUNITY,success
67,829,495,72,45,3240,3185.4,1.0736097067745198,273,273,0,📈 APPROACHING,True,0,🔒 NO OVERTAKE OPPORTUNITY,success
68,827,494,76,47,3572,3218.6,1.0847994607347489,332,332,1,📈 APPROACHING,True,0,🔒 NO OVERTAKE OPPORTUNITY,success
69,826,494,76,47,3572,3251.8,1.0959892146949781,332,332,2,📈 APPROACHING,True,0,🔒 NO OVERTAKE OPPORTUNITY,success
70,826,494,76,47,3572,3285.0,1.1071789686552074,605,605,3,📈 APPROACHING,True,0,🔒 NO OVERTAKE OPPORTUNITY,success
71,826,494,76,47,3572,3318.2,1.1183687226154364,332,605,4,📈 APPROACHING,True,0,🔒 NO OVERTAKE OPPORTUNITY,success
72,826,493,76,47,3572,3378.7,1.1387596899224806,332,605,5,📈 APPROACHING,True,0,🔒 NO OVERTAKE OPPORTUNITY,success
73,829,494,72,45,3240,3378.7,1.1387596899224806,-332,0,0,📉 MOVING AWAY,False,0,🔒 NO OVERTAKE OPPORTUNITY,success
74,829,495,72,45,3240,3378.7,1.1387596899224806,-332,0,0,📉 MOVING AWAY,False,0,🔒 NO OVERTAKE OPPORTUNITY,success
75,831,494,72,45,3240,3406.0,1.1479609032692957,-332,0,0,📉 MOVING AWAY,False,0,🔒 NO OVERTAKE OPPORTUNITY,success
76,834,494,72,45,3240,3406.0,1.1479609032692957,-332,0,0,📉 MOVING AWAY,False,0,🔒 NO OVERTAKE OPPORTUNITY,success
77,836,495,69,43,2967,3378.7,1.1387596899224806,-605,0,0,📉 MOVING AWAY,False,0,🔒 NO OVERTAKE OPPORTUNITY,success
78,838,494,72,45,3240,3345.5,1.1275699359622515,0,0,0,➡️ STEADY,False,0,🔒 NO OVERTAKE OPPORTUNITY,success
79,839,494,72,45,3240,3312.3,1.1163801820020223,0,0,0,➡️ STEADY,False,0,🔒 NO OVERTAKE OPPORTUNITY,success
80,840,494,72,45,3240,3279.1,1.105190428041793,0,0,0,➡️ STEADY,False,0,🔒 NO OVERTAKE OPPORTUNITY,success
81,840,494,72,45,3240,3245.9,1.094000674081564,0,0,0,➡️ STEADY,False,0,🔒 NO OVERTAKE OPPORTUNITY,success
82,841,494,72,45,3240,3212.7,1.0828109201213347,273,273,0,📈 APPROACHING,True,0,🔒 NO OVERTAKE OPPORTUNITY,success
83,841,495,72,45,3240,3212.7,1.0828109201213347,0,273,0,➡️ STEADY,True,0,🔒 NO OVERTAKE OPPORTUNITY,success
84,841,495,72,45,3240,3212.7,1.0828109201213347,0,273,0,➡️ STEADY,True,0,🔒 NO OVERTAKE OPPORTUNITY,success
85,842,495,72,45,3240,3212.7,1.0828109201213347,0,273,0,➡️ STEADY,True,0,🔒 NO OVERTAKE OPPORTUNITY,success
86,842,495,72,45,3240,3212.7,1.0828109201213347,0,273,0,➡️ STEADY,True,0,🔒 NO OVERTAKE OPPORTUNITY,success
87,842,496,72,45,3240,3240.0,1.0920121334681496,0,273,0,➡️ STEADY,True,0,🔒 NO OVERTAKE OPPORTUNITY,success
88,842,496,72,45,3240,3240.0,1.0920121334681496,0,273,0,➡️ STEADY,True,0,🔒 NO OVERTAKE OPPORTUNITY,success
89,842,496,72,45,3240,3240.0,1.0920121334681496,0,273,0,➡️ STEADY,True,0,🔒 NO OVERTAKE OPPORTUNITY,success
90,842,496,72,45,3240,3240.0,1.0920121334681496,0,273,0,➡️ STEADY,True,0,🔒 NO OVERTAKE OPPORTUNITY,success
91,845,496,72,45,3240,3240.0,1.0920121334681496,0,273,0,➡️ STEADY,True,0,🔒 NO OVERTAKE OPPORTUNITY,success
92,846,496,72,45,3240,3240.0,1.0920121334681496,0,273,0,➡️ STEADY,True,0,🔒 NO OVERTAKE OPPORTUNITY,success
93,848,496,72,45,3240,3240.0,1.0920121334681496,0,273,0,➡️ STEADY,True,0,🔒 NO OVERTAKE OPPORTUNITY,success
94,849,496,72,45,3240,3240.0,1.0920121334681496,0,273,0,➡️ STEADY,True,0,🔒 NO OVERTAKE OPPORTUNITY,success
95,849,496,72,45,3240,3240.0,1.0920121334681496,0,273,0,➡️ STEADY,True,0,🔒 NO OVERTAKE OPPORTUNITY,success
96,850,499,72,45,3240,3240.0,1.0920121334681496,0,273,0,➡️ STEADY,True,0,🔒 NO OVERTAKE OPPORTUNITY,success
97,851,498,72,45,3240,3240.0,1.0920121334681496,0,273,0,➡️ STEADY,True,0,🔒 NO OVERTAKE OPPORTUNITY,success
98,854,498,72,45,3240,3240.0,1.0920121334681496,0,273,0,➡️ STEADY,True,0,🔒 NO OVERTAKE OPPORTUNITY,success
99,855,499,72,45,3240,3240.0,1.0920121334681496,0,273,0,➡️ STEADY,True,0,🔒 NO OVERTAKE OPPORTUNITY,success
100,855,498,72,45,3240,3240.0,1.0920121334681496,0,273,0,➡️ STEADY,True,0,🔒 NO OVERTAKE OPPORTUNITY,success
101,857,498,72,45,3240,3240.0,1.0920121334681496,0,273,0,➡️ STEADY,True,0,🔒 NO OVERTAKE OPPORTUNITY,success
102,859,498,69,43,2967,3212.7,1.0828109201213347,-273,0,0,📉 MOVING AWAY,False,0,🔒 NO OVERTAKE OPPORTUNITY,success
103,858,498,72,45,3240,3212.7,1.0828109201213347,0,0,0,➡️ STEADY,False,0,🔒 NO OVERTAKE OPPORTUNITY,success
104,858,499,72,45,3240,3212.7,1.0828109201213347,0,0,0,➡️ STEADY,False,0,🔒 NO OVERTAKE OPPORTUNITY,success
105,858,500,72,45,3240,3212.7,1.0828109201213347,0,0,0,➡️ STEADY,False,0,🔒 NO OVERTAKE OPPORTUNITY,success
106,859,501,72,45,3240,3212.7,1.0828109201213347,0,0,0,➡️ STEADY,False,0,🔒 NO OVERTAKE OPPORTUNITY,success
107,860,501,72,45,3240,3212.7,1.0828109201213347,273,273,0,📈 APPROACHING,True,0,🔒 NO OVERTAKE OPPORTUNITY,success
108,862,501,72,45,3240,3212.7,1.0828109201213347,0,273,0,➡️ STEADY,True,0,🔒 NO OVERTAKE OPPORTUNITY,success
109,862,501,72,45,3240,3212.7,1.0828109201213347,0,273,0,➡️ STEADY,True,0,🔒 NO OVERTAKE OPPORTUNITY,success
110,862,501,72,45,3240,3212.7,1.0828109201213347,0,273,0,➡️ STEADY,True,0,🔒 NO OVERTAKE OPPORTUNITY,success
111,865,500,72,45,3240,3212.7,1.0828109201213347,0,273,0,➡️ STEADY,True,0,🔒 NO OVERTAKE OPPORTUNITY,success
112,866,500,72,45,3240,3240.0,1.0920121334681496,0,273,0,➡️ STEADY,True,0,🔒 NO OVERTAKE OPPORTUNITY,success
113,867,499,72,45,3240,3240.0,1.0920121334681496,0,273,0,➡️ STEADY,True,0,🔒 NO OVERTAKE OPPORTUNITY,success
114,867,499,72,45,3240,3240.0,1.0920121334681496,0,273,0,➡️ STEADY,True,0,🔒 NO OVERTAKE OPPORTUNITY,success
115,868,498,72,45,3240,3240.0,1.0920121334681496,0,273,0,➡️ STEADY,True,0,🔒 NO OVERTAKE OPPORTUNITY,success
116,869,498,72,45,3240,3240.0,1.0920121334681496,0,273,0,➡️ STEADY,True,0,🔒 NO OVERTAKE OPPORTUNITY,success
117,869,499,72,45,3240,3240.0,1.0920121334681496,0,273,0,➡️ STEADY,True,0,🔒 NO OVERTAKE OPPORTUNITY,success
118,869,498,72,45,3240,3240.0,1.0920121334681496,0,273,0,➡️ STEADY,True,0,🔒 NO OVERTAKE OPPORTUNITY,success
119,869,498,72,45,3240,3240.0,1.0920121334681496,0,273,0,➡️ STEADY,True,0,🔒 NO OVERTAKE OPPORTUNITY,success
120,869,498,72,45,3240,3240.0,1.0920121334681496,0,273,0,➡️ STEADY,True,0,🔒 NO OVERTAKE OPPORTUNITY,success
121,869,497,72,45,3240,3240.0,1.0920121334681496,0,273,0,➡️ STEADY,True,0,🔒 NO OVERTAKE OPPORTUNITY,success
122,869,497,72,45,3240,3240.0,1.0920121334681496,0,273,0,➡️ STEADY,True,0,🔒 NO OVERTAKE OPPORTUNITY,success
123,868,498,72,45,3240,3240.0,1.0920121334681496,0,273,0,➡️ STEADY,True,0,🔒 NO OVERTAKE OPPORTUNITY,success
124,866,497,72,45,3240,3240.0,1.0920121334681496,0,273,0,➡️ STEADY,True,0,🔒 NO OVERTAKE OPPORTUNITY,success
125,865,498,72,45,3240,3240.0,1.0920121334681496,0,273,0,➡️ STEADY,True,0,🔒 NO OVERTAKE OPPORTUNITY,success
126,864,497,72,45,3240,3240.0,1.0920121334681496,0,273,0,➡️ STEADY,True,0,🔒 NO OVERTAKE OPPORTUNITY,success
127,864,497,72,45,3240,3240.0,1.0920121334681496,0,273,0,➡️ STEADY,True,0,🔒 NO OVERTAKE OPPORTUNITY,success
128,862,497,72,45,3240,3240.0,1.0920121334681496,0,273,0,➡️ STEADY,True,0,🔒 NO OVERTAKE OPPORTUNITY,success
129,861,497,72,45,3240,3240.0,1.0920121334681496,0,273,0,➡️ STEADY,True,0,🔒 NO OVERTAKE OPPORTUNITY,success
130,858,496,76,47,3572,3273.2,1.1032018874283789,332,332,23,📈 APPROACHING,True,0,🔒 NO OVERTAKE OPPORTUNITY,success
131,857,497,76,47,3572,3306.4,1.1143916413886081,332,332,24,📈 APPROACHING,True,0,🔒 NO OVERTAKE OPPORTUNITY,success
132,855,497,76,47,3572,3339.6,1.1255813953488372,332,332,25,📈 APPROACHING,True,0,🔒 NO OVERTAKE OPPORTUNITY,success
133,853,497,76,47,3572,3372.8,1.1367711493090664,332,332,26,📈 APPROACHING,True,0,🔒 NO OVERTAKE OPPORTUNITY,success
134,853,497,76,47,3572,3406.0,1.1479609032692957,332,332,27,📈 APPROACHING,True,0,🔒 NO OVERTAKE OPPORTUNITY,success
135,852,498,76,47,3572,3439.2,1.1591506572295247,0,332,27,➡️ STEADY,True,0,🔒 NO OVERTAKE OPPORTUNITY,success
136,850,498,76,47,3572,3472.4,1.170340411189754,0,332,27,➡️ STEADY,True,0,🔒 NO OVERTAKE OPPORTUNITY,success
137,849,497,76,47,3572,3505.6,1.1815301651499832,0,332,27,➡️ STEADY,True,0,🔒 NO OVERTAKE OPPORTUNITY,success
138,848,497,76,47,3572,3538.8,1.1927199191102125,0,332,27,➡️ STEADY,True,0,🔒 NO OVERTAKE OPPORTUNITY,success
139,848,498,76,47,3572,3572.0,1.2039096730704415,0,332,27,➡️ STEADY,True,0,🔒 NO OVERTAKE OPPORTUNITY,success
140,847,497,76,47,3572,3572.0,1.2039096730704415,0,332,27,➡️ STEADY,True,0,🔒 NO OVERTAKE OPPORTUNITY,success
141,846,497,76,47,3572,3572.0,1.2039096730704415,0,332,27,➡️ STEADY,True,0,🔒 NO OVERTAKE OPPORTUNITY,success
142,846,497,76,47,3572,3572.0,1.2039096730704415,0,332,27,➡️ STEADY,True,0,🔒 NO OVERTAKE OPPORTUNITY,success
143,844,497,76,47,3572,3572.0,1.2039096730704415,0,332,27,➡️ STEADY,True,0,🔒 NO OVERTAKE OPPORTUNITY,success
144,841,496,80,50,4000,3614.8,1.218335018537243,428,428,37,📈 APPROACHING,True,0,🔒 NO OVERTAKE OPPORTUNITY,success
145,840,495,84,52,4368,3694.4,1.2451634647792382,796,796,38,📈 APPROACHING,True,0,🔒 NO OVERTAKE OPPORTUNITY,success
146,841,494,84,52,4368,3774.0,1.2719919110212337,796,796,39,📈 APPROACHING,True,0,🔒 NO OVERTAKE OPPORTUNITY,success
147,839,491,88,55,4840,3900.8,1.3147286821705426,1268,1268,40,📈 APPROACHING,True,0,🔒 NO OVERTAKE OPPORTUNITY,success
148,839,490,88,55,4840,4027.6,1.3574654533198516,1268,1268,41,📈 APPROACHING,True,0,🔒 NO OVERTAKE OPPORTUNITY,success
149,838,489,88,55,4840,4154.4,1.4002022244691605,840,1268,42,📈 APPROACHING,True,0,🔒 NO OVERTAKE OPPORTUNITY,success
150,838,489,88,55,4840,4281.2,1.4429389956184697,472,1268,43,📈 APPROACHING,True,0,🔒 NO OVERTAKE OPPORTUNITY,success
151,838,485,88,55,4840,4408.0,1.485675766767779,472,1268,44,📈 APPROACHING,True,0,🔒 NO OVERTAKE OPPORTUNITY,success
152,838,484,88,55,4840,4534.8,1.528412537917088,0,1268,44,➡️ STEADY,True,0,🔒 NO OVERTAKE OPPORTUNITY,success
153,838,484,88,55,4840,4661.6,1.571149309066397,0,1268,44,➡️ STEADY,True,0,🔒 NO OVERTAKE OPPORTUNITY,success
154,838,483,88,55,4840,4745.6,1.5994607347489047,0,1268,44,➡️ STEADY,True,0,🔒 NO OVERTAKE OPPORTUNITY,success
155,838,482,88,55,4840,4792.8,1.6153690596562185,0,1268,44,➡️ STEADY,True,0,🔒 NO OVERTAKE OPPORTUNITY,success
156,838,481,88,55,4840,4840.0,1.6312773845635322,0,1268,44,➡️ STEADY,True,0,🔒 NO OVERTAKE OPPORTUNITY,success
157,838,480,88,55,4840,4840.0,1.6312773845635322,0,1268,44,➡️ STEADY,True,0,🔒 NO OVERTAKE OPPORTUNITY,success
158,837,480,88,55,4840,4840.0,1.6312773845635322,0,1268,44,➡️ STEADY,True,0,🔒 NO OVERTAKE OPPORTUNITY,success
159,837,480,88,55,4840,4840.0,1.6312773845635322,0,1268,44,➡️ STEADY,True,0,🔒 NO OVERTAKE OPPORTUNITY,success
160,837,479,88,55,4840,4840.0,1.6312773845635322,0,1268,44,➡️ STEADY,True,0,🔒 NO OVERTAKE OPPORTUNITY,success
161,837,478,88,55,4840,4840.0,1.6312773845635322,0,1268,44,➡️ STEADY,True,0,🔒 NO OVERTAKE OPPORTUNITY,success
162,838,478,88,55,4840,4840.0,1.6312773845635322,0,1268,44,➡️ STEADY,True,0,🔒 NO OVERTAKE OPPORTUNITY,success
163,838,476,88,55,4840,4840.0,1.6312773845635322,0,1268,44,➡️ STEADY,True,0,🔒 NO OVERTAKE OPPORTUNITY,success
164,838,475,88,55,4840,4840.0,1.6312773845635322,0,1268,44,➡️ STEADY,True,0,🔒 NO OVERTAKE OPPORTUNITY,success
165,838,475,88,55,4840,4840.0,1.6312773845635322,0,1268,44,➡️ STEADY,True,0,🔒 NO OVERTAKE OPPORTUNITY,success
166,839,474,88,55,4840,4840.0,1.6312773845635322,0,1268,44,➡️ STEADY,True,0,🔒 NO OVERTAKE OPPORTUNITY,success
167,839,475,88,55,4840,4840.0,1.6312773845635322,0,1268,44,➡️ STEADY,True,0,🔒 NO OVERTAKE OPPORTUNITY,success
168,839,475,88,55,4840,4840.0,1.6312773845635322,0,1268,44,➡️ STEADY,True,0,🔒 NO OVERTAKE OPPORTUNITY,success
169,839,475,88,55,4840,4840.0,1.6312773845635322,0,1268,44,➡️ STEADY,True,0,🔒 NO OVERTAKE OPPORTUNITY,success
170,839,475,88,55,4840,4840.0,1.6312773845635322,0,1268,44,➡️ STEADY,True,0,🔒 NO OVERTAKE OPPORTUNITY,success
171,839,475,88,55,4840,4840.0,1.6312773845635322,0,1268,44,➡️ STEADY,True,0,🔒 NO OVERTAKE OPPORTUNITY,success
172,840,475,88,55,4840,4840.0,1.6312773845635322,0,1268,44,➡️ STEADY,True,0,🔒 NO OVERTAKE OPPORTUNITY,success
173,839,473,92,58,5336,4889.6,1.6479946073474891,496,1268,66,📈 APPROACHING,True,0,🔒 NO OVERTAKE OPPORTUNITY,success
174,840,474,92,58,5336,4939.2,1.6647118301314459,496,1268,67,📈 APPROACHING,True,0,🔒 NO OVERTAKE OPPORTUNITY,success
175,841,474,92,58,5336,4988.8,1.6814290529154028,496,1268,68,📈 APPROACHING,True,0,🔒 NO OVERTAKE OPPORTUNITY,success
176,842,475,92,58,5336,5038.4,1.6981462756993595,496,1268,69,📈 APPROACHING,True,0,🔒 NO OVERTAKE OPPORTUNITY,success
177,842,476,92,58,5336,5088.0,1.7148634984833164,496,1268,70,📈 APPROACHING,True,0,🔒 NO OVERTAKE OPPORTUNITY,success
178,844,476,92,58,5336,5137.6,1.7315807212672734,0,1268,70,➡️ STEADY,True,0,🔒 NO OVERTAKE OPPORTUNITY,success
179,844,476,92,58,5336,5187.2,1.74829794405123,0,1268,70,➡️ STEADY,True,0,🔒 NO OVERTAKE OPPORTUNITY,success
180,844,476,92,58,5336,5236.8,1.7650151668351872,0,1268,70,➡️ STEADY,True,0,🔒 NO OVERTAKE OPPORTUNITY,success
181,845,476,92,58,5336,5286.4,1.7817323896191437,0,1268,70,➡️ STEADY,True,0,🔒 NO OVERTAKE OPPORTUNITY,success
182,845,475,92,58,5336,5336.0,1.7984496124031009,0,1268,70,➡️ STEADY,True,0,🔒 NO OVERTAKE OPPORTUNITY,success
183,845,475,92,58,5336,5336.0,1.7984496124031009,0,1268,70,➡️ STEADY,True,0,🔒 NO OVERTAKE OPPORTUNITY,success
184,845,474,92,58,5336,5336.0,1.7984496124031009,0,1268,70,➡️ STEADY,True,0,🔒 NO OVERTAKE OPPORTUNITY,success
185,846,474,92,58,5336,5336.0,1.7984496124031009,0,1268,70,➡️ STEADY,True,0,🔒 NO OVERTAKE OPPORTUNITY,success
186,846,471,92,58,5336,5336.0,1.7984496124031009,0,1268,70,➡️ STEADY,True,0,🔒 NO OVERTAKE OPPORTUNITY,success
187,845,471,92,58,5336,5336.0,1.7984496124031009,0,1268,70,➡️ STEADY,True,0,🔒 NO OVERTAKE OPPORTUNITY,success
188,843,470,97,61,5917,5394.1,1.818031681833502,581,1268,81,📈 APPROACHING,True,0,🔒 NO OVERTAKE OPPORTUNITY,success
189,844,470,97,61,5917,5452.2,1.8376137512639028,581,1268,82,📈 APPROACHING,True,0,🔒 NO OVERTAKE OPPORTUNITY,success
190,846,471,97,61,5917,5510.3,1.857195820694304,581,1268,83,📈 APPROACHING,True,0,🔒 NO OVERTAKE OPPORTUNITY,success
191,845,472,97,61,5917,5568.4,1.876777890124705,581,1268,84,📈 APPROACHING,True,0,🔒 NO OVERTAKE OPPORTUNITY,success
192,846,473,97,61,5917,5626.5,1.8963599595551062,581,1268,85,📈 APPROACHING,True,0,🔒 NO OVERTAKE OPPORTUNITY,success
193,844,472,102,64,6528,5745.7,1.9365352207617121,611,1268,86,📈 APPROACHING,True,0,🔒 NO OVERTAKE OPPORTUNITY,success
194,847,474,97,61,5917,5803.8,1.9561172901921133,0,1268,86,➡️ STEADY,True,0,🔒 NO OVERTAKE OPPORTUNITY,success
195,845,473,102,64,6528,5923.0,1.9962925513987193,611,1268,88,📈 APPROACHING,True,0,🔒 NO OVERTAKE OPPORTUNITY,success
196,848,474,97,61,5917,5981.1,2.0158746208291203,0,1268,88,➡️ STEADY,True,0,🔒 NO OVERTAKE OPPORTUNITY,success
197,849,475,97,61,5917,6039.2,2.0354566902595215,0,1268,88,➡️ STEADY,True,0,🔒 NO OVERTAKE OPPORTUNITY,success
198,848,473,102,64,6528,6100.3,2.0560498820357265,0,1268,88,➡️ STEADY,True,0,🔒 NO OVERTAKE OPPORTUNITY,success
199,849,473,102,64,6528,6161.4,2.076643073811931,611,1268,92,📈 APPROACHING,True,0,🔒 NO OVERTAKE OPPORTUNITY,success
200,849,472,102,64,6528,6222.5,2.097236265588136,0,1268,92,➡️ STEADY,True,0,🔒 NO OVERTAKE OPPORTUNITY,success
201,850,472,102,64,6528,6283.6,2.117829457364341,611,1268,94,📈 APPROACHING,True,0,🔒 NO OVERTAKE OPPORTUNITY,success
202,851,473,102,64,6528,6344.7,2.138422649140546,611,1268,95,📈 APPROACHING,True,0,🔒 NO OVERTAKE OPPORTUNITY,success
203,851,472,102,64,6528,6344.7,2.138422649140546,0,1268,95,➡️ STEADY,True,0,🔒 NO OVERTAKE OPPORTUNITY,success
204,852,473,102,64,6528,6405.8,2.159015840916751,0,1268,95,➡️ STEADY,True,0,🔒 NO OVERTAKE OPPORTUNITY,success
205,852,473,102,64,6528,6405.8,2.159015840916751,0,1268,95,➡️ STEADY,True,0,🔒 NO OVERTAKE OPPORTUNITY,success
206,852,474,102,64,6528,6466.9,2.1796090326929556,0,1268,95,➡️ STEADY,True,0,🔒 NO OVERTAKE OPPORTUNITY,success
207,853,475,102,64,6528,6528.0,2.2002022244691606,0,1268,95,➡️ STEADY,True,0,🔒 NO OVERTAKE OPPORTUNITY,success
208,853,475,102,64,6528,6528.0,2.2002022244691606,0,1268,95,➡️ STEADY,True,0,🔒 NO OVERTAKE OPPORTUNITY,success
209,855,475,102,64,6528,6528.0,2.2002022244691606,0,1268,95,➡️ STEADY,True,0,🔒 NO OVERTAKE OPPORTUNITY,success
210,858,477,97,61,5917,6466.9,2.1796090326929556,-611,0,0,📉 MOVING AWAY,False,0,🔒 NO OVERTAKE OPPORTUNITY,success
211,858,477,97,61,5917,6405.8,2.159015840916751,-611,0,0,📉 MOVING AWAY,False,0,🔒 NO OVERTAKE OPPORTUNITY,success
212,857,475,102,64,6528,6405.8,2.159015840916751,0,0,0,➡️ STEADY,False,0,🔒 NO OVERTAKE OPPORTUNITY,success
213,855,473,107,67,7169,6469.9,2.1806201550387594,641,641,0,📈 APPROACHING,True,0,🔒 NO OVERTAKE OPPORTUNITY,success
214,858,474,102,64,6528,6469.9,2.1806201550387594,0,641,0,➡️ STEADY,True,0,🔒 NO OVERTAKE OPPORTUNITY,success
215,858,474,102,64,6528,6469.9,2.1806201550387594,611,641,2,📈 APPROACHING,True,0,🔒 NO OVERTAKE OPPORTUNITY,success
216,859,473,102,64,6528,6469.9,2.1806201550387594,611,641,3,📈 APPROACHING,True,0,🔒 NO OVERTAKE OPPORTUNITY,success
217,859,474,102,64,6528,6469.9,2.1806201550387594,0,641,3,➡️ STEADY,True,0,🔒 NO OVERTAKE OPPORTUNITY,success
218,859,474,102,64,6528,6469.9,2.1806201550387594,-641,0,0,📉 MOVING AWAY,False,0,🔒 NO OVERTAKE OPPORTUNITY,success
219,859,475,102,64,6528,6469.9,2.1806201550387594,0,0,0,➡️ STEADY,False,0,🔒 NO OVERTAKE OPPORTUNITY,success
220,859,476,102,64,6528,6531.0,2.2012133468149644,0,0,0,➡️ STEADY,False,0,🔒 NO OVERTAKE OPPORTUNITY,success
221,858,476,102,64,6528,6592.1,2.22180653859117,0,0,0,➡️ STEADY,False,0,🔒 NO OVERTAKE OPPORTUNITY,success
222,857,477,102,64,6528,6592.1,2.22180653859117,0,0,0,➡️ STEADY,False,0,🔒 NO OVERTAKE OPPORTUNITY,success
223,856,478,102,64,6528,6528.0,2.2002022244691606,0,0,0,➡️ STEADY,False,0,🔒 NO OVERTAKE OPPORTUNITY,success
224,856,478,102,64,6528,6528.0,2.2002022244691606,0,0,0,➡️ STEADY,False,0,🔒 NO OVERTAKE OPPORTUNITY,success
225,855,478,102,64,6528,6528.0,2.2002022244691606,0,0,0,➡️ STEADY,False,0,🔒 NO OVERTAKE OPPORTUNITY,success
226,852,478,102,64,6528,6528.0,2.2002022244691606,0,0,0,➡️ STEADY,False,0,🔒 NO OVERTAKE OPPORTUNITY,success
227,852,478,102,64,6528,6528.0,2.2002022244691606,0,0,0,➡️ STEADY,False,0,🔒 NO OVERTAKE OPPORTUNITY,success
228,849,478,102,64,6528,6528.0,2.2002022244691606,0,0,0,➡️ STEADY,False,0,🔒 NO OVERTAKE OPPORTUNITY,success
229,846,477,107,67,7169,6592.1,2.22180653859117,641,641,0,📈 APPROACHING,True,0,🔒 NO OVERTAKE OPPORTUNITY,success
230,845,477,107,67,7169,6656.2,2.243410852713178,641,641,1,📈 APPROACHING,True,0,🔒 NO OVERTAKE OPPORTUNITY,success
231,844,477,107,67,7169,6720.3,2.265015166835187,641,641,2,📈 APPROACHING,True,0,🔒 NO OVERTAKE OPPORTUNITY,success
232,843,477,107,67,7169,6784.4,2.286619480957196,641,641,3,📈 APPROACHING,True,0,🔒 NO OVERTAKE OPPORTUNITY,success
233,840,477,107,67,7169,6848.5,2.3082237950792046,641,641,4,📈 APPROACHING,True,0,🔒 NO OVERTAKE OPPORTUNITY,success
234,840,477,107,67,7169,6912.6,2.3298281092012134,0,641,4,➡️ STEADY,True,0,🔒 NO OVERTAKE OPPORTUNITY,success
235,838,478,107,67,7169,6976.7,2.351432423323222,0,641,4,➡️ STEADY,True,0,🔒 NO OVERTAKE OPPORTUNITY,success
236,838,478,107,67,7169,7040.8,2.373036737445231,0,641,4,➡️ STEADY,True,0,🔒 NO OVERTAKE OPPORTUNITY,success
237,836,479,107,67,7169,7104.9,2.3946410515672394,0,641,4,➡️ STEADY,True,0,🔒 NO OVERTAKE OPPORTUNITY,success
238,836,480,107,67,7169,7169.0,2.416245365689248,0,641,4,➡️ STEADY,True,0,🔒 NO OVERTAKE OPPORTUNITY,success
239,835,480,107,67,7169,7169.0,2.416245365689248,0,641,4,➡️ STEADY,True,0,🔒 NO OVERTAKE OPPORTUNITY,success
240,837,482,102,64,6528,7104.9,2.3946410515672394,-641,0,0,📉 MOVING AWAY,False,0,🔒 NO OVERTAKE OPPORTUNITY,success
241,835,483,102,64,6528,7040.8,2.373036737445231,-641,0,0,📉 MOVING AWAY,False,0,🔒 NO OVERTAKE OPPORTUNITY,success
242,835,483,102,64,6528,6976.7,2.351432423323222,-641,0,0,📉 MOVING AWAY,False,0,🔒 NO OVERTAKE OPPORTUNITY,success
243,835,483,102,64,6528,6912.6,2.3298281092012134,-641,0,0,📉 MOVING AWAY,False,0,🔒 NO OVERTAKE OPPORTUNITY,success
244,835,483,102,64,6528,6848.5,2.3082237950792046,-641,0,0,📉 MOVING AWAY,False,0,🔒 NO OVERTAKE OPPORTUNITY,success
245,835,483,102,64,6528,6784.4,2.286619480957196,0,0,0,➡️ STEADY,False,0,🔒 NO OVERTAKE OPPORTUNITY,success
246,835,483,102,64,6528,6720.3,2.265015166835187,0,0,0,➡️ STEADY,False,0,🔒 NO OVERTAKE OPPORTUNITY,success
247,835,483,102,64,6528,6656.2,2.243410852713178,0,0,0,➡️ STEADY,False,0,🔒 NO OVERTAKE OPPORTUNITY,success
248,835,484,102,64,6528,6592.1,2.22180653859117,0,0,0,➡️ STEADY,False,0,🔒 NO OVERTAKE OPPORTUNITY,success
249,835,484,102,64,6528,6528.0,2.2002022244691606,0,0,0,➡️ STEADY,False,0,🔒 NO OVERTAKE OPPORTUNITY,success
250,836,484,102,64,6528,6528.0,2.2002022244691606,0,0,0,➡️ STEADY,False,0,🔒 NO OVERTAKE OPPORTUNITY,success
251,837,485,102,64,6528,6528.0,2.2002022244691606,0,0,0,➡️ STEADY,False,0,🔒 NO OVERTAKE OPPORTUNITY,success
252,837,485,102,64,6528,6528.0,2.2002022244691606,0,0,0,➡️ STEADY,False,0,🔒 NO OVERTAKE OPPORTUNITY,success
253,837,485,102,64,6528,6528.0,2.2002022244691606,0,0,0,➡️ STEADY,False,0,🔒 NO OVERTAKE OPPORTUNITY,success
254,837,485,102,64,6528,6528.0,2.2002022244691606,0,0,0,➡️ STEADY,False,0,🔒 NO OVERTAKE OPPORTUNITY,success
255,837,485,102,64,6528,6528.0,2.2002022244691606,0,0,0,➡️ STEADY,False,0,🔒 NO OVERTAKE OPPORTUNITY,success
256,838,485,102,64,6528,6528.0,2.2002022244691606,0,0,0,➡️ STEADY,False,0,🔒 NO OVERTAKE OPPORTUNITY,success
257,838,485,102,64,6528,6528.0,2.2002022244691606,0,0,0,➡️ STEADY,False,0,🔒 NO OVERTAKE OPPORTUNITY,success
258,841,487,97,61,5917,6466.9,2.1796090326929556,-611,0,0,📉 MOVING AWAY,False,0,🔒 NO OVERTAKE OPPORTUNITY,success
259,839,486,102,64,6528,6466.9,2.1796090326929556,0,0,0,➡️ STEADY,False,0,🔒 NO OVERTAKE OPPORTUNITY,success
260,840,486,102,64,6528,6466.9,2.1796090326929556,0,0,0,➡️ STEADY,False,0,🔒 NO OVERTAKE OPPORTUNITY,success
261,840,487,102,64,6528,6466.9,2.1796090326929556,0,0,0,➡️ STEADY,False,0,🔒 NO OVERTAKE OPPORTUNITY,success
262,841,487,102,64,6528,6466.9,2.1796090326929556,0,0,0,➡️ STEADY,False,0,🔒 NO OVERTAKE OPPORTUNITY,success
263,842,487,102,64,6528,6466.9,2.1796090326929556,611,611,0,📈 APPROACHING,True,0,🔒 NO OVERTAKE OPPORTUNITY,success
264,845,489,97,61,5917,6405.8,2.159015840916751,-611,0,0,📉 MOVING AWAY,False,0,🔒 NO OVERTAKE OPPORTUNITY,success
265,843,488,102,64,6528,6405.8,2.159015840916751,0,0,0,➡️ STEADY,False,0,🔒 NO OVERTAKE OPPORTUNITY,success
266,845,487,102,64,6528,6405.8,2.159015840916751,0,0,0,➡️ STEADY,False,0,🔒 NO OVERTAKE OPPORTUNITY,success
267,848,489,97,61,5917,6344.7,2.138422649140546,-611,0,0,📉 MOVING AWAY,False,0,🔒 NO OVERTAKE OPPORTUNITY,success
268,847,487,102,64,6528,6405.8,2.159015840916751,0,0,0,➡️ STEADY,False,0,🔒 NO OVERTAKE OPPORTUNITY,success
269,850,489,97,61,5917,6344.7,2.138422649140546,0,0,0,➡️ STEADY,False,0,🔒 NO OVERTAKE OPPORTUNITY,success
270,848,487,102,64,6528,6344.7,2.138422649140546,0,0,0,➡️ STEADY,False,0,🔒 NO OVERTAKE OPPORTUNITY,success
271,852,489,97,61,5917,6283.6,2.117829457364341,-611,0,0,📉 MOVING AWAY,False,0,🔒 NO OVERTAKE OPPORTUNITY,success
272,852,489,97,61,5917,6222.5,2.097236265588136,0,0,0,➡️ STEADY,False,0,🔒 NO OVERTAKE OPPORTUNITY,success
273,855,489,97,61,5917,6161.4,2.076643073811931,-611,0,0,📉 MOVING AWAY,False,0,🔒 NO OVERTAKE OPPORTUNITY,success
274,853,487,102,64,6528,6222.5,2.097236265588136,611,611,0,📈 APPROACHING,True,0,🔒 NO OVERTAKE OPPORTUNITY,success
275,857,488,97,61,5917,6161.4,2.076643073811931,-611,0,0,📉 MOVING AWAY,False,0,🔒 NO OVERTAKE OPPORTUNITY,success
276,857,487,102,64,6528,6161.4,2.076643073811931,611,611,0,📈 APPROACHING,True,0,🔒 NO OVERTAKE OPPORTUNITY,success
277,858,487,102,64,6528,6222.5,2.097236265588136,611,611,1,📈 APPROACHING,True,0,🔒 NO OVERTAKE OPPORTUNITY,success
278,863,487,102,64,6528,6222.5,2.097236265588136,611,611,2,📈 APPROACHING,True,0,🔒 NO OVERTAKE OPPORTUNITY,success
279,864,487,102,64,6528,6283.6,2.117829457364341,0,611,2,➡️ STEADY,True,0,🔒 NO OVERTAKE OPPORTUNITY,success
280,865,487,102,64,6528,6283.6,2.117829457364341,611,611,4,📈 APPROACHING,True,0,🔒 NO OVERTAKE OPPORTUNITY,success
281,868,487,102,64,6528,6344.7,2.138422649140546,0,611,4,➡️ STEADY,True,0,🔒 NO OVERTAKE OPPORTUNITY,success
282,872,487,102,64,6528,6405.8,2.159015840916751,0,611,4,➡️ STEADY,True,0,🔒 NO OVERTAKE OPPORTUNITY,success
283,876,487,102,64,6528,6466.9,2.1796090326929556,0,611,4,➡️ STEADY,True,0,🔒 NO OVERTAKE OPPORTUNITY,success
284,877,487,102,64,6528,6466.9,2.1796090326929556,0,611,4,➡️ STEADY,True,0,🔒 NO OVERTAKE OPPORTUNITY,success
285,878,487,102,64,6528,6528.0,2.2002022244691606,0,611,4,➡️ STEADY,True,0,🔒 NO OVERTAKE OPPORTUNITY,success
286,885,489,97,61,5917,6466.9,2.1796090326929556,-611,0,0,📉 MOVING AWAY,False,0,🔒 NO OVERTAKE OPPORTUNITY,success
287,887,488,97,61,5917,6405.8,2.159015840916751,-611,0,0,📉 MOVING AWAY,False,0,🔒 NO OVERTAKE OPPORTUNITY,success
288,890,488,97,61,5917,6344.7,2.138422649140546,-611,0,0,📉 MOVING AWAY,False,0,🔒 NO OVERTAKE OPPORTUNITY,success
289,892,488,97,61,5917,6283.6,2.117829457364341,-611,0,0,📉 MOVING AWAY,False,0,🔒 NO OVERTAKE OPPORTUNITY,success
290,892,488,97,61,5917,6222.5,2.097236265588136,-611,0,0,📉 MOVING AWAY,False,0,🔒 NO OVERTAKE OPPORTUNITY,success
291,897,487,97,61,5917,6161.4,2.076643073811931,0,0,0,➡️ STEADY,False,0,🔒 NO OVERTAKE OPPORTUNITY,success
292,897,487,97,61,5917,6100.3,2.0560498820357265,0,0,0,➡️ STEADY,False,0,🔒 NO OVERTAKE OPPORTUNITY,success
293,899,485,102,64,6528,6100.3,2.0560498820357265,611,611,0,📈 APPROACHING,True,0,🔒 NO OVERTAKE OPPORTUNITY,success
294,900,484,102,64,6528,6100.3,2.0560498820357265,611,611,1,📈 APPROACHING,True,0,🔒 NO OVERTAKE OPPORTUNITY,success
295,905,484,102,64,6528,6100.3,2.0560498820357265,611,611,2,📈 APPROACHING,True,0,🔒 NO OVERTAKE OPPORTUNITY,success
296,909,486,97,61,5917,6100.3,2.0560498820357265,0,611,2,➡️ STEADY,True,0,🔒 NO OVERTAKE OPPORTUNITY,success
297,910,485,102,64,6528,6161.4,2.076643073811931,611,611,4,📈 APPROACHING,True,0,🔒 NO OVERTAKE OPPORTUNITY,success
298,916,485,102,64,6528,6222.5,2.097236265588136,0,611,4,➡️ STEADY,True,0,🔒 NO OVERTAKE OPPORTUNITY,success
299,917,484,102,64,6528,6283.6,2.117829457364341,0,611,4,➡️ STEADY,True,0,🔒 NO OVERTAKE OPPORTUNITY,success
300,918,484,102,64,6528,6344.7,2.138422649140546,0,611,4,➡️ STEADY,True,0,🔒 NO OVERTAKE OPPORTUNITY,success
301,923,484,102,64,6528,6405.8,2.159015840916751,611,611,8,📈 APPROACHING,True,0,🔒 NO OVERTAKE OPPORTUNITY,success
302,927,486,97,61,5917,6405.8,2.159015840916751,-611,0,0,📉 MOVING AWAY,False,0,🔒 NO OVERTAKE OPPORTUNITY,success
303,930,485,102,64,6528,6405.8,2.159015840916751,0,0,0,➡️ STEADY,False,0,🔒 NO OVERTAKE OPPORTUNITY,success
304,932,485,102,64,6528,6405.8,2.159015840916751,0,0,0,➡️ STEADY,False,0,🔒 NO OVERTAKE OPPORTUNITY,success
305,938,485,102,64,6528,6405.8,2.159015840916751,0,0,0,➡️ STEADY,False,0,🔒 NO OVERTAKE OPPORTUNITY,success
306,940,484,102,64,6528,6466.9,2.1796090326929556,0,0,0,➡️ STEADY,False,0,🔒 NO OVERTAKE OPPORTUNITY,success
307,944,484,102,64,6528,6466.9,2.1796090326929556,611,611,0,📈 APPROACHING,True,0,🔒 NO OVERTAKE OPPORTUNITY,success
308,949,485,97,61,5917,6405.8,2.159015840916751,-611,0,0,📉 MOVING AWAY,False,0,🔒 NO OVERTAKE OPPORTUNITY,success
309,950,484,102,64,6528,6405.8,2.159015840916751,0,0,0,➡️ STEADY,False,0,🔒 NO OVERTAKE OPPORTUNITY,success
310,954,485,97,61,5917,6344.7,2.138422649140546,-611,0,0,📉 MOVING AWAY,False,0,🔒 NO OVERTAKE OPPORTUNITY,success
311,956,484,102,64,6528,6344.7,2.138422649140546,0,0,0,➡️ STEADY,False,0,🔒 NO OVERTAKE OPPORTUNITY,success
312,959,485,97,61,5917,6344.7,2.138422649140546,-611,0,0,📉 MOVING AWAY,False,0,🔒 NO OVERTAKE OPPORTUNITY,success
313,965,486,97,61,5917,6283.6,2.117829457364341,0,0,0,➡️ STEADY,False,0,🔒 NO OVERTAKE OPPORTUNITY,success
314,966,486,97,61,5917,6222.5,2.097236265588136,-611,0,0,📉 MOVING AWAY,False,0,🔒 NO OVERTAKE OPPORTUNITY,success
315,968,486,97,61,5917,6161.4,2.076643073811931,0,0,0,➡️ STEADY,False,0,🔒 NO OVERTAKE OPPORTUNITY,success
316,971,484,102,64,6528,6161.4,2.076643073811931,0,0,0,➡️ STEADY,False,0,🔒 NO OVERTAKE OPPORTUNITY,success
317,975,485,97,61,5917,6100.3,2.0560498820357265,0,0,0,➡️ STEADY,False,0,🔒 NO OVERTAKE OPPORTUNITY,success
318,981,485,97,61,5917,6100.3,2.0560498820357265,0,0,0,➡️ STEADY,False,0,🔒 NO OVERTAKE OPPORTUNITY,success
319,983,485,97,61,5917,6039.2,2.0354566902595215,0,0,0,➡️ STEADY,False,0,🔒 NO OVERTAKE OPPORTUNITY,success
320,987,486,97,61,5917,6039.2,2.0354566902595215,0,0,0,➡️ STEADY,False,0,🔒 NO OVERTAKE OPPORTUNITY,success
321,992,485,97,61,5917,5978.1,2.0148634984833165,-611,0,0,📉 MOVING AWAY,False,0,🔒 NO OVERTAKE OPPORTUNITY,success
322,993,486,97,61,5917,5978.1,2.0148634984833165,0,0,0,➡️ STEADY,False,0,🔒 NO OVERTAKE OPPORTUNITY,success
323,993,484,102,64,6528,6039.2,2.0354566902595215,611,611,0,📈 APPROACHING,True,0,🔒 NO OVERTAKE OPPORTUNITY,success
324,997,485,97,61,5917,6039.2,2.0354566902595215,0,611,0,➡️ STEADY,True,0,🔒 NO OVERTAKE OPPORTUNITY,success
325,997,486,97,61,5917,6039.2,2.0354566902595215,0,611,0,➡️ STEADY,True,0,🔒 NO OVERTAKE OPPORTUNITY,success
326,995,484,102,64,6528,6039.2,2.0354566902595215,611,611,3,📈 APPROACHING,True,0,🔒 NO OVERTAKE OPPORTUNITY,success
327,998,485,97,61,5917,6039.2,2.0354566902595215,0,611,3,➡️ STEADY,True,0,🔒 NO OVERTAKE OPPORTUNITY,success
328,1001,485,97,61,5917,6039.2,2.0354566902595215,-611,0,0,📉 MOVING AWAY,False,0,🔒 NO OVERTAKE OPPORTUNITY,success
329,1001,485,97,61,5917,6039.2,2.0354566902595215,0,0,0,➡️ STEADY,False,0,🔒 NO OVERTAKE OPPORTUNITY,success
330,1002,485,97,61,5917,6039.2,2.0354566902595215,0,0,0,➡️ STEADY,False,0,🔒 NO OVERTAKE OPPORTUNITY,success
331,1006,486,92,58,5336,5981.1,2.0158746208291203,-1192,0,0,📉 MOVING AWAY,False,0,🔒 NO OVERTAKE OPPORTUNITY,success
332,1007,486,92,58,5336,5923.0,1.9962925513987193,-581,0,0,📉 MOVING AWAY,False,0,🔒 NO OVERTAKE OPPORTUNITY,success
333,1010,485,92,58,5336,5803.8,1.9561172901921133,-581,0,0,📉 MOVING AWAY,False,0,🔒 NO OVERTAKE OPPORTUNITY,success
334,1010,485,92,58,5336,5745.7,1.9365352207617121,-581,0,0,📉 MOVING AWAY,False,0,🔒 NO OVERTAKE OPPORTUNITY,success
335,1012,485,92,58,5336,5687.6,1.9169531513313112,-581,0,0,📉 MOVING AWAY,False,0,🔒 NO OVERTAKE OPPORTUNITY,success
336,1016,485,92,58,5336,5568.4,1.876777890124705,0,0,0,➡️ STEADY,False,0,🔒 NO OVERTAKE OPPORTUNITY,success
337,1017,485,92,58,5336,5510.3,1.857195820694304,0,0,0,➡️ STEADY,False,0,🔒 NO OVERTAKE OPPORTUNITY,success
338,1021,484,92,58,5336,5452.2,1.8376137512639028,0,0,0,➡️ STEADY,False,0,🔒 NO OVERTAKE OPPORTUNITY,success
339,1023,484,92,58,5336,5394.1,1.818031681833502,0,0,0,➡️ STEADY,False,0,🔒 NO OVERTAKE OPPORTUNITY,success
340,1025,484,92,58,5336,5336.0,1.7984496124031009,0,0,0,➡️ STEADY,False,0,🔒 NO OVERTAKE OPPORTUNITY,success
341,1026,484,92,58,5336,5336.0,1.7984496124031009,0,0,0,➡️ STEADY,False,0,🔒 NO OVERTAKE OPPORTUNITY,success
342,1026,484,92,58,5336,5336.0,1.7984496124031009,0,0,0,➡️ STEADY,False,0,🔒 NO OVERTAKE OPPORTUNITY,success
343,1028,485,88,55,4840,5286.4,1.7817323896191437,-496,0,0,📉 MOVING AWAY,False,0,🔒 NO OVERTAKE OPPORTUNITY,success
344,1028,485,88,55,4840,5236.8,1.7650151668351872,-496,0,0,📉 MOVING AWAY,False,0,🔒 NO OVERTAKE OPPORTUNITY,success
345,1028,484,88,55,4840,5187.2,1.74829794405123,-496,0,0,📉 MOVING AWAY,False,0,🔒 NO OVERTAKE OPPORTUNITY,success
346,1027,484,88,55,4840,5137.6,1.7315807212672734,-496,0,0,📉 MOVING AWAY,False,0,🔒 NO OVERTAKE OPPORTUNITY,success
347,1027,484,88,55,4840,5088.0,1.7148634984833164,-496,0,0,📉 MOVING AWAY,False,0,🔒 NO OVERTAKE OPPORTUNITY,success
348,1028,484,88,55,4840,5038.4,1.6981462756993595,0,0,0,➡️ STEADY,False,0,🔒 NO OVERTAKE OPPORTUNITY,success
349,1029,485,88,55,4840,4988.8,1.6814290529154028,0,0,0,➡️ STEADY,False,0,🔒 NO OVERTAKE OPPORTUNITY,success
350,1029,485,88,55,4840,4939.2,1.6647118301314459,0,0,0,➡️ STEADY,False,0,🔒 NO OVERTAKE OPPORTUNITY,success
351,1030,487,88,55,4840,4889.6,1.6479946073474891,0,0,0,➡️ STEADY,False,0,🔒 NO OVERTAKE OPPORTUNITY,success
352,1031,487,88,55,4840,4840.0,1.6312773845635322,0,0,0,➡️ STEADY,False,0,🔒 NO OVERTAKE OPPORTUNITY,success
353,1033,488,88,55,4840,4840.0,1.6312773845635322,0,0,0,➡️ STEADY,False,0,🔒 NO OVERTAKE OPPORTUNITY,success
354,1033,487,88,55,4840,4840.0,1.6312773845635322,0,0,0,➡️ STEADY,False,0,🔒 NO OVERTAKE OPPORTUNITY,success
355,1033,487,88,55,4840,4840.0,1.6312773845635322,0,0,0,➡️ STEADY,False,0,🔒 NO OVERTAKE OPPORTUNITY,success
356,1034,487,88,55,4840,4840.0,1.6312773845635322,0,0,0,➡️ STEADY,False,0,🔒 NO OVERTAKE OPPORTUNITY,success
357,1035,487,88,55,4840,4840.0,1.6312773845635322,0,0,0,➡️ STEADY,False,0,🔒 NO OVERTAKE OPPORTUNITY,success
358,1036,486,88,55,4840,4840.0,1.6312773845635322,0,0,0,➡️ STEADY,False,0,🔒 NO OVERTAKE OPPORTUNITY,success
359,1035,485,88,55,4840,4840.0,1.6312773845635322,0,0,0,➡️ STEADY,False,0,🔒 NO OVERTAKE OPPORTUNITY,success
360,1035,484,88,55,4840,4840.0,1.6312773845635322,0,0,0,➡️ STEADY,False,0,🔒 NO OVERTAKE OPPORTUNITY,success
361,1034,480,88,55,4840,4840.0,1.6312773845635322,0,0,0,➡️ STEADY,False,0,🔒 NO OVERTAKE OPPORTUNITY,success
362,1034,480,88,55,4840,4840.0,1.6312773845635322,0,0,0,➡️ STEADY,False,0,🔒 NO OVERTAKE OPPORTUNITY,success
363,1033,480,88,55,4840,4840.0,1.6312773845635322,0,0,0,➡️ STEADY,False,0,🔒 NO OVERTAKE OPPORTUNITY,success
364,1032,479,88,55,4840,4840.0,1.6312773845635322,0,0,0,➡️ STEADY,False,0,🔒 NO OVERTAKE OPPORTUNITY,success
365,1034,480,88,55,4840,4840.0,1.6312773845635322,0,0,0,➡️ STEADY,False,0,🔒 NO OVERTAKE OPPORTUNITY,success
366,1038,481,88,55,4840,4840.0,1.6312773845635322,0,0,0,➡️ STEADY,False,0,🔒 NO OVERTAKE OPPORTUNITY,success
367,1037,482,88,55,4840,4840.0,1.6312773845635322,0,0,0,➡️ STEADY,False,0,🔒 NO OVERTAKE OPPORTUNITY,success
368,1044,485,84,52,4368,4792.8,1.6153690596562185,-472,0,0,📉 MOVING AWAY,False,0,🔒 NO OVERTAKE OPPORTUNITY,success
369,1049,486,84,52,4368,4745.6,1.5994607347489047,-472,0,0,📉 MOVING AWAY,False,0,🔒 NO OVERTAKE OPPORTUNITY,success
370,1051,486,84,52,4368,4698.4,1.5835524098415907,-472,0,0,📉 MOVING AWAY,False,0,🔒 NO OVERTAKE OPPORTUNITY,success
371,1055,485,84,52,4368,4651.2,1.567644084934277,-472,0,0,📉 MOVING AWAY,False,0,🔒 NO OVERTAKE OPPORTUNITY,success
372,1055,484,84,52,4368,4604.0,1.5517357600269632,-472,0,0,📉 MOVING AWAY,False,0,🔒 NO OVERTAKE OPPORTUNITY,success
373,1055,484,84,52,4368,4556.8,1.5358274351196495,0,0,0,➡️ STEADY,False,0,🔒 NO OVERTAKE OPPORTUNITY,success
374,1054,483,88,55,4840,4556.8,1.5358274351196495,472,472,0,📈 APPROACHING,True,0,🔒 NO OVERTAKE OPPORTUNITY,success
375,1053,484,88,55,4840,4556.8,1.5358274351196495,472,472,1,📈 APPROACHING,True,0,🔒 NO OVERTAKE OPPORTUNITY,success
376,1056,487,84,52,4368,4509.6,1.5199191102123357,0,472,1,➡️ STEADY,True,0,🔒 NO OVERTAKE OPPORTUNITY,success
377,1057,490,84,52,4368,4462.4,1.5040107853050217,0,472,1,➡️ STEADY,True,0,🔒 NO OVERTAKE OPPORTUNITY,success
378,1055,495,84,52,4368,4462.4,1.5040107853050217,0,472,1,➡️ STEADY,True,0,🔒 NO OVERTAKE OPPORTUNITY,success
379,1053,496,84,52,4368,4462.4,1.5040107853050217,-472,0,0,📉 MOVING AWAY,False,0,🔒 NO OVERTAKE OPPORTUNITY,success
380,1051,502,84,52,4368,4462.4,1.5040107853050217,-472,0,0,📉 MOVING AWAY,False,0,🔒 NO OVERTAKE OPPORTUNITY,success
381,1043,509,84,52,4368,4462.4,1.5040107853050217,0,0,0,➡️ STEADY,False,0,🔒 NO OVERTAKE OPPORTUNITY,success
382,1036,512,88,55,4840,4509.6,1.5199191102123357,472,472,0,📈 APPROACHING,True,0,🔒 NO OVERTAKE OPPORTUNITY,success
383,1027,513,88,55,4840,4556.8,1.5358274351196495,472,472,1,📈 APPROACHING,True,0,🔒 NO OVERTAKE OPPORTUNITY,success
384,1021,515,88,55,4840,4556.8,1.5358274351196495,472,472,2,📈 APPROACHING,True,0,🔒 NO OVERTAKE OPPORTUNITY,success
385,1015,514,92,58,5336,4606.4,1.5525446579036062,968,968,3,📈 APPROACHING,True,0,🔒 NO OVERTAKE OPPORTUNITY,success
386,1004,515,92,58,5336,4703.2,1.5851702055948769,968,968,4,📈 APPROACHING,True,0,🔒 NO OVERTAKE OPPORTUNITY,success
387,997,512,92,58,5336,4800.0,1.6177957532861476,496,968,5,📈 APPROACHING,True,0,🔒 NO OVERTAKE OPPORTUNITY,success
388,985,507,92,58,5336,4896.8,1.6504213009774182,496,968,6,📈 APPROACHING,True,0,🔒 NO OVERTAKE OPPORTUNITY,success
389,978,503,92,58,5336,4993.6,1.6830468486686891,496,968,7,📈 APPROACHING,True,0,🔒 NO OVERTAKE OPPORTUNITY,success
390,975,502,92,58,5336,5090.4,1.7156723963599594,0,968,7,➡️ STEADY,True,0,🔒 NO OVERTAKE OPPORTUNITY,success
391,962,496,92,58,5336,5187.2,1.74829794405123,0,968,7,➡️ STEADY,True,0,🔒 NO OVERTAKE OPPORTUNITY,success
392,953,489,92,58,5336,5236.8,1.7650151668351872,0,968,7,➡️ STEADY,True,0,🔒 NO OVERTAKE OPPORTUNITY,success
393,941,482,92,58,5336,5286.4,1.7817323896191437,0,968,7,➡️ STEADY,True,0,🔒 NO OVERTAKE OPPORTUNITY,success
394,934,477,92,58,5336,5336.0,1.7984496124031009,0,968,7,➡️ STEADY,True,0,🔒 NO OVERTAKE OPPORTUNITY,success
395,928,475,92,58,5336,5336.0,1.7984496124031009,0,968,7,➡️ STEADY,True,0,🔒 NO OVERTAKE OPPORTUNITY,success
396,917,469,92,58,5336,5336.0,1.7984496124031009,0,968,7,➡️ STEADY,True,0,🔒 NO OVERTAKE OPPORTUNITY,success
397,911,467,92,58,5336,5336.0,1.7984496124031009,0,968,7,➡️ STEADY,True,0,🔒 NO OVERTAKE OPPORTUNITY,success
398,905,473,92,58,5336,5336.0,1.7984496124031009,0,968,7,➡️ STEADY,True,0,🔒 NO OVERTAKE OPPORTUNITY,success
399,901,479,92,58,5336,5336.0,1.7984496124031009,0,968,7,➡️ STEADY,True,0,🔒 NO OVERTAKE OPPORTUNITY,success
400,901,482,92,58,5336,5336.0,1.7984496124031009,0,968,7,➡️ STEADY,True,0,🔒 NO OVERTAKE OPPORTUNITY,success
401,896,492,92,58,5336,5336.0,1.7984496124031009,0,968,7,➡️ STEADY,True,0,🔒 NO OVERTAKE OPPORTUNITY,success
402,892,496,92,58,5336,5336.0,1.7984496124031009,0,968,7,➡️ STEADY,True,0,🔒 NO OVERTAKE OPPORTUNITY,success
403,887,501,92,58,5336,5336.0,1.7984496124031009,0,968,7,➡️ STEADY,True,0,🔒 NO OVERTAKE OPPORTUNITY,success
404,883,503,92,58,5336,5336.0,1.7984496124031009,0,968,7,➡️ STEADY,True,0,🔒 NO OVERTAKE OPPORTUNITY,success
405,882,503,92,58,5336,5336.0,1.7984496124031009,0,968,7,➡️ STEADY,True,0,🔒 NO OVERTAKE OPPORTUNITY,success
406,876,505,92,58,5336,5336.0,1.7984496124031009,0,968,7,➡️ STEADY,True,0,🔒 NO OVERTAKE OPPORTUNITY,success
407,872,506,92,58,5336,5336.0,1.7984496124031009,0,968,7,➡️ STEADY,True,0,🔒 NO OVERTAKE OPPORTUNITY,success
408,863,505,97,61,5917,5394.1,1.818031681833502,581,968,26,📈 APPROACHING,True,0,🔒 NO OVERTAKE OPPORTUNITY,success
409,857,504,97,61,5917,5452.2,1.8376137512639028,581,968,27,📈 APPROACHING,True,0,🔒 NO OVERTAKE OPPORTUNITY,success
410,854,503,97,61,5917,5510.3,1.857195820694304,581,968,28,📈 APPROACHING,True,0,🔒 NO OVERTAKE OPPORTUNITY,success
411,845,498,97,61,5917,5568.4,1.876777890124705,581,968,29,📈 APPROACHING,True,0,🔒 NO OVERTAKE OPPORTUNITY,success
412,839,494,97,61,5917,5626.5,1.8963599595551062,581,968,30,📈 APPROACHING,True,0,🔒 NO OVERTAKE OPPORTUNITY,success
413,830,488,97,61,5917,5684.6,1.9159420289855074,0,968,30,➡️ STEADY,True,0,🔒 NO OVERTAKE OPPORTUNITY,success
414,824,483,97,61,5917,5742.7,1.9355240984159083,0,968,30,➡️ STEADY,True,0,🔒 NO OVERTAKE OPPORTUNITY,success
415,823,481,97,61,5917,5800.8,1.9551061678463095,0,968,30,➡️ STEADY,True,0,🔒 NO OVERTAKE OPPORTUNITY,success
416,819,478,92,58,5336,5800.8,1.9551061678463095,-581,0,0,📉 MOVING AWAY,False,0,🔒 NO OVERTAKE OPPORTUNITY,success
417,817,478,92,58,5336,5800.8,1.9551061678463095,-581,0,0,📉 MOVING AWAY,False,0,🔒 NO OVERTAKE OPPORTUNITY,success
418,814,477,92,58,5336,5742.7,1.9355240984159083,-581,0,0,📉 MOVING AWAY,False,0,🔒 NO OVERTAKE OPPORTUNITY,success
419,813,478,92,58,5336,5684.6,1.9159420289855074,-581,0,0,📉 MOVING AWAY,False,0,🔒 NO OVERTAKE OPPORTUNITY,success
420,813,479,92,58,5336,5626.5,1.8963599595551062,-581,0,0,📉 MOVING AWAY,False,0,🔒 NO OVERTAKE OPPORTUNITY,success
421,814,482,92,58,5336,5568.4,1.876777890124705,0,0,0,➡️ STEADY,False,0,🔒 NO OVERTAKE OPPORTUNITY,success
422,817,486,88,55,4840,5460.7,1.840478597910347,-496,0,0,📉 MOVING AWAY,False,0,🔒 NO OVERTAKE OPPORTUNITY,success
423,818,491,88,55,4840,5353.0,1.8041793056959892,-496,0,0,📉 MOVING AWAY,False,0,🔒 NO OVERTAKE OPPORTUNITY,success
424,821,495,84,52,4368,5198.1,1.7519716885743175,-968,0,0,📉 MOVING AWAY,False,0,🔒 NO OVERTAKE OPPORTUNITY,success
425,822,497,84,52,4368,5043.2,1.6997640714526456,-968,0,0,📉 MOVING AWAY,False,0,🔒 NO OVERTAKE OPPORTUNITY,success
426,821,499,88,55,4840,4993.6,1.6830468486686891,-496,0,0,📉 MOVING AWAY,False,0,🔒 NO OVERTAKE OPPORTUNITY,success
427,819,499,88,55,4840,4944.0,1.666329625884732,0,0,0,➡️ STEADY,False,0,🔒 NO OVERTAKE OPPORTUNITY,success
428,817,500,88,55,4840,4894.4,1.649612403100775,0,0,0,➡️ STEADY,False,0,🔒 NO OVERTAKE OPPORTUNITY,success
429,816,499,88,55,4840,4844.8,1.6328951803168184,472,472,0,📈 APPROACHING,True,0,🔒 NO OVERTAKE OPPORTUNITY,success
430,815,499,88,55,4840,4795.2,1.6161779575328614,472,472,1,📈 APPROACHING,True,0,🔒 NO OVERTAKE OPPORTUNITY,success
431,812,496,84,52,4368,4698.4,1.5835524098415907,-472,0,0,📉 MOVING AWAY,False,0,🔒 NO OVERTAKE OPPORTUNITY,success
432,812,496,84,52,4368,4651.2,1.567644084934277,-472,0,0,📉 MOVING AWAY,False,0,🔒 NO OVERTAKE OPPORTUNITY,success
433,811,496,84,52,4368,4604.0,1.5517357600269632,-472,0,0,📉 MOVING AWAY,False,0,🔒 NO OVERTAKE OPPORTUNITY,success
434,810,495,84,52,4368,4604.0,1.5517357600269632,-472,0,0,📉 MOVING AWAY,False,0,🔒 NO OVERTAKE OPPORTUNITY,success
435,807,494,88,55,4840,4651.2,1.567644084934277,0,0,0,➡️ STEADY,False,0,🔒 NO OVERTAKE OPPORTUNITY,success
436,806,493,88,55,4840,4651.2,1.567644084934277,472,472,0,📈 APPROACHING,True,0,🔒 NO OVERTAKE OPPORTUNITY,success
437,806,494,88,55,4840,4651.2,1.567644084934277,472,472,1,📈 APPROACHING,True,0,🔒 NO OVERTAKE OPPORTUNITY,success
438,808,495,84,52,4368,4604.0,1.5517357600269632,0,472,1,➡️ STEADY,True,0,🔒 NO OVERTAKE OPPORTUNITY,success
439,808,496,84,52,4368,4556.8,1.5358274351196495,0,472,1,➡️ STEADY,True,0,🔒 NO OVERTAKE OPPORTUNITY,success
440,808,497,84,52,4368,4509.6,1.5199191102123357,-472,0,0,📉 MOVING AWAY,False,0,🔒 NO OVERTAKE OPPORTUNITY,success
441,809,497,84,52,4368,4509.6,1.5199191102123357,-472,0,0,📉 MOVING AWAY,False,0,🔒 NO OVERTAKE OPPORTUNITY,success
442,809,498,84,52,4368,4509.6,1.5199191102123357,-472,0,0,📉 MOVING AWAY,False,0,🔒 NO OVERTAKE OPPORTUNITY,success
443,810,498,84,52,4368,4509.6,1.5199191102123357,0,0,0,➡️ STEADY,False,0,🔒 NO OVERTAKE OPPORTUNITY,success
444,810,498,84,52,4368,4509.6,1.5199191102123357,0,0,0,➡️ STEADY,False,0,🔒 NO OVERTAKE OPPORTUNITY,success
445,810,498,84,52,4368,4462.4,1.5040107853050217,0,0,0,➡️ STEADY,False,0,🔒 NO OVERTAKE OPPORTUNITY,success
446,811,498,84,52,4368,4415.2,1.488102460397708,0,0,0,➡️ STEADY,False,0,🔒 NO OVERTAKE OPPORTUNITY,success
447,811,498,84,52,4368,4368.0,1.4721941354903942,0,0,0,➡️ STEADY,False,0,🔒 NO OVERTAKE OPPORTUNITY,success
448,811,498,84,52,4368,4368.0,1.4721941354903942,0,0,0,➡️ STEADY,False,0,🔒 NO OVERTAKE OPPORTUNITY,success
449,811,498,84,52,4368,4368.0,1.4721941354903942,0,0,0,➡️ STEADY,False,0,🔒 NO OVERTAKE OPPORTUNITY,success
450,814,499,80,50,4000,4331.2,1.4597910347152006,-368,0,0,📉 MOVING AWAY,False,0,🔒 NO OVERTAKE OPPORTUNITY,success
451,817,500,76,47,3572,4251.6,1.4329625884732053,-796,0,0,📉 MOVING AWAY,False,0,🔒 NO OVERTAKE OPPORTUNITY,success
452,818,500,76,47,3572,4172.0,1.40613414223121,-796,0,0,📉 MOVING AWAY,False,0,🔒 NO OVERTAKE OPPORTUNITY,success
453,820,499,76,47,3572,4092.4,1.3793056959892147,-796,0,0,📉 MOVING AWAY,False,0,🔒 NO OVERTAKE OPPORTUNITY,success
454,820,499,76,47,3572,4012.8,1.3524772497472195,-796,0,0,📉 MOVING AWAY,False,0,🔒 NO OVERTAKE OPPORTUNITY,success
455,820,500,76,47,3572,3933.2,1.325648803505224,-428,0,0,📉 MOVING AWAY,False,0,🔒 NO OVERTAKE OPPORTUNITY,success
456,823,501,72,45,3240,3820.4,1.2876306033029996,-332,0,0,📉 MOVING AWAY,False,0,🔒 NO OVERTAKE OPPORTUNITY,success
457,824,501,72,45,3240,3707.6,1.2496124031007751,-332,0,0,📉 MOVING AWAY,False,0,🔒 NO OVERTAKE OPPORTUNITY,success
458,825,499,76,47,3572,3628.0,1.22278395685878,0,0,0,➡️ STEADY,False,0,🔒 NO OVERTAKE OPPORTUNITY,success
459,827,501,72,45,3240,3515.2,1.1847657566565555,-332,0,0,📉 MOVING AWAY,False,0,🔒 NO OVERTAKE OPPORTUNITY,success
460,827,500,72,45,3240,3439.2,1.1591506572295247,-332,0,0,📉 MOVING AWAY,False,0,🔒 NO OVERTAKE OPPORTUNITY,success
461,829,500,72,45,3240,3406.0,1.1479609032692957,0,0,0,➡️ STEADY,False,0,🔒 NO OVERTAKE OPPORTUNITY,success
462,831,500,69,43,2967,3345.5,1.1275699359622515,-273,0,0,📉 MOVING AWAY,False,0,🔒 NO OVERTAKE OPPORTUNITY,success
463,832,500,69,43,2967,3285.0,1.1071789686552074,-605,0,0,📉 MOVING AWAY,False,0,🔒 NO OVERTAKE OPPORTUNITY,success
464,834,500,69,43,2967,3224.5,1.0867880013481632,-273,0,0,📉 MOVING AWAY,False,0,🔒 NO OVERTAKE OPPORTUNITY,success
465,834,500,69,43,2967,3164.0,1.066397034041119,-273,0,0,📉 MOVING AWAY,False,0,🔒 NO OVERTAKE OPPORTUNITY,success
466,837,500,69,43,2967,3136.7,1.057195820694304,-273,0,0,📉 MOVING AWAY,False,0,🔒 NO OVERTAKE OPPORTUNITY,success
467,837,500,69,43,2967,3109.4,1.047994607347489,0,0,0,➡️ STEADY,False,0,🔒 NO OVERTAKE OPPORTUNITY,success
468,840,501,69,43,2967,3048.9,1.027603640040445,0,0,0,➡️ STEADY,False,0,🔒 NO OVERTAKE OPPORTUNITY,success
469,841,501,69,43,2967,3021.6,1.0184024266936298,0,0,0,➡️ STEADY,False,0,🔒 NO OVERTAKE OPPORTUNITY,success
470,842,501,69,43,2967,2994.3,1.0092012133468151,0,0,0,➡️ STEADY,False,0,🔒 NO OVERTAKE OPPORTUNITY,success
471,847,503,66,41,2706,2940.9,0.9912032355915066,-261,0,0,📉 MOVING AWAY,False,0,🔒 NO OVERTAKE OPPORTUNITY,success
472,848,504,66,41,2706,2914.8,0.9824064711830132,-261,0,0,📉 MOVING AWAY,False,0,🔒 NO OVERTAKE OPPORTUNITY,success
473,850,504,69,43,2967,2914.8,0.9824064711830132,0,0,0,➡️ STEADY,False,0,🔒 NO OVERTAKE OPPORTUNITY,success
474,852,505,66,41,2706,2888.7,0.9736097067745196,-261,0,0,📉 MOVING AWAY,False,0,🔒 NO OVERTAKE OPPORTUNITY,success
475,853,505,66,41,2706,2862.6,0.9648129423660262,-261,0,0,📉 MOVING AWAY,False,0,🔒 NO OVERTAKE OPPORTUNITY,success
476,857,506,66,41,2706,2836.5,0.9560161779575329,0,0,0,➡️ STEADY,False,0,🔒 NO OVERTAKE OPPORTUNITY,success
477,856,505,69,43,2967,2836.5,0.9560161779575329,261,261,0,📈 APPROACHING,True,0,🔒 NO OVERTAKE OPPORTUNITY,success
478,859,505,66,41,2706,2810.4,0.9472194135490395,-261,0,0,📉 MOVING AWAY,False,0,🔒 NO OVERTAKE OPPORTUNITY,success
479,862,505,66,41,2706,2784.3,0.9384226491405461,0,0,0,➡️ STEADY,False,0,🔒 NO OVERTAKE OPPORTUNITY,success
480,861,504,69,43,2967,2784.3,0.9384226491405461,261,261,0,📈 APPROACHING,True,0,🔒 NO OVERTAKE OPPORTUNITY,success
481,865,503,69,43,2967,2810.4,0.9472194135490395,261,261,1,📈 APPROACHING,True,0,🔒 NO OVERTAKE OPPORTUNITY,success
482,867,503,69,43,2967,2836.5,0.9560161779575329,0,261,1,➡️ STEADY,True,0,🔒 NO OVERTAKE OPPORTUNITY,success
483,870,501,69,43,2967,2836.5,0.9560161779575329,261,261,3,📈 APPROACHING,True,0,🔒 NO OVERTAKE OPPORTUNITY,success
484,873,502,69,43,2967,2862.6,0.9648129423660262,261,261,4,📈 APPROACHING,True,0,🔒 NO OVERTAKE OPPORTUNITY,success
485,876,502,66,41,2706,2862.6,0.9648129423660262,-261,0,0,📉 MOVING AWAY,False,0,🔒 NO OVERTAKE OPPORTUNITY,success
486,883,501,66,41,2706,2862.6,0.9648129423660262,-261,0,0,📉 MOVING AWAY,False,0,🔒 NO OVERTAKE OPPORTUNITY,success
487,888,501,66,41,2706,2836.5,0.9560161779575329,-261,0,0,📉 MOVING AWAY,False,0,🔒 NO OVERTAKE OPPORTUNITY,success
488,895,501,66,41,2706,2836.5,0.9560161779575329,-261,0,0,📉 MOVING AWAY,False,0,🔒 NO OVERTAKE OPPORTUNITY,success
489,896,501,66,41,2706,2836.5,0.9560161779575329,-261,0,0,📉 MOVING AWAY,False,0,🔒 NO OVERTAKE OPPORTUNITY,success
490,900,501,66,41,2706,2810.4,0.9472194135490395,0,0,0,➡️ STEADY,False,0,🔒 NO OVERTAKE OPPORTUNITY,success
491,908,500,66,41,2706,2784.3,0.9384226491405461,0,0,0,➡️ STEADY,False,0,🔒 NO OVERTAKE OPPORTUNITY,success
492,911,501,66,41,2706,2758.2,0.9296258847320525,0,0,0,➡️ STEADY,False,0,🔒 NO OVERTAKE OPPORTUNITY,success
493,920,500,66,41,2706,2732.1,0.9208291203235591,0,0,0,➡️ STEADY,False,0,🔒 NO OVERTAKE OPPORTUNITY,success
494,923,500,66,41,2706,2706.0,0.9120323559150657,0,0,0,➡️ STEADY,False,0,🔒 NO OVERTAKE OPPORTUNITY,success
495,929,500,66,41,2706,2706.0,0.9120323559150657,0,0,0,➡️ STEADY,False,0,🔒 NO OVERTAKE OPPORTUNITY,success
496,937,500,66,41,2706,2706.0,0.9120323559150657,0,0,0,➡️ STEADY,False,0,🔒 NO OVERTAKE OPPORTUNITY,success
497,943,500,66,41,2706,2706.0,0.9120323559150657,0,0,0,➡️ STEADY,False,0,🔒 NO OVERTAKE OPPORTUNITY,success
498,949,500,66,41,2706,2706.0,0.9120323559150657,0,0,0,➡️ STEADY,False,0,🔒 NO OVERTAKE OPPORTUNITY,success
499,956,500,66,41,2706,2706.0,0.9120323559150657,0,0,0,➡️ STEADY,False,0,🔒 NO OVERTAKE OPPORTUNITY,success
500,958,500,66,41,2706,2706.0,0.9120323559150657,0,0,0,➡️ STEADY,False,0,🔒 NO OVERTAKE OPPORTUNITY,success
501,967,500,66,41,2706,2706.0,0.9120323559150657,0,0,0,➡️ STEADY,False,0,🔒 NO OVERTAKE OPPORTUNITY,success
502,970,499,66,41,2706,2706.0,0.9120323559150657,0,0,0,➡️ STEADY,False,0,🔒 NO OVERTAKE OPPORTUNITY,success
503,979,500,66,41,2706,2706.0,0.9120323559150657,0,0,0,➡️ STEADY,False,0,🔒 NO OVERTAKE OPPORTUNITY,success
504,982,500,66,41,2706,2706.0,0.9120323559150657,0,0,0,➡️ STEADY,False,0,🔒 NO OVERTAKE OPPORTUNITY,success
505,987,501,66,41,2706,2706.0,0.9120323559150657,0,0,0,➡️ STEADY,False,0,🔒 NO OVERTAKE OPPORTUNITY,success
506,994,502,63,39,2457,2681.1,0.9036400404448938,-249,0,0,📉 MOVING AWAY,False,0,🔒 NO OVERTAKE OPPORTUNITY,success
507,995,503,63,39,2457,2656.2,0.8952477249747218,-249,0,0,📉 MOVING AWAY,False,0,🔒 NO OVERTAKE OPPORTUNITY,success
508,999,502,63,39,2457,2631.3,0.8868554095045501,-249,0,0,📉 MOVING AWAY,False,0,🔒 NO OVERTAKE OPPORTUNITY,success
509,1002,502,63,39,2457,2606.4,0.8784630940343782,-249,0,0,📉 MOVING AWAY,False,0,🔒 NO OVERTAKE OPPORTUNITY,success
510,1002,502,63,39,2457,2581.5,0.8700707785642062,-249,0,0,📉 MOVING AWAY,False,0,🔒 NO OVERTAKE OPPORTUNITY,success
511,1003,500,63,39,2457,2556.6,0.8616784630940344,0,0,0,➡️ STEADY,False,0,🔒 NO OVERTAKE OPPORTUNITY,success
512,1003,501,63,39,2457,2531.7,0.8532861476238625,0,0,0,➡️ STEADY,False,0,🔒 NO OVERTAKE OPPORTUNITY,success
513,1004,500,63,39,2457,2506.8,0.8448938321536906,0,0,0,➡️ STEADY,False,0,🔒 NO OVERTAKE OPPORTUNITY,success
514,1004,499,63,39,2457,2481.9,0.8365015166835187,0,0,0,➡️ STEADY,False,0,🔒 NO OVERTAKE OPPORTUNITY,success
515,1003,500,63,39,2457,2457.0,0.8281092012133469,0,0,0,➡️ STEADY,False,0,🔒 NO OVERTAKE OPPORTUNITY,success
516,1003,499,63,39,2457,2457.0,0.8281092012133469,0,0,0,➡️ STEADY,False,0,🔒 NO OVERTAKE OPPORTUNITY,success
517,1002,499,63,39,2457,2457.0,0.8281092012133469,0,0,0,➡️ STEADY,False,0,🔒 NO OVERTAKE OPPORTUNITY,success
518,1001,500,63,39,2457,2457.0,0.8281092012133469,0,0,0,➡️ STEADY,False,0,🔒 NO OVERTAKE OPPORTUNITY,success
519,1001,499,63,39,2457,2457.0,0.8281092012133469,0,0,0,➡️ STEADY,False,0,🔒 NO OVERTAKE OPPORTUNITY,success
520,999,499,66,41,2706,2481.9,0.8365015166835187,249,249,0,📈 APPROACHING,True,0,🔒 NO OVERTAKE OPPORTUNITY,success
521,997,499,66,41,2706,2506.8,0.8448938321536906,249,249,1,📈 APPROACHING,True,0,🔒 NO OVERTAKE OPPORTUNITY,success
522,997,498,66,41,2706,2531.7,0.8532861476238625,249,249,2,📈 APPROACHING,True,0,🔒 NO OVERTAKE OPPORTUNITY,success
523,996,499,66,41,2706,2556.6,0.8616784630940344,249,249,3,📈 APPROACHING,True,0,🔒 NO OVERTAKE OPPORTUNITY,success
524,995,499,66,41,2706,2581.5,0.8700707785642062,249,249,4,📈 APPROACHING,True,0,🔒 NO OVERTAKE OPPORTUNITY,success
525,994,499,66,41,2706,2606.4,0.8784630940343782,0,249,4,➡️ STEADY,True,0,🔒 NO OVERTAKE OPPORTUNITY,success
526,992,499,66,41,2706,2631.3,0.8868554095045501,0,249,4,➡️ STEADY,True,0,🔒 NO OVERTAKE OPPORTUNITY,success
527,992,499,66,41,2706,2656.2,0.8952477249747218,0,249,4,➡️ STEADY,True,0,🔒 NO OVERTAKE OPPORTUNITY,success
528,991,498,66,41,2706,2681.1,0.9036400404448938,0,249,4,➡️ STEADY,True,0,🔒 NO OVERTAKE OPPORTUNITY,success
529,990,499,66,41,2706,2706.0,0.9120323559150657,0,249,4,➡️ STEADY,True,0,🔒 NO OVERTAKE OPPORTUNITY,success
530,989,498,66,41,2706,2706.0,0.9120323559150657,0,249,4,➡️ STEADY,True,0,🔒 NO OVERTAKE OPPORTUNITY,success
531,987,498,66,41,2706,2706.0,0.9120323559150657,0,249,4,➡️ STEADY,True,0,🔒 NO OVERTAKE OPPORTUNITY,success
532,986,499,66,41,2706,2706.0,0.9120323559150657,0,249,4,➡️ STEADY,True,0,🔒 NO OVERTAKE OPPORTUNITY,success
533,984,498,66,41,2706,2706.0,0.9120323559150657,0,249,4,➡️ STEADY,True,0,🔒 NO OVERTAKE OPPORTUNITY,success
534,983,498,66,41,2706,2706.0,0.9120323559150657,0,249,4,➡️ STEADY,True,0,🔒 NO OVERTAKE OPPORTUNITY,success
535,983,498,66,41,2706,2706.0,0.9120323559150657,0,249,4,➡️ STEADY,True,0,🔒 NO OVERTAKE OPPORTUNITY,success
536,980,497,66,41,2706,2706.0,0.9120323559150657,0,249,4,➡️ STEADY,True,0,🔒 NO OVERTAKE OPPORTUNITY,success
537,980,497,66,41,2706,2706.0,0.9120323559150657,0,249,4,➡️ STEADY,True,0,🔒 NO OVERTAKE OPPORTUNITY,success
538,979,497,66,41,2706,2706.0,0.9120323559150657,0,249,4,➡️ STEADY,True,0,🔒 NO OVERTAKE OPPORTUNITY,success
539,978,496,66,41,2706,2706.0,0.9120323559150657,0,249,4,➡️ STEADY,True,0,🔒 NO OVERTAKE OPPORTUNITY,success
540,976,495,69,43,2967,2732.1,0.9208291203235591,261,261,20,📈 APPROACHING,True,0,🔒 NO OVERTAKE OPPORTUNITY,success
541,975,493,66,41,2706,2732.1,0.9208291203235591,0,261,20,➡️ STEADY,True,0,🔒 NO OVERTAKE OPPORTUNITY,success
542,975,493,66,41,2706,2732.1,0.9208291203235591,0,261,20,➡️ STEADY,True,0,🔒 NO OVERTAKE OPPORTUNITY,success
543,973,492,69,43,2967,2758.2,0.9296258847320525,261,261,23,📈 APPROACHING,True,0,🔒 NO OVERTAKE OPPORTUNITY,success
544,972,491,69,43,2967,2784.3,0.9384226491405461,261,261,24,📈 APPROACHING,True,0,🔒 NO OVERTAKE OPPORTUNITY,success
545,973,491,69,43,2967,2810.4,0.9472194135490395,0,261,24,➡️ STEADY,True,0,🔒 NO OVERTAKE OPPORTUNITY,success
546,972,490,69,43,2967,2836.5,0.9560161779575329,261,261,26,📈 APPROACHING,True,0,🔒 NO OVERTAKE OPPORTUNITY,success
547,972,491,66,41,2706,2836.5,0.9560161779575329,0,261,26,➡️ STEADY,True,0,🔒 NO OVERTAKE OPPORTUNITY,success
548,972,491,66,41,2706,2836.5,0.9560161779575329,-261,0,0,📉 MOVING AWAY,False,0,🔒 NO OVERTAKE OPPORTUNITY,success
549,973,491,66,41,2706,2836.5,0.9560161779575329,-261,0,0,📉 MOVING AWAY,False,0,🔒 NO OVERTAKE OPPORTUNITY,success
550,972,491,66,41,2706,2810.4,0.9472194135490395,-261,0,0,📉 MOVING AWAY,False,0,🔒 NO OVERTAKE OPPORTUNITY,success
551,971,492,66,41,2706,2810.4,0.9472194135490395,-261,0,0,📉 MOVING AWAY,False,0,🔒 NO OVERTAKE OPPORTUNITY,success
552,970,492,66,41,2706,2810.4,0.9472194135490395,0,0,0,➡️ STEADY,False,0,🔒 NO OVERTAKE OPPORTUNITY,success
553,970,492,66,41,2706,2784.3,0.9384226491405461,0,0,0,➡️ STEADY,False,0,🔒 NO OVERTAKE OPPORTUNITY,success
554,970,492,66,41,2706,2758.2,0.9296258847320525,0,0,0,➡️ STEADY,False,0,🔒 NO OVERTAKE OPPORTUNITY,success
555,970,492,66,41,2706,2732.1,0.9208291203235591,0,0,0,➡️ STEADY,False,0,🔒 NO OVERTAKE OPPORTUNITY,success
556,970,493,66,41,2706,2706.0,0.9120323559150657,0,0,0,➡️ STEADY,False,0,🔒 NO OVERTAKE OPPORTUNITY,success
557,970,492,66,41,2706,2706.0,0.9120323559150657,0,0,0,➡️ STEADY,False,0,🔒 NO OVERTAKE OPPORTUNITY,success
558,971,492,66,41,2706,2706.0,0.9120323559150657,0,0,0,➡️ STEADY,False,0,🔒 NO OVERTAKE OPPORTUNITY,success
559,970,492,66,41,2706,2706.0,0.9120323559150657,0,0,0,➡️ STEADY,False,0,🔒 NO OVERTAKE OPPORTUNITY,success
560,971,493,66,41,2706,2706.0,0.9120323559150657,0,0,0,➡️ STEADY,False,0,🔒 NO OVERTAKE OPPORTUNITY,success
561,971,493,66,41,2706,2706.0,0.9120323559150657,0,0,0,➡️ STEADY,False,0,🔒 NO OVERTAKE OPPORTUNITY,success
562,971,493,66,41,2706,2706.0,0.9120323559150657,0,0,0,➡️ STEADY,False,0,🔒 NO OVERTAKE OPPORTUNITY,success
563,971,494,66,41,2706,2706.0,0.9120323559150657,0,0,0,➡️ STEADY,False,0,🔒 NO OVERTAKE OPPORTUNITY,success
564,972,494,66,41,2706,2706.0,0.9120323559150657,0,0,0,➡️ STEADY,False,0,🔒 NO OVERTAKE OPPORTUNITY,success
565,973,494,66,41,2706,2706.0,0.9120323559150657,0,0,0,➡️ STEADY,False,0,🔒 NO OVERTAKE OPPORTUNITY,success
566,974,495,66,41,2706,2706.0,0.9120323559150657,0,0,0,➡️ STEADY,False,0,🔒 NO OVERTAKE OPPORTUNITY,success
567,974,494,66,41,2706,2706.0,0.9120323559150657,0,0,0,➡️ STEADY,False,0,🔒 NO OVERTAKE OPPORTUNITY,success
568,975,496,66,41,2706,2706.0,0.9120323559150657,0,0,0,➡️ STEADY,False,0,🔒 NO OVERTAKE OPPORTUNITY,success
569,976,496,66,41,2706,2706.0,0.9120323559150657,0,0,0,➡️ STEADY,False,0,🔒 NO OVERTAKE OPPORTUNITY,success
570,977,496,66,41,2706,2706.0,0.9120323559150657,0,0,0,➡️ STEADY,False,0,🔒 NO OVERTAKE OPPORTUNITY,success
571,978,497,66,41,2706,2706.0,0.9120323559150657,0,0,0,➡️ STEADY,False,0,🔒 NO OVERTAKE OPPORTUNITY,success
572,979,497,66,41,2706,2706.0,0.9120323559150657,0,0,0,➡️ STEADY,False,0,🔒 NO OVERTAKE OPPORTUNITY,success
573,980,498,66,41,2706,2706.0,0.9120323559150657,0,0,0,➡️ STEADY,False,0,🔒 NO OVERTAKE OPPORTUNITY,success
574,981,498,66,41,2706,2706.0,0.9120323559150657,0,0,0,➡️ STEADY,False,0,🔒 NO OVERTAKE OPPORTUNITY,success
575,982,497,66,41,2706,2706.0,0.9120323559150657,0,0,0,➡️ STEADY,False,0,🔒 NO OVERTAKE OPPORTUNITY,success
576,984,498,66,41,2706,2706.0,0.9120323559150657,0,0,0,➡️ STEADY,False,0,🔒 NO OVERTAKE OPPORTUNITY,success
577,984,498,69,43,2967,2732.1,0.9208291203235591,261,261,0,📈 APPROACHING,True,0,🔒 NO OVERTAKE OPPORTUNITY,success
578,984,498,69,43,2967,2758.2,0.9296258847320525,261,261,1,📈 APPROACHING,True,0,🔒 NO OVERTAKE OPPORTUNITY,success
579,986,499,69,43,2967,2784.3,0.9384226491405461,261,261,2,📈 APPROACHING,True,0,🔒 NO OVERTAKE OPPORTUNITY,success
580,986,499,69,43,2967,2810.4,0.9472194135490395,261,261,3,📈 APPROACHING,True,0,🔒 NO OVERTAKE OPPORTUNITY,success
581,987,500,69,43,2967,2836.5,0.9560161779575329,261,261,4,📈 APPROACHING,True,0,🔒 NO OVERTAKE OPPORTUNITY,success
582,988,500,69,43,2967,2862.6,0.9648129423660262,0,261,4,➡️ STEADY,True,0,🔒 NO OVERTAKE OPPORTUNITY,success
583,989,501,69,43,2967,2888.7,0.9736097067745196,0,261,4,➡️ STEADY,True,0,🔒 NO OVERTAKE OPPORTUNITY,success
584,990,501,69,43,2967,2914.8,0.9824064711830132,0,261,4,➡️ STEADY,True,0,🔒 NO OVERTAKE OPPORTUNITY,success
585,990,502,69,43,2967,2940.9,0.9912032355915066,0,261,4,➡️ STEADY,True,0,🔒 NO OVERTAKE OPPORTUNITY,success
586,991,502,69,43,2967,2967.0,1.0,0,261,4,➡️ STEADY,True,0,🔒 NO OVERTAKE OPPORTUNITY,success
587,992,502,69,43,2967,2967.0,1.0,0,261,4,➡️ STEADY,True,0,🔒 NO OVERTAKE OPPORTUNITY,success
588,993,503,66,41,2706,2940.9,0.9912032355915066,-261,0,0,📉 MOVING AWAY,False,0,🔒 NO OVERTAKE OPPORTUNITY,success
589,992,503,69,43,2967,2940.9,0.9912032355915066,0,0,0,➡️ STEADY,False,0,🔒 NO OVERTAKE OPPORTUNITY,success
590,991,504,69,43,2967,2940.9,0.9912032355915066,0,0,0,➡️ STEADY,False,0,🔒 NO OVERTAKE OPPORTUNITY,success
591,991,504,69,43,2967,2940.9,0.9912032355915066,0,0,0,➡️ STEADY,False,0,🔒 NO OVERTAKE OPPORTUNITY,success
592,990,504,69,43,2967,2940.9,0.9912032355915066,0,0,0,➡️ STEADY,False,0,🔒 NO OVERTAKE OPPORTUNITY,success
593,990,504,66,41,2706,2914.8,0.9824064711830132,0,0,0,➡️ STEADY,False,0,🔒 NO OVERTAKE OPPORTUNITY,success
594,989,504,66,41,2706,2888.7,0.9736097067745196,-261,0,0,📉 MOVING AWAY,False,0,🔒 NO OVERTAKE OPPORTUNITY,success
595,987,504,69,43,2967,2888.7,0.9736097067745196,0,0,0,➡️ STEADY,False,0,🔒 NO OVERTAKE OPPORTUNITY,success
596,982,503,69,43,2967,2888.7,0.9736097067745196,0,0,0,➡️ STEADY,False,0,🔒 NO OVERTAKE OPPORTUNITY,success
597,980,503,69,43,2967,2888.7,0.9736097067745196,0,0,0,➡️ STEADY,False,0,🔒 NO OVERTAKE OPPORTUNITY,success
598,976,502,69,43,2967,2914.8,0.9824064711830132,261,261,0,📈 APPROACHING,True,0,🔒 NO OVERTAKE OPPORTUNITY,success
599,974,502,69,43,2967,2914.8,0.9824064711830132,261,261,1,📈 APPROACHING,True,0,🔒 NO OVERTAKE OPPORTUNITY,success
600,972,502,69,43,2967,2914.8,0.9824064711830132,0,261,1,➡️ STEADY,True,0,🔒 NO OVERTAKE OPPORTUNITY,success
601,967,501,69,43,2967,2914.8,0.9824064711830132,0,261,1,➡️ STEADY,True,0,🔒 NO OVERTAKE OPPORTUNITY,success
602,964,501,69,43,2967,2914.8,0.9824064711830132,0,261,1,➡️ STEADY,True,0,🔒 NO OVERTAKE OPPORTUNITY,success
603,960,500,69,43,2967,2940.9,0.9912032355915066,0,261,1,➡️ STEADY,True,0,🔒 NO OVERTAKE OPPORTUNITY,success
604,955,500,69,43,2967,2967.0,1.0,0,261,1,➡️ STEADY,True,0,🔒 NO OVERTAKE OPPORTUNITY,success
605,953,499,69,43,2967,2967.0,1.0,0,261,1,➡️ STEADY,True,0,🔒 NO OVERTAKE OPPORTUNITY,success
606,944,499,69,43,2967,2967.0,1.0,0,261,1,➡️ STEADY,True,0,🔒 NO OVERTAKE OPPORTUNITY,success
607,943,498,69,43,2967,2967.0,1.0,0,261,1,➡️ STEADY,True,0,🔒 NO OVERTAKE OPPORTUNITY,success
608,935,498,69,43,2967,2967.0,1.0,0,261,1,➡️ STEADY,True,0,🔒 NO OVERTAKE OPPORTUNITY,success
609,930,498,69,43,2967,2967.0,1.0,0,261,1,➡️ STEADY,True,0,🔒 NO OVERTAKE OPPORTUNITY,success
610,928,499,69,43,2967,2967.0,1.0,0,261,1,➡️ STEADY,True,0,🔒 NO OVERTAKE OPPORTUNITY,success
611,919,498,69,43,2967,2967.0,1.0,0,261,1,➡️ STEADY,True,0,🔒 NO OVERTAKE OPPORTUNITY,success
612,916,498,69,43,2967,2967.0,1.0,0,261,1,➡️ STEADY,True,0,🔒 NO OVERTAKE OPPORTUNITY,success
613,910,498,69,43,2967,2967.0,1.0,0,261,1,➡️ STEADY,True,0,🔒 NO OVERTAKE OPPORTUNITY,success
614,906,498,69,43,2967,2967.0,1.0,0,261,1,➡️ STEADY,True,0,🔒 NO OVERTAKE OPPORTUNITY,success
615,902,498,69,43,2967,2967.0,1.0,0,261,1,➡️ STEADY,True,0,🔒 NO OVERTAKE OPPORTUNITY,success
616,896,497,69,43,2967,2967.0,1.0,0,261,1,➡️ STEADY,True,0,🔒 NO OVERTAKE OPPORTUNITY,success
617,895,498,69,43,2967,2967.0,1.0,0,261,1,➡️ STEADY,True,0,🔒 NO OVERTAKE OPPORTUNITY,success
618,891,496,69,43,2967,2967.0,1.0,0,261,1,➡️ STEADY,True,0,🔒 NO OVERTAKE OPPORTUNITY,success
619,887,496,69,43,2967,2967.0,1.0,0,261,1,➡️ STEADY,True,0,🔒 NO OVERTAKE OPPORTUNITY,success
620,886,496,69,43,2967,2967.0,1.0,0,261,1,➡️ STEADY,True,0,🔒 NO OVERTAKE OPPORTUNITY,success
621,881,494,69,43,2967,2967.0,1.0,0,261,1,➡️ STEADY,True,0,🔒 NO OVERTAKE OPPORTUNITY,success
622,881,494,69,43,2967,2967.0,1.0,0,261,1,➡️ STEADY,True,0,🔒 NO OVERTAKE OPPORTUNITY,success
623,879,494,69,43,2967,2967.0,1.0,0,261,1,➡️ STEADY,True,0,🔒 NO OVERTAKE OPPORTUNITY,success
624,878,493,69,43,2967,2967.0,1.0,0,261,1,➡️ STEADY,True,0,🔒 NO OVERTAKE OPPORTUNITY,success
625,876,492,69,43,2967,2967.0,1.0,0,261,1,➡️ STEADY,True,0,🔒 NO OVERTAKE OPPORTUNITY,success
626,875,491,69,43,2967,2967.0,1.0,0,261,1,➡️ STEADY,True,0,🔒 NO OVERTAKE OPPORTUNITY,success
627,871,489,69,43,2967,2967.0,1.0,0,261,1,➡️ STEADY,True,0,🔒 NO OVERTAKE OPPORTUNITY,success
628,870,488,69,43,2967,2967.0,1.0,0,261,1,➡️ STEADY,True,0,🔒 NO OVERTAKE OPPORTUNITY,success
629,869,486,69,43,2967,2967.0,1.0,0,261,1,➡️ STEADY,True,0,🔒 NO OVERTAKE OPPORTUNITY,success
630,867,486,69,43,2967,2967.0,1.0,0,261,1,➡️ STEADY,True,0,🔒 NO OVERTAKE OPPORTUNITY,success
631,861,484,72,45,3240,2994.3,1.0092012133468151,273,273,33,📈 APPROACHING,True,0,🔒 NO OVERTAKE OPPORTUNITY,success
632,860,484,72,45,3240,3021.6,1.0184024266936298,273,273,34,📈 APPROACHING,True,0,🔒 NO OVERTAKE OPPORTUNITY,success
633,857,484,69,43,2967,3021.6,1.0184024266936298,0,273,34,➡️ STEADY,True,0,🔒 NO OVERTAKE OPPORTUNITY,success
634,856,484,72,45,3240,3048.9,1.027603640040445,273,273,36,📈 APPROACHING,True,0,🔒 NO OVERTAKE OPPORTUNITY,success
635,855,484,72,45,3240,3076.2,1.0368048533872598,273,273,37,📈 APPROACHING,True,0,🔒 NO OVERTAKE OPPORTUNITY,success
636,852,484,72,45,3240,3103.5,1.046006066734075,0,273,37,➡️ STEADY,True,0,🔒 NO OVERTAKE OPPORTUNITY,success
637,852,484,72,45,3240,3130.8,1.0552072800808898,0,273,37,➡️ STEADY,True,0,🔒 NO OVERTAKE OPPORTUNITY,success
638,849,488,72,45,3240,3158.1,1.0644084934277047,273,273,40,📈 APPROACHING,True,0,🔒 NO OVERTAKE OPPORTUNITY,success
639,849,488,72,45,3240,3185.4,1.0736097067745198,0,273,40,➡️ STEADY,True,0,🔒 NO OVERTAKE OPPORTUNITY,success
640,849,491,72,45,3240,3212.7,1.0828109201213347,0,273,40,➡️ STEADY,True,0,🔒 NO OVERTAKE OPPORTUNITY,success
641,849,493,72,45,3240,3212.7,1.0828109201213347,0,273,40,➡️ STEADY,True,0,🔒 NO OVERTAKE OPPORTUNITY,success
642,848,493,72,45,3240,3212.7,1.0828109201213347,0,273,40,➡️ STEADY,True,0,🔒 NO OVERTAKE OPPORTUNITY,success
643,849,495,72,45,3240,3240.0,1.0920121334681496,0,273,40,➡️ STEADY,True,0,🔒 NO OVERTAKE OPPORTUNITY,success
644,848,495,72,45,3240,3240.0,1.0920121334681496,0,273,40,➡️ STEADY,True,0,🔒 NO OVERTAKE OPPORTUNITY,success
645,848,495,72,45,3240,3240.0,1.0920121334681496,0,273,40,➡️ STEADY,True,0,🔒 NO OVERTAKE OPPORTUNITY,success
646,848,497,72,45,3240,3240.0,1.0920121334681496,0,273,40,➡️ STEADY,True,0,🔒 NO OVERTAKE OPPORTUNITY,success
647,847,498,72,45,3240,3240.0,1.0920121334681496,0,273,40,➡️ STEADY,True,0,🔒 NO OVERTAKE OPPORTUNITY,success
648,849,499,69,43,2967,3212.7,1.0828109201213347,-273,0,0,📉 MOVING AWAY,False,0,🔒 NO OVERTAKE OPPORTUNITY,success
649,847,498,72,45,3240,3212.7,1.0828109201213347,0,0,0,➡️ STEADY,False,0,🔒 NO OVERTAKE OPPORTUNITY,success
650,845,498,76,47,3572,3245.9,1.094000674081564,332,332,0,📈 APPROACHING,True,0,🔒 NO OVERTAKE OPPORTUNITY,success
651,846,500,72,45,3240,3245.9,1.094000674081564,0,332,0,➡️ STEADY,True,0,🔒 NO OVERTAKE OPPORTUNITY,success
652,846,500,72,45,3240,3245.9,1.094000674081564,0,332,0,➡️ STEADY,True,0,🔒 NO OVERTAKE OPPORTUNITY,success
653,847,501,72,45,3240,3245.9,1.094000674081564,273,332,3,📈 APPROACHING,True,0,🔒 NO OVERTAKE OPPORTUNITY,success
654,847,501,72,45,3240,3245.9,1.094000674081564,0,332,3,➡️ STEADY,True,0,🔒 NO OVERTAKE OPPORTUNITY,success
655,848,501,72,45,3240,3245.9,1.094000674081564,-332,0,0,📉 MOVING AWAY,False,0,🔒 NO OVERTAKE OPPORTUNITY,success
656,847,500,72,45,3240,3245.9,1.094000674081564,0,0,0,➡️ STEADY,False,0,🔒 NO OVERTAKE OPPORTUNITY,success
657,846,498,76,47,3572,3279.1,1.105190428041793,332,332,0,📈 APPROACHING,True,0,🔒 NO OVERTAKE OPPORTUNITY,success
658,849,500,72,45,3240,3306.4,1.1143916413886081,0,332,0,➡️ STEADY,True,0,🔒 NO OVERTAKE OPPORTUNITY,success
659,849,499,72,45,3240,3306.4,1.1143916413886081,0,332,0,➡️ STEADY,True,0,🔒 NO OVERTAKE OPPORTUNITY,success
660,850,500,72,45,3240,3273.2,1.1032018874283789,0,332,0,➡️ STEADY,True,0,🔒 NO OVERTAKE OPPORTUNITY,success
661,850,500,72,45,3240,3273.2,1.1032018874283789,0,332,0,➡️ STEADY,True,0,🔒 NO OVERTAKE OPPORTUNITY,success
662,851,501,72,45,3240,3273.2,1.1032018874283789,-332,0,0,📉 MOVING AWAY,False,0,🔒 NO OVERTAKE OPPORTUNITY,success
663,851,502,72,45,3240,3273.2,1.1032018874283789,0,0,0,➡️ STEADY,False,0,🔒 NO OVERTAKE OPPORTUNITY,success
664,850,502,72,45,3240,3273.2,1.1032018874283789,0,0,0,➡️ STEADY,False,0,🔒 NO OVERTAKE OPPORTUNITY,success
665,851,503,69,43,2967,3245.9,1.094000674081564,-273,0,0,📉 MOVING AWAY,False,0,🔒 NO OVERTAKE OPPORTUNITY,success
666,850,502,69,43,2967,3218.6,1.0847994607347489,-273,0,0,📉 MOVING AWAY,False,0,🔒 NO OVERTAKE OPPORTUNITY,success
667,850,501,69,43,2967,3158.1,1.0644084934277047,-273,0,0,📉 MOVING AWAY,False,0,🔒 NO OVERTAKE OPPORTUNITY,success
668,853,501,69,43,2967,3130.8,1.0552072800808898,-273,0,0,📉 MOVING AWAY,False,0,🔒 NO OVERTAKE OPPORTUNITY,success
669,853,500,69,43,2967,3103.5,1.046006066734075,-273,0,0,📉 MOVING AWAY,False,0,🔒 NO OVERTAKE OPPORTUNITY,success
670,856,500,69,43,2967,3076.2,1.0368048533872598,0,0,0,➡️ STEADY,False,0,🔒 NO OVERTAKE OPPORTUNITY,success
671,861,502,69,43,2967,3048.9,1.027603640040445,0,0,0,➡️ STEADY,False,0,🔒 NO OVERTAKE OPPORTUNITY,success
672,864,502,69,43,2967,3021.6,1.0184024266936298,0,0,0,➡️ STEADY,False,0,🔒 NO OVERTAKE OPPORTUNITY,success
673,869,502,69,43,2967,2994.3,1.0092012133468151,0,0,0,➡️ STEADY,False,0,🔒 NO OVERTAKE OPPORTUNITY,success
674,869,502,69,43,2967,2967.0,1.0,0,0,0,➡️ STEADY,False,0,🔒 NO OVERTAKE OPPORTUNITY,success
675,872,502,69,43,2967,2967.0,1.0,0,0,0,➡️ STEADY,False,0,🔒 NO OVERTAKE OPPORTUNITY,success
676,872,502,69,43,2967,2967.0,1.0,0,0,0,➡️ STEADY,False,0,🔒 NO OVERTAKE OPPORTUNITY,success
677,875,504,66,41,2706,2940.9,0.9912032355915066,-261,0,0,📉 MOVING AWAY,False,0,🔒 NO OVERTAKE OPPORTUNITY,success
678,876,504,66,41,2706,2914.8,0.9824064711830132,-261,0,0,📉 MOVING AWAY,False,0,🔒 NO OVERTAKE OPPORTUNITY,success
679,877,505,66,41,2706,2888.7,0.9736097067745196,-261,0,0,📉 MOVING AWAY,False,0,🔒 NO OVERTAKE OPPORTUNITY,success
680,877,504,66,41,2706,2862.6,0.9648129423660262,-261,0,0,📉 MOVING AWAY,False,0,🔒 NO OVERTAKE OPPORTUNITY,success
681,878,505,66,41,2706,2836.5,0.9560161779575329,-261,0,0,📉 MOVING AWAY,False,0,🔒 NO OVERTAKE OPPORTUNITY,success
682,879,505,66,41,2706,2810.4,0.9472194135490395,0,0,0,➡️ STEADY,False,0,🔒 NO OVERTAKE OPPORTUNITY,success
683,880,502,66,41,2706,2784.3,0.9384226491405461,0,0,0,➡️ STEADY,False,0,🔒 NO OVERTAKE OPPORTUNITY,success
684,880,503,66,41,2706,2758.2,0.9296258847320525,0,0,0,➡️ STEADY,False,0,🔒 NO OVERTAKE OPPORTUNITY,success
685,880,502,66,41,2706,2732.1,0.9208291203235591,0,0,0,➡️ STEADY,False,0,🔒 NO OVERTAKE OPPORTUNITY,success
686,881,500,66,41,2706,2706.0,0.9120323559150657,0,0,0,➡️ STEADY,False,0,🔒 NO OVERTAKE OPPORTUNITY,success
687,882,500,66,41,2706,2706.0,0.9120323559150657,0,0,0,➡️ STEADY,False,0,🔒 NO OVERTAKE OPPORTUNITY,success
688,885,496,66,41,2706,2706.0,0.9120323559150657,0,0,0,➡️ STEADY,False,0,🔒 NO OVERTAKE OPPORTUNITY,success
689,886,497,66,41,2706,2706.0,0.9120323559150657,0,0,0,➡️ STEADY,False,0,🔒 NO OVERTAKE OPPORTUNITY,success
690,887,496,66,41,2706,2706.0,0.9120323559150657,0,0,0,➡️ STEADY,False,0,🔒 NO OVERTAKE OPPORTUNITY,success
691,890,495,66,41,2706,2706.0,0.9120323559150657,0,0,0,➡️ STEADY,False,0,🔒 NO OVERTAKE OPPORTUNITY,success
692,891,495,66,41,2706,2706.0,0.9120323559150657,0,0,0,➡️ STEADY,False,0,🔒 NO OVERTAKE OPPORTUNITY,success
693,893,495,66,41,2706,2706.0,0.9120323559150657,0,0,0,➡️ STEADY,False,0,🔒 NO OVERTAKE OPPORTUNITY,success
694,894,494,66,41,2706,2706.0,0.9120323559150657,0,0,0,➡️ STEADY,False,0,🔒 NO OVERTAKE OPPORTUNITY,success
695,894,494,66,41,2706,2706.0,0.9120323559150657,0,0,0,➡️ STEADY,False,0,🔒 NO OVERTAKE OPPORTUNITY,success
696,894,493,66,41,2706,2706.0,0.9120323559150657,0,0,0,➡️ STEADY,False,0,🔒 NO OVERTAKE OPPORTUNITY,success
697,894,492,66,41,2706,2706.0,0.9120323559150657,0,0,0,➡️ STEADY,False,0,🔒 NO OVERTAKE OPPORTUNITY,success
698,890,490,66,41,2706,2706.0,0.9120323559150657,0,0,0,➡️ STEADY,False,0,🔒 NO OVERTAKE OPPORTUNITY,success
699,890,490,66,41,2706,2706.0,0.9120323559150657,0,0,0,➡️ STEADY,False,0,🔒 NO OVERTAKE OPPORTUNITY,success
700,890,490,66,41,2706,2706.0,0.9120323559150657,0,0,0,➡️ STEADY,False,0,🔒 NO OVERTAKE OPPORTUNITY,success
701,886,488,66,41,2706,2706.0,0.9120323559150657,0,0,0,➡️ STEADY,False,0,🔒 NO OVERTAKE OPPORTUNITY,success
702,886,488,66,41,2706,2706.0,0.9120323559150657,0,0,0,➡️ STEADY,False,0,🔒 NO OVERTAKE OPPORTUNITY,success
703,885,488,66,41,2706,2706.0,0.9120323559150657,0,0,0,➡️ STEADY,False,0,🔒 NO OVERTAKE OPPORTUNITY,success
704,884,489,66,41,2706,2706.0,0.9120323559150657,0,0,0,➡️ STEADY,False,0,🔒 NO OVERTAKE OPPORTUNITY,success
705,882,489,66,41,2706,2706.0,0.9120323559150657,0,0,0,➡️ STEADY,False,0,🔒 NO OVERTAKE OPPORTUNITY,success
706,882,490,63,39,2457,2681.1,0.9036400404448938,-249,0,0,📉 MOVING AWAY,False,0,🔒 NO OVERTAKE OPPORTUNITY,success
707,878,491,63,39,2457,2656.2,0.8952477249747218,-249,0,0,📉 MOVING AWAY,False,0,🔒 NO OVERTAKE OPPORTUNITY,success
708,876,492,63,39,2457,2631.3,0.8868554095045501,-249,0,0,📉 MOVING AWAY,False,0,🔒 NO OVERTAKE OPPORTUNITY,success
709,873,492,63,39,2457,2606.4,0.8784630940343782,-249,0,0,📉 MOVING AWAY,False,0,🔒 NO OVERTAKE OPPORTUNITY,success
710,873,493,60,37,2220,2557.8,0.862082912032356,-486,0,0,📉 MOVING AWAY,False,0,🔒 NO OVERTAKE OPPORTUNITY,success
711,866,492,63,39,2457,2532.9,0.853690596562184,0,0,0,➡️ STEADY,False,0,🔒 NO OVERTAKE OPPORTUNITY,success
712,865,492,63,39,2457,2508.0,0.8452982810920121,0,0,0,➡️ STEADY,False,0,🔒 NO OVERTAKE OPPORTUNITY,success
713,860,492,63,39,2457,2483.1,0.8369059656218402,0,0,0,➡️ STEADY,False,0,🔒 NO OVERTAKE OPPORTUNITY,success
714,858,492,63,39,2457,2458.2,0.8285136501516683,0,0,0,➡️ STEADY,False,0,🔒 NO OVERTAKE OPPORTUNITY,success
715,857,492,63,39,2457,2433.3,0.8201213346814965,237,237,0,📈 APPROACHING,True,0,🔒 NO OVERTAKE OPPORTUNITY,success
716,852,492,63,39,2457,2433.3,0.8201213346814965,0,237,0,➡️ STEADY,True,0,🔒 NO OVERTAKE OPPORTUNITY,success
717,851,492,63,39,2457,2433.3,0.8201213346814965,0,237,0,➡️ STEADY,True,0,🔒 NO OVERTAKE OPPORTUNITY,success
718,849,493,60,37,2220,2409.6,0.812133468149646,-237,0,0,📉 MOVING AWAY,False,0,🔒 NO OVERTAKE OPPORTUNITY,success
719,847,493,60,37,2220,2385.9,0.8041456016177958,-237,0,0,📉 MOVING AWAY,False,0,🔒 NO OVERTAKE OPPORTUNITY,success
720,846,493,60,37,2220,2385.9,0.8041456016177958,-237,0,0,📉 MOVING AWAY,False,0,🔒 NO OVERTAKE OPPORTUNITY,success
721,846,493,60,37,2220,2362.2,0.7961577350859453,-237,0,0,📉 MOVING AWAY,False,0,🔒 NO OVERTAKE OPPORTUNITY,success
722,846,493,60,37,2220,2338.5,0.7881698685540951,-237,0,0,📉 MOVING AWAY,False,0,🔒 NO OVERTAKE OPPORTUNITY,success
723,846,493,60,37,2220,2314.8,0.7801820020222447,0,0,0,➡️ STEADY,False,0,🔒 NO OVERTAKE OPPORTUNITY,success
724,846,493,60,37,2220,2291.1,0.7721941354903943,0,0,0,➡️ STEADY,False,0,🔒 NO OVERTAKE OPPORTUNITY,success
725,846,493,60,37,2220,2267.4,0.764206268958544,0,0,0,➡️ STEADY,False,0,🔒 NO OVERTAKE OPPORTUNITY,success
726,846,493,60,37,2220,2243.7,0.7562184024266936,0,0,0,➡️ STEADY,False,0,🔒 NO OVERTAKE OPPORTUNITY,success
727,844,493,60,37,2220,2220.0,0.7482305358948432,0,0,0,➡️ STEADY,False,0,🔒 NO OVERTAKE OPPORTUNITY,success
728,840,494,60,37,2220,2220.0,0.7482305358948432,0,0,0,➡️ STEADY,False,0,🔒 NO OVERTAKE OPPORTUNITY,success
729,839,494,57,35,1995,2197.5,0.7406471183013145,-225,0,0,📉 MOVING AWAY,False,0,🔒 NO OVERTAKE OPPORTUNITY,success
730,838,495,57,35,1995,2175.0,0.7330637007077856,-225,0,0,📉 MOVING AWAY,False,0,🔒 NO OVERTAKE OPPORTUNITY,success
731,835,495,57,35,1995,2152.5,0.7254802831142568,-225,0,0,📉 MOVING AWAY,False,0,🔒 NO OVERTAKE OPPORTUNITY,success
732,832,495,57,35,1995,2130.0,0.717896865520728,-225,0,0,📉 MOVING AWAY,False,0,🔒 NO OVERTAKE OPPORTUNITY,success
733,828,496,57,35,1995,2107.5,0.7103134479271992,-225,0,0,📉 MOVING AWAY,False,0,🔒 NO OVERTAKE OPPORTUNITY,success
734,828,496,57,35,1995,2085.0,0.7027300303336703,0,0,0,➡️ STEADY,False,0,🔒 NO OVERTAKE OPPORTUNITY,success
735,826,496,57,35,1995,2062.5,0.6951466127401416,0,0,0,➡️ STEADY,False,0,🔒 NO OVERTAKE OPPORTUNITY,success
736,822,497,57,35,1995,2040.0,0.6875631951466128,0,0,0,➡️ STEADY,False,0,🔒 NO OVERTAKE OPPORTUNITY,success
737,822,497,57,35,1995,2017.5,0.6799797775530839,0,0,0,➡️ STEADY,False,0,🔒 NO OVERTAKE OPPORTUNITY,success
738,818,497,57,35,1995,1995.0,0.6723963599595552,0,0,0,➡️ STEADY,False,0,🔒 NO OVERTAKE OPPORTUNITY,success
739,816,496,60,37,2220,2017.5,0.6799797775530839,225,225,0,📈 APPROACHING,True,0,🔒 NO OVERTAKE OPPORTUNITY,success
740,815,497,57,35,1995,2017.5,0.6799797775530839,0,225,0,➡️ STEADY,True,0,🔒 NO OVERTAKE OPPORTUNITY,success
741,813,499,57,35,1995,2017.5,0.6799797775530839,0,225,0,➡️ STEADY,True,0,🔒 NO OVERTAKE OPPORTUNITY,success
742,813,499,57,35,1995,2017.5,0.6799797775530839,0,225,0,➡️ STEADY,True,0,🔒 NO OVERTAKE OPPORTUNITY,success
743,812,500,57,35,1995,2017.5,0.6799797775530839,0,225,0,➡️ STEADY,True,0,🔒 NO OVERTAKE OPPORTUNITY,success
744,812,501,57,35,1995,2017.5,0.6799797775530839,-225,0,0,📉 MOVING AWAY,False,0,🔒 NO OVERTAKE OPPORTUNITY,success
745,812,502,57,35,1995,2017.5,0.6799797775530839,0,0,0,➡️ STEADY,False,0,🔒 NO OVERTAKE OPPORTUNITY,success
746,813,502,57,35,1995,2017.5,0.6799797775530839,0,0,0,➡️ STEADY,False,0,🔒 NO OVERTAKE OPPORTUNITY,success
747,814,503,57,35,1995,2017.5,0.6799797775530839,0,0,0,➡️ STEADY,False,0,🔒 NO OVERTAKE OPPORTUNITY,success
748,815,504,57,35,1995,2017.5,0.6799797775530839,0,0,0,➡️ STEADY,False,0,🔒 NO OVERTAKE OPPORTUNITY,success
749,815,504,57,35,1995,1995.0,0.6723963599595552,0,0,0,➡️ STEADY,False,0,🔒 NO OVERTAKE OPPORTUNITY,success
750,815,504,57,35,1995,1995.0,0.6723963599595552,0,0,0,➡️ STEADY,False,0,🔒 NO OVERTAKE OPPORTUNITY,success
751,815,504,57,35,1995,1995.0,0.6723963599595552,0,0,0,➡️ STEADY,False,0,🔒 NO OVERTAKE OPPORTUNITY,success
752,816,504,57,35,1995,1995.0,0.6723963599595552,0,0,0,➡️ STEADY,False,0,🔒 NO OVERTAKE OPPORTUNITY,success
753,817,505,57,35,1995,1995.0,0.6723963599595552,0,0,0,➡️ STEADY,False,0,🔒 NO OVERTAKE OPPORTUNITY,success
754,817,504,57,35,1995,1995.0,0.6723963599595552,0,0,0,➡️ STEADY,False,0,🔒 NO OVERTAKE OPPORTUNITY,success
755,819,505,54,34,1836,1979.1,0.6670374115267947,-159,0,0,📉 MOVING AWAY,False,0,🔒 NO OVERTAKE OPPORTUNITY,success
756,819,505,54,34,1836,1963.2,0.6616784630940344,-159,0,0,📉 MOVING AWAY,False,0,🔒 NO OVERTAKE OPPORTUNITY,success
757,820,506,54,34,1836,1947.3,0.656319514661274,-159,0,0,📉 MOVING AWAY,False,0,🔒 NO OVERTAKE OPPORTUNITY,success
758,823,507,51,32,1632,1911.0,0.6440849342770475,-363,0,0,📉 MOVING AWAY,False,0,🔒 NO OVERTAKE OPPORTUNITY,success
759,825,507,51,32,1632,1874.7,0.6318503538928211,-363,0,0,📉 MOVING AWAY,False,0,🔒 NO OVERTAKE OPPORTUNITY,success
760,826,507,51,32,1632,1838.4,0.6196157735085945,-204,0,0,📉 MOVING AWAY,False,0,🔒 NO OVERTAKE OPPORTUNITY,success
761,829,507,51,32,1632,1802.1,0.607381193124368,-204,0,0,📉 MOVING AWAY,False,0,🔒 NO OVERTAKE OPPORTUNITY,success
762,830,507,51,32,1632,1765.8,0.5951466127401416,-204,0,0,📉 MOVING AWAY,False,0,🔒 NO OVERTAKE OPPORTUNITY,success
763,834,507,51,32,1632,1729.5,0.582912032355915,0,0,0,➡️ STEADY,False,0,🔒 NO OVERTAKE OPPORTUNITY,success
764,835,506,51,32,1632,1693.2,0.5706774519716886,0,0,0,➡️ STEADY,False,0,🔒 NO OVERTAKE OPPORTUNITY,success
765,837,506,51,32,1632,1672.8,0.5638018200202224,0,0,0,➡️ STEADY,False,0,🔒 NO OVERTAKE OPPORTUNITY,success
766,841,506,51,32,1632,1652.4,0.5569261880687564,0,0,0,➡️ STEADY,False,0,🔒 NO OVERTAKE OPPORTUNITY,success
767,842,505,51,32,1632,1632.0,0.5500505561172901,0,0,0,➡️ STEADY,False,0,🔒 NO OVERTAKE OPPORTUNITY,success
768,848,505,49,31,1519,1620.7,0.546241995281429,-113,0,0,📉 MOVING AWAY,False,0,🔒 NO OVERTAKE OPPORTUNITY,success
769,850,505,49,31,1519,1609.4,0.5424334344455679,-113,0,0,📉 MOVING AWAY,False,0,🔒 NO OVERTAKE OPPORTUNITY,success
770,853,505,49,31,1519,1598.1,0.5386248736097068,-113,0,0,📉 MOVING AWAY,False,0,🔒 NO OVERTAKE OPPORTUNITY,success
771,856,505,49,31,1519,1586.8,0.5348163127738457,-113,0,0,📉 MOVING AWAY,False,0,🔒 NO OVERTAKE OPPORTUNITY,success
772,859,506,49,31,1519,1575.5,0.5310077519379846,-113,0,0,📉 MOVING AWAY,False,0,🔒 NO OVERTAKE OPPORTUNITY,success
773,861,506,49,31,1519,1564.2,0.5271991911021233,0,0,0,➡️ STEADY,False,0,🔒 NO OVERTAKE OPPORTUNITY,success
774,864,506,49,31,1519,1552.9,0.5233906302662622,0,0,0,➡️ STEADY,False,0,🔒 NO OVERTAKE OPPORTUNITY,success
775,865,505,49,31,1519,1541.6,0.5195820694304011,0,0,0,➡️ STEADY,False,0,🔒 NO OVERTAKE OPPORTUNITY,success
776,869,506,47,29,1363,1514.7,0.51051567239636,-156,0,0,📉 MOVING AWAY,False,0,🔒 NO OVERTAKE OPPORTUNITY,success
777,871,506,49,31,1519,1503.4,0.5067071115604989,0,0,0,➡️ STEADY,False,0,🔒 NO OVERTAKE OPPORTUNITY,success
778,873,505,49,31,1519,1503.4,0.5067071115604989,0,0,0,➡️ STEADY,False,0,🔒 NO OVERTAKE OPPORTUNITY,success
779,876,505,49,31,1519,1503.4,0.5067071115604989,0,0,0,➡️ STEADY,False,0,🔒 NO OVERTAKE OPPORTUNITY,success
780,878,505,49,31,1519,1503.4,0.5067071115604989,0,0,0,➡️ STEADY,False,0,🔒 NO OVERTAKE OPPORTUNITY,success
781,883,505,47,29,1363,1487.8,0.5014492753623189,0,0,0,➡️ STEADY,False,0,🔒 NO OVERTAKE OPPORTUNITY,success
782,884,505,49,31,1519,1487.8,0.5014492753623189,0,0,0,➡️ STEADY,False,0,🔒 NO OVERTAKE OPPORTUNITY,success
783,887,504,49,31,1519,1487.8,0.5014492753623189,0,0,0,➡️ STEADY,False,0,🔒 NO OVERTAKE OPPORTUNITY,success
784,889,504,49,31,1519,1487.8,0.5014492753623189,0,0,0,➡️ STEADY,False,0,🔒 NO OVERTAKE OPPORTUNITY,success
785,890,504,47,29,1363,1472.2,0.4961914391641389,-156,0,0,📉 MOVING AWAY,False,0,🔒 NO OVERTAKE OPPORTUNITY,success
786,894,505,49,31,1519,1487.8,0.5014492753623189,156,156,0,📈 APPROACHING,True,0,🔒 NO OVERTAKE OPPORTUNITY,success
787,896,505,47,29,1363,1472.2,0.4961914391641389,-156,0,0,📉 MOVING AWAY,False,0,🔒 NO OVERTAKE OPPORTUNITY,success
788,900,505,49,31,1519,1472.2,0.4961914391641389,0,0,0,➡️ STEADY,False,0,🔒 NO OVERTAKE OPPORTUNITY,success
789,902,506,47,29,1363,1456.6,0.49093360296595884,-156,0,0,📉 MOVING AWAY,False,0,🔒 NO OVERTAKE OPPORTUNITY,success
790,904,505,49,31,1519,1456.6,0.49093360296595884,156,156,0,📈 APPROACHING,True,0,🔒 NO OVERTAKE OPPORTUNITY,success
791,905,505,49,31,1519,1472.2,0.4961914391641389,0,156,0,➡️ STEADY,True,0,🔒 NO OVERTAKE OPPORTUNITY,success
792,908,505,49,31,1519,1472.2,0.4961914391641389,156,156,2,📈 APPROACHING,True,0,🔒 NO OVERTAKE OPPORTUNITY,success
793,913,506,47,29,1363,1456.6,0.49093360296595884,-156,0,0,📉 MOVING AWAY,False,0,🔒 NO OVERTAKE OPPORTUNITY,success
794,915,506,47,29,1363,1441.0,0.4856757667677789,0,0,0,➡️ STEADY,False,0,🔒 NO OVERTAKE OPPORTUNITY,success
795,917,505,49,31,1519,1456.6,0.49093360296595884,0,0,0,➡️ STEADY,False,0,🔒 NO OVERTAKE OPPORTUNITY,success
796,921,504,49,31,1519,1456.6,0.49093360296595884,0,0,0,➡️ STEADY,False,0,🔒 NO OVERTAKE OPPORTUNITY,success
797,921,504,49,31,1519,1472.2,0.4961914391641389,0,0,0,➡️ STEADY,False,0,🔒 NO OVERTAKE OPPORTUNITY,success
798,928,504,47,29,1363,1456.6,0.49093360296595884,0,0,0,➡️ STEADY,False,0,🔒 NO OVERTAKE OPPORTUNITY,success
799,930,504,49,31,1519,1472.2,0.4961914391641389,156,156,0,📈 APPROACHING,True,0,🔒 NO OVERTAKE OPPORTUNITY,success
800,932,504,47,29,1363,1456.6,0.49093360296595884,-156,0,0,📉 MOVING AWAY,False,0,🔒 NO OVERTAKE OPPORTUNITY,success
801,937,504,47,29,1363,1441.0,0.4856757667677789,-156,0,0,📉 MOVING AWAY,False,0,🔒 NO OVERTAKE OPPORTUNITY,success
802,938,505,47,29,1363,1425.4,0.48041793056959897,-156,0,0,📉 MOVING AWAY,False,0,🔒 NO OVERTAKE OPPORTUNITY,success
803,944,504,47,29,1363,1425.4,0.48041793056959897,0,0,0,➡️ STEADY,False,0,🔒 NO OVERTAKE OPPORTUNITY,success
804,946,505,47,29,1363,1425.4,0.48041793056959897,-156,0,0,📉 MOVING AWAY,False,0,🔒 NO OVERTAKE OPPORTUNITY,success
805,948,505,47,29,1363,1409.8,0.47516009437141893,0,0,0,➡️ STEADY,False,0,🔒 NO OVERTAKE OPPORTUNITY,success
806,953,505,47,29,1363,1394.2,0.469902258173239,0,0,0,➡️ STEADY,False,0,🔒 NO OVERTAKE OPPORTUNITY,success
807,956,506,47,29,1363,1378.6,0.46464442197505895,0,0,0,➡️ STEADY,False,0,🔒 NO OVERTAKE OPPORTUNITY,success
808,960,506,47,29,1363,1378.6,0.46464442197505895,0,0,0,➡️ STEADY,False,0,🔒 NO OVERTAKE OPPORTUNITY,success
809,961,506,47,29,1363,1363.0,0.459386585776879,0,0,0,➡️ STEADY,False,0,🔒 NO OVERTAKE OPPORTUNITY,success
810,964,506,47,29,1363,1363.0,0.459386585776879,0,0,0,➡️ STEADY,False,0,🔒 NO OVERTAKE OPPORTUNITY,success
811,967,506,47,29,1363,1363.0,0.459386585776879,0,0,0,➡️ STEADY,False,0,🔒 NO OVERTAKE OPPORTUNITY,success
812,967,506,47,29,1363,1363.0,0.459386585776879,0,0,0,➡️ STEADY,False,0,🔒 NO OVERTAKE OPPORTUNITY,success
813,971,506,47,29,1363,1363.0,0.459386585776879,0,0,0,➡️ STEADY,False,0,🔒 NO OVERTAKE OPPORTUNITY,success
814,973,506,44,28,1232,1349.9,0.4549713515335356,-131,0,0,📉 MOVING AWAY,False,0,🔒 NO OVERTAKE OPPORTUNITY,success
815,974,505,44,28,1232,1336.8,0.45055611729019207,-131,0,0,📉 MOVING AWAY,False,0,🔒 NO OVERTAKE OPPORTUNITY,success
816,976,505,44,28,1232,1323.7,0.4461408830468487,-131,0,0,📉 MOVING AWAY,False,0,🔒 NO OVERTAKE OPPORTUNITY,success
817,977,505,42,26,1092,1296.6,0.4370070778564206,-271,0,0,📉 MOVING AWAY,False,0,🔒 NO OVERTAKE OPPORTUNITY,success
818,977,505,44,28,1232,1283.5,0.4325918436130772,-131,0,0,📉 MOVING AWAY,False,0,🔒 NO OVERTAKE OPPORTUNITY,success
819,978,504,42,26,1092,1256.4,0.4234580384226492,-140,0,0,📉 MOVING AWAY,False,0,🔒 NO OVERTAKE OPPORTUNITY,success
820,977,504,44,28,1232,1243.3,0.4190428041793057,0,0,0,➡️ STEADY,False,0,🔒 NO OVERTAKE OPPORTUNITY,success
821,978,505,42,26,1092,1216.2,0.40990899898887767,-140,0,0,📉 MOVING AWAY,False,0,🔒 NO OVERTAKE OPPORTUNITY,success
822,977,505,44,28,1232,1203.1,0.40549376474553417,140,140,0,📈 APPROACHING,True,0,🔒 NO OVERTAKE OPPORTUNITY,success
823,975,505,44,28,1232,1190.0,0.4010785305021908,0,140,0,➡️ STEADY,True,0,🔒 NO OVERTAKE OPPORTUNITY,success
824,975,505,44,28,1232,1190.0,0.4010785305021908,140,140,2,📈 APPROACHING,True,0,🔒 NO OVERTAKE OPPORTUNITY,success
825,974,506,42,26,1092,1176.0,0.39635995955510617,-140,0,0,📉 MOVING AWAY,False,0,🔒 NO OVERTAKE OPPORTUNITY,success
826,972,505,44,28,1232,1176.0,0.39635995955510617,140,140,0,📈 APPROACHING,True,0,🔒 NO OVERTAKE OPPORTUNITY,success
827,972,506,42,26,1092,1176.0,0.39635995955510617,-140,0,0,📉 MOVING AWAY,False,0,🔒 NO OVERTAKE OPPORTUNITY,success
828,971,506,42,26,1092,1162.0,0.39164138860802156,-140,0,0,📉 MOVING AWAY,False,0,🔒 NO OVERTAKE OPPORTUNITY,success
829,971,505,42,26,1092,1162.0,0.39164138860802156,-140,0,0,📉 MOVING AWAY,False,0,🔒 NO OVERTAKE OPPORTUNITY,success
830,969,506,42,26,1092,1148.0,0.38692281766093695,0,0,0,➡️ STEADY,False,0,🔒 NO OVERTAKE OPPORTUNITY,success
831,967,506,42,26,1092,1148.0,0.38692281766093695,-140,0,0,📉 MOVING AWAY,False,0,🔒 NO OVERTAKE OPPORTUNITY,success
832,965,505,44,28,1232,1148.0,0.38692281766093695,140,140,0,📈 APPROACHING,True,0,🔒 NO OVERTAKE OPPORTUNITY,success
833,962,505,44,28,1232,1148.0,0.38692281766093695,140,140,1,📈 APPROACHING,True,0,🔒 NO OVERTAKE OPPORTUNITY,success
834,961,505,42,26,1092,1134.0,0.3822042467138524,0,140,1,➡️ STEADY,True,0,🔒 NO OVERTAKE OPPORTUNITY,success
835,961,505,42,26,1092,1134.0,0.3822042467138524,0,140,1,➡️ STEADY,True,0,🔒 NO OVERTAKE OPPORTUNITY,success
836,957,504,44,28,1232,1134.0,0.3822042467138524,140,140,4,📈 APPROACHING,True,0,🔒 NO OVERTAKE OPPORTUNITY,success
837,956,503,44,28,1232,1148.0,0.38692281766093695,0,140,4,➡️ STEADY,True,0,🔒 NO OVERTAKE OPPORTUNITY,success
838,953,503,44,28,1232,1162.0,0.39164138860802156,0,140,4,➡️ STEADY,True,0,🔒 NO OVERTAKE OPPORTUNITY,success
839,951,503,44,28,1232,1176.0,0.39635995955510617,140,140,7,📈 APPROACHING,True,0,🔒 NO OVERTAKE OPPORTUNITY,success
840,950,503,44,28,1232,1190.0,0.4010785305021908,140,140,8,📈 APPROACHING,True,0,🔒 NO OVERTAKE OPPORTUNITY,success
841,949,504,42,26,1092,1190.0,0.4010785305021908,-140,0,0,📉 MOVING AWAY,False,0,🔒 NO OVERTAKE OPPORTUNITY,success
842,947,503,44,28,1232,1190.0,0.4010785305021908,0,0,0,➡️ STEADY,False,0,🔒 NO OVERTAKE OPPORTUNITY,success
843,946,502,42,26,1092,1176.0,0.39635995955510617,-140,0,0,📉 MOVING AWAY,False,0,🔒 NO OVERTAKE OPPORTUNITY,success
844,946,502,42,26,1092,1176.0,0.39635995955510617,-140,0,0,📉 MOVING AWAY,False,0,🔒 NO OVERTAKE OPPORTUNITY,success
845,945,501,42,26,1092,1176.0,0.39635995955510617,-140,0,0,📉 MOVING AWAY,False,0,🔒 NO OVERTAKE OPPORTUNITY,success
846,944,500,42,26,1092,1162.0,0.39164138860802156,0,0,0,➡️ STEADY,False,0,🔒 NO OVERTAKE OPPORTUNITY,success
847,944,500,42,26,1092,1148.0,0.38692281766093695,-140,0,0,📉 MOVING AWAY,False,0,🔒 NO OVERTAKE OPPORTUNITY,success
848,942,498,44,28,1232,1148.0,0.38692281766093695,140,140,0,📈 APPROACHING,True,0,🔒 NO OVERTAKE OPPORTUNITY,success
849,943,498,42,26,1092,1134.0,0.3822042467138524,0,140,0,➡️ STEADY,True,0,🔒 NO OVERTAKE OPPORTUNITY,success
850,943,498,42,26,1092,1120.0,0.3774856757667678,0,140,0,➡️ STEADY,True,0,🔒 NO OVERTAKE OPPORTUNITY,success
851,942,495,42,26,1092,1120.0,0.3774856757667678,0,140,0,➡️ STEADY,True,0,🔒 NO OVERTAKE OPPORTUNITY,success
852,940,494,42,26,1092,1106.0,0.37276710481968317,0,140,0,➡️ STEADY,True,0,🔒 NO OVERTAKE OPPORTUNITY,success
853,941,493,42,26,1092,1106.0,0.37276710481968317,-140,0,0,📉 MOVING AWAY,False,0,🔒 NO OVERTAKE OPPORTUNITY,success
854,940,491,44,28,1232,1120.0,0.3774856757667678,140,140,0,📈 APPROACHING,True,0,🔒 NO OVERTAKE OPPORTUNITY,success
855,939,490,44,28,1232,1134.0,0.3822042467138524,140,140,1,📈 APPROACHING,True,0,🔒 NO OVERTAKE OPPORTUNITY,success
856,940,488,42,26,1092,1134.0,0.3822042467138524,0,140,1,➡️ STEADY,True,0,🔒 NO OVERTAKE OPPORTUNITY,success
857,940,488,42,26,1092,1134.0,0.3822042467138524,0,140,1,➡️ STEADY,True,0,🔒 NO OVERTAKE OPPORTUNITY,success
858,938,487,44,28,1232,1134.0,0.3822042467138524,140,140,4,📈 APPROACHING,True,0,🔒 NO OVERTAKE OPPORTUNITY,success
859,938,487,42,26,1092,1134.0,0.3822042467138524,-140,0,0,📉 MOVING AWAY,False,0,🔒 NO OVERTAKE OPPORTUNITY,success
860,936,486,44,28,1232,1148.0,0.38692281766093695,0,0,0,➡️ STEADY,False,0,🔒 NO OVERTAKE OPPORTUNITY,success
861,935,486,44,28,1232,1162.0,0.39164138860802156,140,140,0,📈 APPROACHING,True,0,🔒 NO OVERTAKE OPPORTUNITY,success
862,934,486,44,28,1232,1176.0,0.39635995955510617,140,140,1,📈 APPROACHING,True,0,🔒 NO OVERTAKE OPPORTUNITY,success
863,933,486,44,28,1232,1190.0,0.4010785305021908,0,140,1,➡️ STEADY,True,0,🔒 NO OVERTAKE OPPORTUNITY,success
864,933,486,44,28,1232,1190.0,0.4010785305021908,140,140,3,📈 APPROACHING,True,0,🔒 NO OVERTAKE OPPORTUNITY,success
865,932,486,44,28,1232,1190.0,0.4010785305021908,0,140,3,➡️ STEADY,True,0,🔒 NO OVERTAKE OPPORTUNITY,success
866,932,485,44,28,1232,1204.0,0.4057971014492754,0,140,3,➡️ STEADY,True,0,🔒 NO OVERTAKE OPPORTUNITY,success
867,932,483,44,28,1232,1218.0,0.41051567239635994,0,140,3,➡️ STEADY,True,0,🔒 NO OVERTAKE OPPORTUNITY,success
868,933,483,42,26,1092,1204.0,0.4057971014492754,-140,0,0,📉 MOVING AWAY,False,0,🔒 NO OVERTAKE OPPORTUNITY,success
869,933,482,44,28,1232,1218.0,0.41051567239635994,0,0,0,➡️ STEADY,False,0,🔒 NO OVERTAKE OPPORTUNITY,success
870,934,481,44,28,1232,1218.0,0.41051567239635994,0,0,0,➡️ STEADY,False,0,🔒 NO OVERTAKE OPPORTUNITY,success
871,936,480,42,26,1092,1204.0,0.4057971014492754,-140,0,0,📉 MOVING AWAY,False,0,🔒 NO OVERTAKE OPPORTUNITY,success
872,936,478,44,28,1232,1204.0,0.4057971014492754,0,0,0,➡️ STEADY,False,0,🔒 NO OVERTAKE OPPORTUNITY,success
873,937,476,44,28,1232,1204.0,0.4057971014492754,140,140,0,📈 APPROACHING,True,0,🔒 NO OVERTAKE OPPORTUNITY,success
874,937,476,44,28,1232,1204.0,0.4057971014492754,0,140,0,➡️ STEADY,True,0,🔒 NO OVERTAKE OPPORTUNITY,success
875,938,476,42,26,1092,1190.0,0.4010785305021908,-140,0,0,📉 MOVING AWAY,False,0,🔒 NO OVERTAKE OPPORTUNITY,success
876,939,476,42,26,1092,1176.0,0.39635995955510617,0,0,0,➡️ STEADY,False,0,🔒 NO OVERTAKE OPPORTUNITY,success
877,937,476,44,28,1232,1176.0,0.39635995955510617,0,0,0,➡️ STEADY,False,0,🔒 NO OVERTAKE OPPORTUNITY,success
878,936,477,44,28,1232,1190.0,0.4010785305021908,0,0,0,➡️ STEADY,False,0,🔒 NO OVERTAKE OPPORTUNITY,success
879,936,478,44,28,1232,1190.0,0.4010785305021908,0,0,0,➡️ STEADY,False,0,🔒 NO OVERTAKE OPPORTUNITY,success
880,935,479,44,28,1232,1190.0,0.4010785305021908,140,140,0,📈 APPROACHING,True,0,🔒 NO OVERTAKE OPPORTUNITY,success
881,935,481,44,28,1232,1204.0,0.4057971014492754,140,140,1,📈 APPROACHING,True,0,🔒 NO OVERTAKE OPPORTUNITY,success
882,935,481,44,28,1232,1204.0,0.4057971014492754,0,140,1,➡️ STEADY,True,0,🔒 NO OVERTAKE OPPORTUNITY,success
883,935,483,44,28,1232,1204.0,0.4057971014492754,0,140,1,➡️ STEADY,True,0,🔒 NO OVERTAKE OPPORTUNITY,success
884,933,482,47,29,1363,1217.1,0.4102123356926188,131,140,4,📈 APPROACHING,True,0,🔒 NO OVERTAKE OPPORTUNITY,success
885,934,483,47,29,1363,1244.2,0.4193461408830469,131,140,5,📈 APPROACHING,True,0,🔒 NO OVERTAKE OPPORTUNITY,success
886,934,484,47,29,1363,1271.3,0.4284799460734749,131,140,6,📈 APPROACHING,True,0,🔒 NO OVERTAKE OPPORTUNITY,success
887,935,484,47,29,1363,1284.4,0.43289518031681834,131,140,7,📈 APPROACHING,True,0,🔒 NO OVERTAKE OPPORTUNITY,success
888,935,485,47,29,1363,1297.5,0.4373104145601618,131,140,8,📈 APPROACHING,True,0,🔒 NO OVERTAKE OPPORTUNITY,success
889,935,485,49,31,1519,1326.2,0.4469834850016852,156,156,9,📈 APPROACHING,True,0,🔒 NO OVERTAKE OPPORTUNITY,success
890,935,485,49,31,1519,1354.9,0.45665655544320866,156,156,10,📈 APPROACHING,True,0,🔒 NO OVERTAKE OPPORTUNITY,success
891,937,486,47,29,1363,1368.0,0.46107178968655205,0,156,10,➡️ STEADY,True,0,🔒 NO OVERTAKE OPPORTUNITY,success
892,937,486,49,31,1519,1396.7,0.47074486012807554,156,156,12,📈 APPROACHING,True,0,🔒 NO OVERTAKE OPPORTUNITY,success
893,938,487,47,29,1363,1409.8,0.47516009437141893,0,156,12,➡️ STEADY,True,0,🔒 NO OVERTAKE OPPORTUNITY,success
894,939,488,47,29,1363,1409.8,0.47516009437141893,-156,0,0,📉 MOVING AWAY,False,0,🔒 NO OVERTAKE OPPORTUNITY,success
895,940,488,47,29,1363,1409.8,0.47516009437141893,-156,0,0,📉 MOVING AWAY,False,0,🔒 NO OVERTAKE OPPORTUNITY,success
896,940,489,47,29,1363,1409.8,0.47516009437141893,0,0,0,➡️ STEADY,False,0,🔒 NO OVERTAKE OPPORTUNITY,success
897,941,490,47,29,1363,1409.8,0.47516009437141893,-156,0,0,📉 MOVING AWAY,False,0,🔒 NO OVERTAKE OPPORTUNITY,success
898,941,492,47,29,1363,1409.8,0.47516009437141893,0,0,0,➡️ STEADY,False,0,🔒 NO OVERTAKE OPPORTUNITY,success
899,941,491,47,29,1363,1394.2,0.469902258173239,0,0,0,➡️ STEADY,False,0,🔒 NO OVERTAKE OPPORTUNITY,success
900,941,492,47,29,1363,1378.6,0.46464442197505895,0,0,0,➡️ STEADY,False,0,🔒 NO OVERTAKE OPPORTUNITY,success
901,942,495,47,29,1363,1378.6,0.46464442197505895,0,0,0,➡️ STEADY,False,0,🔒 NO OVERTAKE OPPORTUNITY,success
902,941,495,49,31,1519,1378.6,0.46464442197505895,156,156,0,📈 APPROACHING,True,0,🔒 NO OVERTAKE OPPORTUNITY,success
903,942,495,49,31,1519,1394.2,0.469902258173239,156,156,1,📈 APPROACHING,True,0,🔒 NO OVERTAKE OPPORTUNITY,success
904,941,496,49,31,1519,1409.8,0.47516009437141893,156,156,2,📈 APPROACHING,True,0,🔒 NO OVERTAKE OPPORTUNITY,success
905,942,496,49,31,1519,1425.4,0.48041793056959897,156,156,3,📈 APPROACHING,True,0,🔒 NO OVERTAKE OPPORTUNITY,success
906,942,497,49,31,1519,1441.0,0.4856757667677789,156,156,4,📈 APPROACHING,True,0,🔒 NO OVERTAKE OPPORTUNITY,success
907,943,497,49,31,1519,1456.6,0.49093360296595884,0,156,4,➡️ STEADY,True,0,🔒 NO OVERTAKE OPPORTUNITY,success
908,943,498,49,31,1519,1472.2,0.4961914391641389,0,156,4,➡️ STEADY,True,0,🔒 NO OVERTAKE OPPORTUNITY,success
909,943,498,49,31,1519,1487.8,0.5014492753623189,0,156,4,➡️ STEADY,True,0,🔒 NO OVERTAKE OPPORTUNITY,success
910,944,497,49,31,1519,1503.4,0.5067071115604989,0,156,4,➡️ STEADY,True,0,🔒 NO OVERTAKE OPPORTUNITY,success
911,943,497,49,31,1519,1519.0,0.5119649477586788,0,156,4,➡️ STEADY,True,0,🔒 NO OVERTAKE OPPORTUNITY,success
912,943,497,49,31,1519,1519.0,0.5119649477586788,0,156,4,➡️ STEADY,True,0,🔒 NO OVERTAKE OPPORTUNITY,success
913,942,497,49,31,1519,1519.0,0.5119649477586788,0,156,4,➡️ STEADY,True,0,🔒 NO OVERTAKE OPPORTUNITY,success
914,940,497,49,31,1519,1519.0,0.5119649477586788,0,156,4,➡️ STEADY,True,0,🔒 NO OVERTAKE OPPORTUNITY,success
915,939,497,49,31,1519,1519.0,0.5119649477586788,0,156,4,➡️ STEADY,True,0,🔒 NO OVERTAKE OPPORTUNITY,success
916,937,496,49,31,1519,1519.0,0.5119649477586788,0,156,4,➡️ STEADY,True,0,🔒 NO OVERTAKE OPPORTUNITY,success
917,935,496,49,31,1519,1519.0,0.5119649477586788,0,156,4,➡️ STEADY,True,0,🔒 NO OVERTAKE OPPORTUNITY,success
918,932,496,49,31,1519,1519.0,0.5119649477586788,0,156,4,➡️ STEADY,True,0,🔒 NO OVERTAKE OPPORTUNITY,success
919,929,496,49,31,1519,1519.0,0.5119649477586788,0,156,4,➡️ STEADY,True,0,🔒 NO OVERTAKE OPPORTUNITY,success
920,929,496,49,31,1519,1519.0,0.5119649477586788,0,156,4,➡️ STEADY,True,0,🔒 NO OVERTAKE OPPORTUNITY,success
921,924,495,49,31,1519,1519.0,0.5119649477586788,0,156,4,➡️ STEADY,True,0,🔒 NO OVERTAKE OPPORTUNITY,success
922,921,496,49,31,1519,1519.0,0.5119649477586788,0,156,4,➡️ STEADY,True,0,🔒 NO OVERTAKE OPPORTUNITY,success
923,917,496,49,31,1519,1519.0,0.5119649477586788,0,156,4,➡️ STEADY,True,0,🔒 NO OVERTAKE OPPORTUNITY,success
924,913,496,49,31,1519,1519.0,0.5119649477586788,0,156,4,➡️ STEADY,True,0,🔒 NO OVERTAKE OPPORTUNITY,success
925,910,496,49,31,1519,1519.0,0.5119649477586788,0,156,4,➡️ STEADY,True,0,🔒 NO OVERTAKE OPPORTUNITY,success
926,904,496,49,31,1519,1519.0,0.5119649477586788,0,156,4,➡️ STEADY,True,0,🔒 NO OVERTAKE OPPORTUNITY,success
927,900,496,49,31,1519,1519.0,0.5119649477586788,0,156,4,➡️ STEADY,True,0,🔒 NO OVERTAKE OPPORTUNITY,success
928,894,496,49,31,1519,1519.0,0.5119649477586788,0,156,4,➡️ STEADY,True,0,🔒 NO OVERTAKE OPPORTUNITY,success
929,891,496,49,31,1519,1519.0,0.5119649477586788,0,156,4,➡️ STEADY,True,0,🔒 NO OVERTAKE OPPORTUNITY,success
930,889,496,49,31,1519,1519.0,0.5119649477586788,0,156,4,➡️ STEADY,True,0,🔒 NO OVERTAKE OPPORTUNITY,success
931,881,496,49,31,1519,1519.0,0.5119649477586788,0,156,4,➡️ STEADY,True,0,🔒 NO OVERTAKE OPPORTUNITY,success
932,879,496,49,31,1519,1519.0,0.5119649477586788,0,156,4,➡️ STEADY,True,0,🔒 NO OVERTAKE OPPORTUNITY,success
933,873,496,49,31,1519,1519.0,0.5119649477586788,0,156,4,➡️ STEADY,True,0,🔒 NO OVERTAKE OPPORTUNITY,success
934,867,496,49,31,1519,1519.0,0.5119649477586788,0,156,4,➡️ STEADY,True,0,🔒 NO OVERTAKE OPPORTUNITY,success
935,865,497,49,31,1519,1519.0,0.5119649477586788,0,156,4,➡️ STEADY,True,0,🔒 NO OVERTAKE OPPORTUNITY,success
936,858,500,49,31,1519,1519.0,0.5119649477586788,0,156,4,➡️ STEADY,True,0,🔒 NO OVERTAKE OPPORTUNITY,success
937,855,501,49,31,1519,1519.0,0.5119649477586788,0,156,4,➡️ STEADY,True,0,🔒 NO OVERTAKE OPPORTUNITY,success
938,851,503,49,31,1519,1519.0,0.5119649477586788,0,156,4,➡️ STEADY,True,0,🔒 NO OVERTAKE OPPORTUNITY,success
939,847,503,49,31,1519,1519.0,0.5119649477586788,0,156,4,➡️ STEADY,True,0,🔒 NO OVERTAKE OPPORTUNITY,success
940,847,503,49,31,1519,1519.0,0.5119649477586788,0,156,4,➡️ STEADY,True,0,🔒 NO OVERTAKE OPPORTUNITY,success
941,844,503,49,31,1519,1519.0,0.5119649477586788,0,156,4,➡️ STEADY,True,0,🔒 NO OVERTAKE OPPORTUNITY,success
942,842,504,47,29,1363,1503.4,0.5067071115604989,-156,0,0,📉 MOVING AWAY,False,0,🔒 NO OVERTAKE OPPORTUNITY,success
943,841,504,49,31,1519,1503.4,0.5067071115604989,0,0,0,➡️ STEADY,False,0,🔒 NO OVERTAKE OPPORTUNITY,success
944,841,504,49,31,1519,1503.4,0.5067071115604989,0,0,0,➡️ STEADY,False,0,🔒 NO OVERTAKE OPPORTUNITY,success
945,841,504,49,31,1519,1503.4,0.5067071115604989,0,0,0,➡️ STEADY,False,0,🔒 NO OVERTAKE OPPORTUNITY,success
946,840,504,49,31,1519,1503.4,0.5067071115604989,0,0,0,➡️ STEADY,False,0,🔒 NO OVERTAKE OPPORTUNITY,success
947,841,503,49,31,1519,1503.4,0.5067071115604989,156,156,0,📈 APPROACHING,True,0,🔒 NO OVERTAKE OPPORTUNITY,success
948,841,503,49,31,1519,1503.4,0.5067071115604989,0,156,0,➡️ STEADY,True,0,🔒 NO OVERTAKE OPPORTUNITY,success
949,841,503,49,31,1519,1503.4,0.5067071115604989,0,156,0,➡️ STEADY,True,0,🔒 NO OVERTAKE OPPORTUNITY,success
950,842,502,49,31,1519,1503.4,0.5067071115604989,0,156,0,➡️ STEADY,True,0,🔒 NO OVERTAKE OPPORTUNITY,success
951,843,500,49,31,1519,1503.4,0.5067071115604989,0,156,0,➡️ STEADY,True,0,🔒 NO OVERTAKE OPPORTUNITY,success
952,843,500,49,31,1519,1519.0,0.5119649477586788,0,156,0,➡️ STEADY,True,0,🔒 NO OVERTAKE OPPORTUNITY,success
953,846,499,49,31,1519,1519.0,0.5119649477586788,0,156,0,➡️ STEADY,True,0,🔒 NO OVERTAKE OPPORTUNITY,success
954,846,498,49,31,1519,1519.0,0.5119649477586788,0,156,0,➡️ STEADY,True,0,🔒 NO OVERTAKE OPPORTUNITY,success
955,847,498,49,31,1519,1519.0,0.5119649477586788,0,156,0,➡️ STEADY,True,0,🔒 NO OVERTAKE OPPORTUNITY,success
956,850,498,49,31,1519,1519.0,0.5119649477586788,0,156,0,➡️ STEADY,True,0,🔒 NO OVERTAKE OPPORTUNITY,success
957,852,497,49,31,1519,1519.0,0.5119649477586788,0,156,0,➡️ STEADY,True,0,🔒 NO OVERTAKE OPPORTUNITY,success
958,856,496,49,31,1519,1519.0,0.5119649477586788,0,156,0,➡️ STEADY,True,0,🔒 NO OVERTAKE OPPORTUNITY,success
959,856,496,49,31,1519,1519.0,0.5119649477586788,0,156,0,➡️ STEADY,True,0,🔒 NO OVERTAKE OPPORTUNITY,success
960,858,496,49,31,1519,1519.0,0.5119649477586788,0,156,0,➡️ STEADY,True,0,🔒 NO OVERTAKE OPPORTUNITY,success
961,862,496,49,31,1519,1519.0,0.5119649477586788,0,156,0,➡️ STEADY,True,0,🔒 NO OVERTAKE OPPORTUNITY,success
962,864,495,49,31,1519,1519.0,0.5119649477586788,0,156,0,➡️ STEADY,True,0,🔒 NO OVERTAKE OPPORTUNITY,success
963,867,496,49,31,1519,1519.0,0.5119649477586788,0,156,0,➡️ STEADY,True,0,🔒 NO OVERTAKE OPPORTUNITY,success
964,870,496,49,31,1519,1519.0,0.5119649477586788,0,156,0,➡️ STEADY,True,0,🔒 NO OVERTAKE OPPORTUNITY,success
965,874,497,49,31,1519,1519.0,0.5119649477586788,0,156,0,➡️ STEADY,True,0,🔒 NO OVERTAKE OPPORTUNITY,success
966,879,498,49,31,1519,1519.0,0.5119649477586788,0,156,0,➡️ STEADY,True,0,🔒 NO OVERTAKE OPPORTUNITY,success
967,881,499,49,31,1519,1519.0,0.5119649477586788,0,156,0,➡️ STEADY,True,0,🔒 NO OVERTAKE OPPORTUNITY,success
968,885,500,49,31,1519,1519.0,0.5119649477586788,0,156,0,➡️ STEADY,True,0,🔒 NO OVERTAKE OPPORTUNITY,success
969,887,501,49,31,1519,1519.0,0.5119649477586788,0,156,0,➡️ STEADY,True,0,🔒 NO OVERTAKE OPPORTUNITY,success
970,887,501,49,31,1519,1519.0,0.5119649477586788,0,156,0,➡️ STEADY,True,0,🔒 NO OVERTAKE OPPORTUNITY,success
971,893,501,49,31,1519,1519.0,0.5119649477586788,0,156,0,➡️ STEADY,True,0,🔒 NO OVERTAKE OPPORTUNITY,success
972,895,501,49,31,1519,1519.0,0.5119649477586788,0,156,0,➡️ STEADY,True,0,🔒 NO OVERTAKE OPPORTUNITY,success
973,898,501,49,31,1519,1519.0,0.5119649477586788,0,156,0,➡️ STEADY,True,0,🔒 NO OVERTAKE OPPORTUNITY,success
974,900,501,49,31,1519,1519.0,0.5119649477586788,0,156,0,➡️ STEADY,True,0,🔒 NO OVERTAKE OPPORTUNITY,success
975,901,501,49,31,1519,1519.0,0.5119649477586788,0,156,0,➡️ STEADY,True,0,🔒 NO OVERTAKE OPPORTUNITY,success
976,904,501,49,31,1519,1519.0,0.5119649477586788,0,156,0,➡️ STEADY,True,0,🔒 NO OVERTAKE OPPORTUNITY,success
977,905,501,49,31,1519,1519.0,0.5119649477586788,0,156,0,➡️ STEADY,True,0,🔒 NO OVERTAKE OPPORTUNITY,success
978,909,500,49,31,1519,1519.0,0.5119649477586788,0,156,0,➡️ STEADY,True,0,🔒 NO OVERTAKE OPPORTUNITY,success
979,909,500,49,31,1519,1519.0,0.5119649477586788,0,156,0,➡️ STEADY,True,0,🔒 NO OVERTAKE OPPORTUNITY,success
980,910,499,51,32,1632,1530.3,0.51577350859454,113,156,33,📈 APPROACHING,True,0,🔒 NO OVERTAKE OPPORTUNITY,success
981,914,498,49,31,1519,1530.3,0.51577350859454,0,156,33,➡️ STEADY,True,0,🔒 NO OVERTAKE OPPORTUNITY,success
982,917,498,49,31,1519,1530.3,0.51577350859454,0,156,33,➡️ STEADY,True,0,🔒 NO OVERTAKE OPPORTUNITY,success
983,922,498,49,31,1519,1530.3,0.51577350859454,0,156,33,➡️ STEADY,True,0,🔒 NO OVERTAKE OPPORTUNITY,success
984,924,498,49,31,1519,1530.3,0.51577350859454,0,156,33,➡️ STEADY,True,0,🔒 NO OVERTAKE OPPORTUNITY,success
985,926,498,49,31,1519,1530.3,0.51577350859454,-113,0,0,📉 MOVING AWAY,False,0,🔒 NO OVERTAKE OPPORTUNITY,success
986,932,499,49,31,1519,1530.3,0.51577350859454,0,0,0,➡️ STEADY,False,0,🔒 NO OVERTAKE OPPORTUNITY,success
987,935,500,49,31,1519,1530.3,0.51577350859454,0,0,0,➡️ STEADY,False,0,🔒 NO OVERTAKE OPPORTUNITY,success
988,939,501,49,31,1519,1530.3,0.51577350859454,0,0,0,➡️ STEADY,False,0,🔒 NO OVERTAKE OPPORTUNITY,success
989,943,502,49,31,1519,1530.3,0.51577350859454,0,0,0,➡️ STEADY,False,0,🔒 NO OVERTAKE OPPORTUNITY,success
990,944,501,49,31,1519,1519.0,0.5119649477586788,0,0,0,➡️ STEADY,False,0,🔒 NO OVERTAKE OPPORTUNITY,success
991,949,503,49,31,1519,1519.0,0.5119649477586788,0,0,0,➡️ STEADY,False,0,🔒 NO OVERTAKE OPPORTUNITY,success
992,949,502,51,32,1632,1530.3,0.51577350859454,113,113,0,📈 APPROACHING,True,0,🔒 NO OVERTAKE OPPORTUNITY,success
993,952,502,49,31,1519,1530.3,0.51577350859454,0,113,0,➡️ STEADY,True,0,🔒 NO OVERTAKE OPPORTUNITY,success
994,952,502,49,31,1519,1530.3,0.51577350859454,0,113,0,➡️ STEADY,True,0,🔒 NO OVERTAKE OPPORTUNITY,success
995,951,500,51,32,1632,1541.6,0.5195820694304011,113,113,3,📈 APPROACHING,True,0,🔒 NO OVERTAKE OPPORTUNITY,success
996,951,497,51,32,1632,1552.9,0.5233906302662622,113,113,4,📈 APPROACHING,True,0,🔒 NO OVERTAKE OPPORTUNITY,success
997,952,495,49,31,1519,1552.9,0.5233906302662622,-113,0,0,📉 MOVING AWAY,False,0,🔒 NO OVERTAKE OPPORTUNITY,success
998,950,493,49,31,1519,1552.9,0.5233906302662622,0,0,0,➡️ STEADY,False,0,🔒 NO OVERTAKE OPPORTUNITY,success
999,950,491,49,31,1519,1552.9,0.5233906302662622,0,0,0,➡️ STEADY,False,0,🔒 NO OVERTAKE OPPORTUNITY,success
1000,949,490,51,32,1632,1564.2,0.5271991911021233,0,0,0,➡️ STEADY,False,0,🔒 NO OVERTAKE OPPORTUNITY,success
1001,948,486,51,32,1632,1575.5,0.5310077519379846,0,0,0,➡️ STEADY,False,0,🔒 NO OVERTAKE OPPORTUNITY,success
1002,947,486,51,32,1632,1575.5,0.5310077519379846,113,113,0,📈 APPROACHING,True,0,🔒 NO OVERTAKE OPPORTUNITY,success
1003,946,484,51,32,1632,1586.8,0.5348163127738457,113,113,1,📈 APPROACHING,True,0,🔒 NO OVERTAKE OPPORTUNITY,success
1004,948,484,49,31,1519,1586.8,0.5348163127738457,0,113,1,➡️ STEADY,True,0,🔒 NO OVERTAKE OPPORTUNITY,success
1005,946,482,51,32,1632,1586.8,0.5348163127738457,0,113,1,➡️ STEADY,True,0,🔒 NO OVERTAKE OPPORTUNITY,success
1006,947,481,49,31,1519,1575.5,0.5310077519379846,-113,0,0,📉 MOVING AWAY,False,0,🔒 NO OVERTAKE OPPORTUNITY,success
1007,947,482,49,31,1519,1575.5,0.5310077519379846,-113,0,0,📉 MOVING AWAY,False,0,🔒 NO OVERTAKE OPPORTUNITY,success
1008,947,482,49,31,1519,1575.5,0.5310077519379846,-113,0,0,📉 MOVING AWAY,False,0,🔒 NO OVERTAKE OPPORTUNITY,success
1009,947,483,49,31,1519,1575.5,0.5310077519379846,0,0,0,➡️ STEADY,False,0,🔒 NO OVERTAKE OPPORTUNITY,success
1010,947,484,49,31,1519,1564.2,0.5271991911021233,-113,0,0,📉 MOVING AWAY,False,0,🔒 NO OVERTAKE OPPORTUNITY,success
1011,948,487,49,31,1519,1552.9,0.5233906302662622,0,0,0,➡️ STEADY,False,0,🔒 NO OVERTAKE OPPORTUNITY,success
1012,949,487,49,31,1519,1541.6,0.5195820694304011,0,0,0,➡️ STEADY,False,0,🔒 NO OVERTAKE OPPORTUNITY,success
1013,952,494,49,31,1519,1530.3,0.51577350859454,0,0,0,➡️ STEADY,False,0,🔒 NO OVERTAKE OPPORTUNITY,success
1014,953,495,49,31,1519,1530.3,0.51577350859454,0,0,0,➡️ STEADY,False,0,🔒 NO OVERTAKE OPPORTUNITY,success
1015,953,498,49,31,1519,1519.0,0.5119649477586788,0,0,0,➡️ STEADY,False,0,🔒 NO OVERTAKE OPPORTUNITY,success
1016,954,500,49,31,1519,1519.0,0.5119649477586788,0,0,0,➡️ STEADY,False,0,🔒 NO OVERTAKE OPPORTUNITY,success
1017,953,501,49,31,1519,1519.0,0.5119649477586788,0,0,0,➡️ STEADY,False,0,🔒 NO OVERTAKE OPPORTUNITY,success
1018,953,502,49,31,1519,1519.0,0.5119649477586788,0,0,0,➡️ STEADY,False,0,🔒 NO OVERTAKE OPPORTUNITY,success
1019,952,503,49,31,1519,1519.0,0.5119649477586788,0,0,0,➡️ STEADY,False,0,🔒 NO OVERTAKE OPPORTUNITY,success
1020,952,502,49,31,1519,1519.0,0.5119649477586788,0,0,0,➡️ STEADY,False,0,🔒 NO OVERTAKE OPPORTUNITY,success
1021,949,503,49,31,1519,1519.0,0.5119649477586788,0,0,0,➡️ STEADY,False,0,🔒 NO OVERTAKE OPPORTUNITY,success
1022,947,502,49,31,1519,1519.0,0.5119649477586788,0,0,0,➡️ STEADY,False,0,🔒 NO OVERTAKE OPPORTUNITY,success
1023,944,502,49,31,1519,1519.0,0.5119649477586788,0,0,0,➡️ STEADY,False,0,🔒 NO OVERTAKE OPPORTUNITY,success
1024,941,501,49,31,1519,1519.0,0.5119649477586788,0,0,0,➡️ STEADY,False,0,🔒 NO OVERTAKE OPPORTUNITY,success
1025,940,501,49,31,1519,1519.0,0.5119649477586788,0,0,0,➡️ STEADY,False,0,🔒 NO OVERTAKE OPPORTUNITY,success
1026,936,500,49,31,1519,1519.0,0.5119649477586788,0,0,0,➡️ STEADY,False,0,🔒 NO OVERTAKE OPPORTUNITY,success
1027,934,499,49,31,1519,1519.0,0.5119649477586788,0,0,0,➡️ STEADY,False,0,🔒 NO OVERTAKE OPPORTUNITY,success
1028,931,498,49,31,1519,1519.0,0.5119649477586788,0,0,0,➡️ STEADY,False,0,🔒 NO OVERTAKE OPPORTUNITY,success
1029,927,498,49,31,1519,1519.0,0.5119649477586788,0,0,0,➡️ STEADY,False,0,🔒 NO OVERTAKE OPPORTUNITY,success
1030,927,498,49,31,1519,1519.0,0.5119649477586788,0,0,0,➡️ STEADY,False,0,🔒 NO OVERTAKE OPPORTUNITY,success
1031,924,498,49,31,1519,1519.0,0.5119649477586788,0,0,0,➡️ STEADY,False,0,🔒 NO OVERTAKE OPPORTUNITY,success
1032,923,499,49,31,1519,1519.0,0.5119649477586788,0,0,0,➡️ STEADY,False,0,🔒 NO OVERTAKE OPPORTUNITY,success
1033,921,500,49,31,1519,1519.0,0.5119649477586788,0,0,0,➡️ STEADY,False,0,🔒 NO OVERTAKE OPPORTUNITY,success
1034,920,500,49,31,1519,1519.0,0.5119649477586788,0,0,0,➡️ STEADY,False,0,🔒 NO OVERTAKE OPPORTUNITY,success
1035,920,500,49,31,1519,1519.0,0.5119649477586788,0,0,0,➡️ STEADY,False,0,🔒 NO OVERTAKE OPPORTUNITY,success
1036,918,500,49,31,1519,1519.0,0.5119649477586788,0,0,0,➡️ STEADY,False,0,🔒 NO OVERTAKE OPPORTUNITY,success
1037,917,501,49,31,1519,1519.0,0.5119649477586788,0,0,0,➡️ STEADY,False,0,🔒 NO OVERTAKE OPPORTUNITY,success
1038,914,501,49,31,1519,1519.0,0.5119649477586788,0,0,0,➡️ STEADY,False,0,🔒 NO OVERTAKE OPPORTUNITY,success
1039,913,501,49,31,1519,1519.0,0.5119649477586788,0,0,0,➡️ STEADY,False,0,🔒 NO OVERTAKE OPPORTUNITY,success
1040,911,501,49,31,1519,1519.0,0.5119649477586788,0,0,0,➡️ STEADY,False,0,🔒 NO OVERTAKE OPPORTUNITY,success
1041,906,500,51,32,1632,1530.3,0.51577350859454,113,113,0,📈 APPROACHING,True,0,🔒 NO OVERTAKE OPPORTUNITY,success
1042,904,500,51,32,1632,1541.6,0.5195820694304011,113,113,1,📈 APPROACHING,True,0,🔒 NO OVERTAKE OPPORTUNITY,success
1043,900,499,51,32,1632,1552.9,0.5233906302662622,113,113,2,📈 APPROACHING,True,0,🔒 NO OVERTAKE OPPORTUNITY,success
1044,899,499,51,32,1632,1564.2,0.5271991911021233,113,113,3,📈 APPROACHING,True,0,🔒 NO OVERTAKE OPPORTUNITY,success
1045,895,499,51,32,1632,1575.5,0.5310077519379846,113,113,4,📈 APPROACHING,True,0,🔒 NO OVERTAKE OPPORTUNITY,success
1046,891,499,51,32,1632,1586.8,0.5348163127738457,0,113,4,➡️ STEADY,True,0,🔒 NO OVERTAKE OPPORTUNITY,success
1047,889,499,51,32,1632,1598.1,0.5386248736097068,0,113,4,➡️ STEADY,True,0,🔒 NO OVERTAKE OPPORTUNITY,success
1048,885,499,51,32,1632,1609.4,0.5424334344455679,0,113,4,➡️ STEADY,True,0,🔒 NO OVERTAKE OPPORTUNITY,success
1049,879,499,51,32,1632,1620.7,0.546241995281429,0,113,4,➡️ STEADY,True,0,🔒 NO OVERTAKE OPPORTUNITY,success
1050,873,498,54,34,1836,1652.4,0.5569261880687564,204,204,9,📈 APPROACHING,True,0,🔒 NO OVERTAKE OPPORTUNITY,success
1051,869,498,54,34,1836,1672.8,0.5638018200202224,204,204,10,📈 APPROACHING,True,0,🔒 NO OVERTAKE OPPORTUNITY,success
1052,864,498,57,35,1995,1709.1,0.5760364004044489,363,363,11,📈 APPROACHING,True,0,🔒 NO OVERTAKE OPPORTUNITY,success
1053,859,498,57,35,1995,1745.4,0.5882709807886755,363,363,12,📈 APPROACHING,True,0,🔒 NO OVERTAKE OPPORTUNITY,success
1054,856,498,57,35,1995,1781.7,0.600505561172902,363,363,13,📈 APPROACHING,True,0,🔒 NO OVERTAKE OPPORTUNITY,success
1055,853,498,57,35,1995,1818.0,0.6127401415571284,159,363,14,📈 APPROACHING,True,0,🔒 NO OVERTAKE OPPORTUNITY,success
1056,851,498,57,35,1995,1854.3,0.6249747219413548,159,363,15,📈 APPROACHING,True,0,🔒 NO OVERTAKE OPPORTUNITY,success
1057,847,498,57,35,1995,1890.6,0.6372093023255814,0,363,15,➡️ STEADY,True,0,🔒 NO OVERTAKE OPPORTUNITY,success
1058,844,498,57,35,1995,1926.9,0.6494438827098079,0,363,15,➡️ STEADY,True,0,🔒 NO OVERTAKE OPPORTUNITY,success
1059,843,498,57,35,1995,1963.2,0.6616784630940344,0,363,15,➡️ STEADY,True,0,🔒 NO OVERTAKE OPPORTUNITY,success
1060,839,498,60,37,2220,2001.6,0.6746208291203235,225,363,19,📈 APPROACHING,True,0,🔒 NO OVERTAKE OPPORTUNITY,success
1061,835,497,60,37,2220,2040.0,0.6875631951466128,225,363,20,📈 APPROACHING,True,0,🔒 NO OVERTAKE OPPORTUNITY,success
1062,833,497,60,37,2220,2062.5,0.6951466127401416,225,363,21,📈 APPROACHING,True,0,🔒 NO OVERTAKE OPPORTUNITY,success
1063,833,498,57,35,1995,2062.5,0.6951466127401416,0,363,21,➡️ STEADY,True,0,🔒 NO OVERTAKE OPPORTUNITY,success
1064,831,498,57,35,1995,2062.5,0.6951466127401416,0,363,21,➡️ STEADY,True,0,🔒 NO OVERTAKE OPPORTUNITY,success
1065,831,498,57,35,1995,2062.5,0.6951466127401416,-225,0,0,📉 MOVING AWAY,False,0,🔒 NO OVERTAKE OPPORTUNITY,success
1066,828,498,57,35,1995,2062.5,0.6951466127401416,-225,0,0,📉 MOVING AWAY,False,0,🔒 NO OVERTAKE OPPORTUNITY,success
1067,826,498,60,37,2220,2085.0,0.7027300303336703,0,0,0,➡️ STEADY,False,0,🔒 NO OVERTAKE OPPORTUNITY,success
1068,823,497,60,37,2220,2107.5,0.7103134479271992,225,225,0,📈 APPROACHING,True,0,🔒 NO OVERTAKE OPPORTUNITY,success
1069,823,498,60,37,2220,2130.0,0.717896865520728,225,225,1,📈 APPROACHING,True,0,🔒 NO OVERTAKE OPPORTUNITY,success
1070,823,497,60,37,2220,2130.0,0.717896865520728,225,225,2,📈 APPROACHING,True,0,🔒 NO OVERTAKE OPPORTUNITY,success
1071,820,498,60,37,2220,2130.0,0.717896865520728,225,225,3,📈 APPROACHING,True,0,🔒 NO OVERTAKE OPPORTUNITY,success
1072,819,498,60,37,2220,2130.0,0.717896865520728,0,225,3,➡️ STEADY,True,0,🔒 NO OVERTAKE OPPORTUNITY,success
1073,818,499,60,37,2220,2152.5,0.7254802831142568,0,225,3,➡️ STEADY,True,0,🔒 NO OVERTAKE OPPORTUNITY,success
1074,819,500,57,35,1995,2152.5,0.7254802831142568,-225,0,0,📉 MOVING AWAY,False,0,🔒 NO OVERTAKE OPPORTUNITY,success
1075,817,501,57,35,1995,2152.5,0.7254802831142568,-225,0,0,📉 MOVING AWAY,False,0,🔒 NO OVERTAKE OPPORTUNITY,success
1076,814,503,60,37,2220,2175.0,0.7330637007077856,0,0,0,➡️ STEADY,False,0,🔒 NO OVERTAKE OPPORTUNITY,success
1077,814,503,60,37,2220,2175.0,0.7330637007077856,0,0,0,➡️ STEADY,False,0,🔒 NO OVERTAKE OPPORTUNITY,success
1078,811,503,60,37,2220,2175.0,0.7330637007077856,0,0,0,➡️ STEADY,False,0,🔒 NO OVERTAKE OPPORTUNITY,success
1079,811,504,60,37,2220,2175.0,0.7330637007077856,225,225,0,📈 APPROACHING,True,0,🔒 NO OVERTAKE OPPORTUNITY,success
1080,809,504,60,37,2220,2175.0,0.7330637007077856,225,225,1,📈 APPROACHING,True,0,🔒 NO OVERTAKE OPPORTUNITY,success
1081,806,505,60,37,2220,2175.0,0.7330637007077856,0,225,1,➡️ STEADY,True,0,🔒 NO OVERTAKE OPPORTUNITY,success
1082,806,506,60,37,2220,2175.0,0.7330637007077856,0,225,1,➡️ STEADY,True,0,🔒 NO OVERTAKE OPPORTUNITY,success
1083,803,507,60,37,2220,2175.0,0.7330637007077856,0,225,1,➡️ STEADY,True,0,🔒 NO OVERTAKE OPPORTUNITY,success
1084,803,507,60,37,2220,2197.5,0.7406471183013145,0,225,1,➡️ STEADY,True,0,🔒 NO OVERTAKE OPPORTUNITY,success
1085,802,506,60,37,2220,2220.0,0.7482305358948432,0,225,1,➡️ STEADY,True,0,🔒 NO OVERTAKE OPPORTUNITY,success
1086,801,506,60,37,2220,2220.0,0.7482305358948432,0,225,1,➡️ STEADY,True,0,🔒 NO OVERTAKE OPPORTUNITY,success
1087,800,506,60,37,2220,2220.0,0.7482305358948432,0,225,1,➡️ STEADY,True,0,🔒 NO OVERTAKE OPPORTUNITY,success
1088,797,506,60,37,2220,2220.0,0.7482305358948432,0,225,1,➡️ STEADY,True,0,🔒 NO OVERTAKE OPPORTUNITY,success
1089,796,505,60,37,2220,2220.0,0.7482305358948432,0,225,1,➡️ STEADY,True,0,🔒 NO OVERTAKE OPPORTUNITY,success
1090,796,505,60,37,2220,2220.0,0.7482305358948432,0,225,1,➡️ STEADY,True,0,🔒 NO OVERTAKE OPPORTUNITY,success
1091,793,504,60,37,2220,2220.0,0.7482305358948432,0,225,1,➡️ STEADY,True,0,🔒 NO OVERTAKE OPPORTUNITY,success
1092,793,504,60,37,2220,2220.0,0.7482305358948432,0,225,1,➡️ STEADY,True,0,🔒 NO OVERTAKE OPPORTUNITY,success
1093,792,503,60,37,2220,2220.0,0.7482305358948432,0,225,1,➡️ STEADY,True,0,🔒 NO OVERTAKE OPPORTUNITY,success
1094,792,502,60,37,2220,2220.0,0.7482305358948432,0,225,1,➡️ STEADY,True,0,🔒 NO OVERTAKE OPPORTUNITY,success
1095,791,502,60,37,2220,2220.0,0.7482305358948432,0,225,1,➡️ STEADY,True,0,🔒 NO OVERTAKE OPPORTUNITY,success
1096,791,501,60,37,2220,2220.0,0.7482305358948432,0,225,1,➡️ STEADY,True,0,🔒 NO OVERTAKE OPPORTUNITY,success
1097,791,500,60,37,2220,2220.0,0.7482305358948432,0,225,1,➡️ STEADY,True,0,🔒 NO OVERTAKE OPPORTUNITY,success
1098,788,498,63,39,2457,2243.7,0.7562184024266936,237,237,19,📈 APPROACHING,True,0,🔒 NO OVERTAKE OPPORTUNITY,success
1099,788,499,63,39,2457,2267.4,0.764206268958544,237,237,20,📈 APPROACHING,True,0,🔒 NO OVERTAKE OPPORTUNITY,success
1100,786,498,66,41,2706,2316.0,0.7805864509605662,486,486,21,📈 APPROACHING,True,0,🔒 NO OVERTAKE OPPORTUNITY,success
1101,785,498,66,41,2706,2364.6,0.7969666329625884,486,486,22,📈 APPROACHING,True,0,🔒 NO OVERTAKE OPPORTUNITY,success
1102,784,498,66,41,2706,2413.2,0.8133468149646107,486,486,23,📈 APPROACHING,True,0,🔒 NO OVERTAKE OPPORTUNITY,success
1103,784,498,66,41,2706,2461.8,0.829726996966633,249,486,24,📈 APPROACHING,True,0,🔒 NO OVERTAKE OPPORTUNITY,success
1104,783,497,66,41,2706,2510.4,0.8461071789686553,249,486,25,📈 APPROACHING,True,0,🔒 NO OVERTAKE OPPORTUNITY,success
1105,781,497,69,43,2967,2585.1,0.8712841253791709,261,486,26,📈 APPROACHING,True,0,🔒 NO OVERTAKE OPPORTUNITY,success
1106,782,495,69,43,2967,2659.8,0.8964610717896866,261,486,27,📈 APPROACHING,True,0,🔒 NO OVERTAKE OPPORTUNITY,success
1107,783,496,69,43,2967,2734.5,0.9216380182002022,261,486,28,📈 APPROACHING,True,0,🔒 NO OVERTAKE OPPORTUNITY,success
1108,783,495,69,43,2967,2785.5,0.9388270980788676,261,486,29,📈 APPROACHING,True,0,🔒 NO OVERTAKE OPPORTUNITY,success
1109,783,495,69,43,2967,2836.5,0.9560161779575329,261,486,30,📈 APPROACHING,True,0,🔒 NO OVERTAKE OPPORTUNITY,success
1110,784,495,69,43,2967,2862.6,0.9648129423660262,0,486,30,➡️ STEADY,True,0,🔒 NO OVERTAKE OPPORTUNITY,success
1111,785,495,69,43,2967,2888.7,0.9736097067745196,0,486,30,➡️ STEADY,True,0,🔒 NO OVERTAKE OPPORTUNITY,success
1112,785,495,69,43,2967,2914.8,0.9824064711830132,0,486,30,➡️ STEADY,True,0,🔒 NO OVERTAKE OPPORTUNITY,success
1113,786,495,69,43,2967,2940.9,0.9912032355915066,0,486,30,➡️ STEADY,True,0,🔒 NO OVERTAKE OPPORTUNITY,success
1114,785,495,72,45,3240,2994.3,1.0092012133468151,273,486,35,📈 APPROACHING,True,0,🔒 NO OVERTAKE OPPORTUNITY,success
1115,785,495,72,45,3240,3021.6,1.0184024266936298,273,486,36,📈 APPROACHING,True,0,🔒 NO OVERTAKE OPPORTUNITY,success
1116,785,495,72,45,3240,3048.9,1.027603640040445,273,486,37,📈 APPROACHING,True,0,🔒 NO OVERTAKE OPPORTUNITY,success
1117,786,496,72,45,3240,3076.2,1.0368048533872598,273,486,38,📈 APPROACHING,True,0,🔒 NO OVERTAKE OPPORTUNITY,success
1118,787,496,72,45,3240,3103.5,1.046006066734075,273,486,39,📈 APPROACHING,True,0,🔒 NO OVERTAKE OPPORTUNITY,success
1119,786,496,72,45,3240,3130.8,1.0552072800808898,0,486,39,➡️ STEADY,True,0,🔒 NO OVERTAKE OPPORTUNITY,success
1120,787,497,72,45,3240,3158.1,1.0644084934277047,0,486,39,➡️ STEADY,True,0,🔒 NO OVERTAKE OPPORTUNITY,success
1121,787,497,72,45,3240,3185.4,1.0736097067745198,0,486,39,➡️ STEADY,True,0,🔒 NO OVERTAKE OPPORTUNITY,success
1122,788,497,72,45,3240,3212.7,1.0828109201213347,0,486,39,➡️ STEADY,True,0,🔒 NO OVERTAKE OPPORTUNITY,success
1123,788,498,72,45,3240,3240.0,1.0920121334681496,0,486,39,➡️ STEADY,True,0,🔒 NO OVERTAKE OPPORTUNITY,success
1124,789,498,72,45,3240,3240.0,1.0920121334681496,0,486,39,➡️ STEADY,True,0,🔒 NO OVERTAKE OPPORTUNITY,success
1125,787,497,76,47,3572,3273.2,1.1032018874283789,332,486,46,📈 APPROACHING,True,0,🔒 NO OVERTAKE OPPORTUNITY,success
1126,788,498,76,47,3572,3306.4,1.1143916413886081,332,486,47,📈 APPROACHING,True,0,🔒 NO OVERTAKE OPPORTUNITY,success
1127,788,499,76,47,3572,3339.6,1.1255813953488372,332,486,48,📈 APPROACHING,True,0,🔒 NO OVERTAKE OPPORTUNITY,success
1128,787,499,76,47,3572,3372.8,1.1367711493090664,332,486,49,📈 APPROACHING,True,0,🔒 NO OVERTAKE OPPORTUNITY,success
1129,787,499,76,47,3572,3406.0,1.1479609032692957,332,486,50,📈 APPROACHING,True,0,🔒 NO OVERTAKE OPPORTUNITY,success
1130,787,500,76,47,3572,3439.2,1.1591506572295247,0,486,50,➡️ STEADY,True,0,🔒 NO OVERTAKE OPPORTUNITY,success
1131,784,501,80,50,4000,3515.2,1.1847657566565555,428,486,52,📈 APPROACHING,True,0,🔒 NO OVERTAKE OPPORTUNITY,success
1132,784,501,80,50,4000,3591.2,1.210380856083586,428,486,53,📈 APPROACHING,True,0,🔒 NO OVERTAKE OPPORTUNITY,success
1133,783,502,80,50,4000,3667.2,1.2359959555106168,428,486,54,📈 APPROACHING,True,0,🔒 NO OVERTAKE OPPORTUNITY,success
1134,783,503,80,50,4000,3743.2,1.2616110549376474,428,486,55,📈 APPROACHING,True,0,🔒 NO OVERTAKE OPPORTUNITY,success
1135,782,503,80,50,4000,3786.0,1.2760364004044489,428,486,56,📈 APPROACHING,True,0,🔒 NO OVERTAKE OPPORTUNITY,success
1136,782,504,80,50,4000,3828.8,1.2904617458712504,0,486,56,➡️ STEADY,True,0,🔒 NO OVERTAKE OPPORTUNITY,success
1137,782,505,80,50,4000,3871.6,1.304887091338052,0,486,56,➡️ STEADY,True,0,🔒 NO OVERTAKE OPPORTUNITY,success
1138,780,504,84,52,4368,3951.2,1.3317155375800471,368,486,59,📈 APPROACHING,True,0,🔒 NO OVERTAKE OPPORTUNITY,success
1139,781,505,84,52,4368,4030.8,1.3585439838220426,368,486,60,📈 APPROACHING,True,0,🔒 NO OVERTAKE OPPORTUNITY,success
1140,780,503,88,55,4840,4157.6,1.4012807549713517,840,840,61,📈 APPROACHING,True,0,🔒 NO OVERTAKE OPPORTUNITY,success
1141,781,503,88,55,4840,4241.6,1.4295921806538592,840,840,62,📈 APPROACHING,True,0,🔒 NO OVERTAKE OPPORTUNITY,success
1142,782,503,88,55,4840,4325.6,1.4579036063363668,840,840,63,📈 APPROACHING,True,0,🔒 NO OVERTAKE OPPORTUNITY,success
1143,782,502,88,55,4840,4409.6,1.4862150320188745,472,840,64,📈 APPROACHING,True,0,🔒 NO OVERTAKE OPPORTUNITY,success
1144,783,501,88,55,4840,4493.6,1.514526457701382,472,840,65,📈 APPROACHING,True,0,🔒 NO OVERTAKE OPPORTUNITY,success
1145,783,501,88,55,4840,4577.6,1.5428378833838896,0,840,65,➡️ STEADY,True,0,🔒 NO OVERTAKE OPPORTUNITY,success
1146,783,500,88,55,4840,4661.6,1.571149309066397,0,840,65,➡️ STEADY,True,0,🔒 NO OVERTAKE OPPORTUNITY,success
1147,780,500,92,58,5336,4795.2,1.6161779575328614,496,840,68,📈 APPROACHING,True,0,🔒 NO OVERTAKE OPPORTUNITY,success
1148,780,500,92,58,5336,4892.0,1.648803505224132,496,840,69,📈 APPROACHING,True,0,🔒 NO OVERTAKE OPPORTUNITY,success
1149,780,500,92,58,5336,4988.8,1.6814290529154028,496,840,70,📈 APPROACHING,True,0,🔒 NO OVERTAKE OPPORTUNITY,success
1150,780,501,92,58,5336,5038.4,1.6981462756993595,496,840,71,📈 APPROACHING,True,0,🔒 NO OVERTAKE OPPORTUNITY,success
1151,778,500,97,61,5917,5146.1,1.7344455679137176,1077,1077,72,📈 APPROACHING,True,0,🔒 NO OVERTAKE OPPORTUNITY,success
1152,778,501,97,61,5917,5253.8,1.7707448601280755,581,1077,73,📈 APPROACHING,True,0,🔒 NO OVERTAKE OPPORTUNITY,success
1153,779,501,97,61,5917,5361.5,1.8070441523424334,581,1077,74,📈 APPROACHING,True,0,🔒 NO OVERTAKE OPPORTUNITY,success
1154,777,499,102,64,6528,5530.3,1.8639366363329963,1192,1192,75,📈 APPROACHING,True,0,🔒 NO OVERTAKE OPPORTUNITY,success
1155,780,501,97,61,5917,5638.0,1.9002359285473542,581,1192,76,📈 APPROACHING,True,0,🔒 NO OVERTAKE OPPORTUNITY,success
1156,779,499,102,64,6528,5806.8,1.9571284125379171,611,1192,77,📈 APPROACHING,True,0,🔒 NO OVERTAKE OPPORTUNITY,success
1157,782,500,97,61,5917,5864.9,1.9767104819683181,0,1192,77,➡️ STEADY,True,0,🔒 NO OVERTAKE OPPORTUNITY,success
1158,782,497,102,64,6528,5984.1,2.016885743174924,611,1192,79,📈 APPROACHING,True,0,🔒 NO OVERTAKE OPPORTUNITY,success
1159,783,496,102,64,6528,6103.3,2.0570610043815303,0,1192,79,➡️ STEADY,True,0,🔒 NO OVERTAKE OPPORTUNITY,success
1160,784,496,102,64,6528,6222.5,2.097236265588136,611,1192,81,📈 APPROACHING,True,0,🔒 NO OVERTAKE OPPORTUNITY,success
1161,785,496,102,64,6528,6283.6,2.117829457364341,0,1192,81,➡️ STEADY,True,0,🔒 NO OVERTAKE OPPORTUNITY,success
1162,785,497,102,64,6528,6344.7,2.138422649140546,611,1192,83,📈 APPROACHING,True,0,🔒 NO OVERTAKE OPPORTUNITY,success
1163,788,498,97,61,5917,6344.7,2.138422649140546,-611,0,0,📉 MOVING AWAY,False,0,🔒 NO OVERTAKE OPPORTUNITY,success
1164,787,497,102,64,6528,6344.7,2.138422649140546,0,0,0,➡️ STEADY,False,0,🔒 NO OVERTAKE OPPORTUNITY,success
1165,787,497,102,64,6528,6405.8,2.159015840916751,0,0,0,➡️ STEADY,False,0,🔒 NO OVERTAKE OPPORTUNITY,success
1166,789,497,102,64,6528,6405.8,2.159015840916751,0,0,0,➡️ STEADY,False,0,🔒 NO OVERTAKE OPPORTUNITY,success
1167,790,497,102,64,6528,6466.9,2.1796090326929556,0,0,0,➡️ STEADY,False,0,🔒 NO OVERTAKE OPPORTUNITY,success
1168,791,498,102,64,6528,6466.9,2.1796090326929556,611,611,0,📈 APPROACHING,True,0,🔒 NO OVERTAKE OPPORTUNITY,success
1169,792,497,102,64,6528,6466.9,2.1796090326929556,0,611,0,➡️ STEADY,True,0,🔒 NO OVERTAKE OPPORTUNITY,success
1170,793,497,102,64,6528,6466.9,2.1796090326929556,0,611,0,➡️ STEADY,True,0,🔒 NO OVERTAKE OPPORTUNITY,success
1171,795,497,102,64,6528,6466.9,2.1796090326929556,0,611,0,➡️ STEADY,True,0,🔒 NO OVERTAKE OPPORTUNITY,success
1172,797,497,102,64,6528,6466.9,2.1796090326929556,0,611,0,➡️ STEADY,True,0,🔒 NO OVERTAKE OPPORTUNITY,success
1173,800,498,102,64,6528,6528.0,2.2002022244691606,0,611,0,➡️ STEADY,True,0,🔒 NO OVERTAKE OPPORTUNITY,success
1174,801,498,102,64,6528,6528.0,2.2002022244691606,0,611,0,➡️ STEADY,True,0,🔒 NO OVERTAKE OPPORTUNITY,success
1175,802,498,102,64,6528,6528.0,2.2002022244691606,0,611,0,➡️ STEADY,True,0,🔒 NO OVERTAKE OPPORTUNITY,success
1176,804,499,102,64,6528,6528.0,2.2002022244691606,0,611,0,➡️ STEADY,True,0,🔒 NO OVERTAKE OPPORTUNITY,success
1177,803,499,102,64,6528,6528.0,2.2002022244691606,0,611,0,➡️ STEADY,True,0,🔒 NO OVERTAKE OPPORTUNITY,success
1178,805,501,97,61,5917,6466.9,2.1796090326929556,-611,0,0,📉 MOVING AWAY,False,0,🔒 NO OVERTAKE OPPORTUNITY,success
1179,804,501,102,64,6528,6466.9,2.1796090326929556,0,0,0,➡️ STEADY,False,0,🔒 NO OVERTAKE OPPORTUNITY,success
1180,803,501,102,64,6528,6466.9,2.1796090326929556,0,0,0,➡️ STEADY,False,0,🔒 NO OVERTAKE OPPORTUNITY,success
1181,804,501,102,64,6528,6466.9,2.1796090326929556,0,0,0,➡️ STEADY,False,0,🔒 NO OVERTAKE OPPORTUNITY,success
1182,807,503,97,61,5917,6405.8,2.159015840916751,-611,0,0,📉 MOVING AWAY,False,0,🔒 NO OVERTAKE OPPORTUNITY,success
1183,808,502,102,64,6528,6405.8,2.159015840916751,611,611,0,📈 APPROACHING,True,0,🔒 NO OVERTAKE OPPORTUNITY,success
1184,807,502,102,64,6528,6405.8,2.159015840916751,0,611,0,➡️ STEADY,True,0,🔒 NO OVERTAKE OPPORTUNITY,success
1185,809,502,102,64,6528,6405.8,2.159015840916751,0,611,0,➡️ STEADY,True,0,🔒 NO OVERTAKE OPPORTUNITY,success
1186,812,501,102,64,6528,6405.8,2.159015840916751,0,611,0,➡️ STEADY,True,0,🔒 NO OVERTAKE OPPORTUNITY,success
1187,813,501,102,64,6528,6405.8,2.159015840916751,611,611,4,📈 APPROACHING,True,0,🔒 NO OVERTAKE OPPORTUNITY,success
1188,815,500,102,64,6528,6466.9,2.1796090326929556,0,611,4,➡️ STEADY,True,0,🔒 NO OVERTAKE OPPORTUNITY,success
1189,816,500,102,64,6528,6466.9,2.1796090326929556,0,611,4,➡️ STEADY,True,0,🔒 NO OVERTAKE OPPORTUNITY,success
1190,817,500,102,64,6528,6466.9,2.1796090326929556,0,611,4,➡️ STEADY,True,0,🔒 NO OVERTAKE OPPORTUNITY,success
1191,819,501,97,61,5917,6405.8,2.159015840916751,-611,0,0,📉 MOVING AWAY,False,0,🔒 NO OVERTAKE OPPORTUNITY,success
1192,818,499,102,64,6528,6466.9,2.1796090326929556,0,0,0,➡️ STEADY,False,0,🔒 NO OVERTAKE OPPORTUNITY,success
1193,819,500,97,61,5917,6405.8,2.159015840916751,-611,0,0,📉 MOVING AWAY,False,0,🔒 NO OVERTAKE OPPORTUNITY,success
1194,818,499,102,64,6528,6405.8,2.159015840916751,0,0,0,➡️ STEADY,False,0,🔒 NO OVERTAKE OPPORTUNITY,success
1195,819,500,97,61,5917,6344.7,2.138422649140546,-611,0,0,📉 MOVING AWAY,False,0,🔒 NO OVERTAKE OPPORTUNITY,success
1196,819,499,102,64,6528,6344.7,2.138422649140546,611,611,0,📈 APPROACHING,True,0,🔒 NO OVERTAKE OPPORTUNITY,success
1197,819,499,102,64,6528,6344.7,2.138422649140546,0,611,0,➡️ STEADY,True,0,🔒 NO OVERTAKE OPPORTUNITY,success
1198,820,498,102,64,6528,6344.7,2.138422649140546,611,611,2,📈 APPROACHING,True,0,🔒 NO OVERTAKE OPPORTUNITY,success
1199,821,497,102,64,6528,6344.7,2.138422649140546,0,611,2,➡️ STEADY,True,0,🔒 NO OVERTAKE OPPORTUNITY,success
1200,823,499,97,61,5917,6283.6,2.117829457364341,0,611,2,➡️ STEADY,True,0,🔒 NO OVERTAKE OPPORTUNITY,success
1201,823,497,102,64,6528,6344.7,2.138422649140546,0,611,2,➡️ STEADY,True,0,🔒 NO OVERTAKE OPPORTUNITY,success
1202,824,496,102,64,6528,6344.7,2.138422649140546,0,611,2,➡️ STEADY,True,0,🔒 NO OVERTAKE OPPORTUNITY,success
1203,827,497,97,61,5917,6344.7,2.138422649140546,-611,0,0,📉 MOVING AWAY,False,0,🔒 NO OVERTAKE OPPORTUNITY,success
1204,827,496,102,64,6528,6344.7,2.138422649140546,0,0,0,➡️ STEADY,False,0,🔒 NO OVERTAKE OPPORTUNITY,success
1205,826,497,102,64,6528,6405.8,2.159015840916751,611,611,0,📈 APPROACHING,True,0,🔒 NO OVERTAKE OPPORTUNITY,success
1206,827,500,97,61,5917,6344.7,2.138422649140546,-611,0,0,📉 MOVING AWAY,False,0,🔒 NO OVERTAKE OPPORTUNITY,success
1207,827,501,97,61,5917,6283.6,2.117829457364341,-611,0,0,📉 MOVING AWAY,False,0,🔒 NO OVERTAKE OPPORTUNITY,success
1208,825,503,97,61,5917,6222.5,2.097236265588136,0,0,0,➡️ STEADY,False,0,🔒 NO OVERTAKE OPPORTUNITY,success
1209,822,502,102,64,6528,6222.5,2.097236265588136,0,0,0,➡️ STEADY,False,0,🔒 NO OVERTAKE OPPORTUNITY,success
1210,823,505,97,61,5917,6222.5,2.097236265588136,-611,0,0,📉 MOVING AWAY,False,0,🔒 NO OVERTAKE OPPORTUNITY,success
1211,822,506,102,64,6528,6222.5,2.097236265588136,611,611,0,📈 APPROACHING,True,0,🔒 NO OVERTAKE OPPORTUNITY,success
1212,821,507,102,64,6528,6222.5,2.097236265588136,611,611,1,📈 APPROACHING,True,0,🔒 NO OVERTAKE OPPORTUNITY,success
1213,824,510,97,61,5917,6222.5,2.097236265588136,0,611,1,➡️ STEADY,True,0,🔒 NO OVERTAKE OPPORTUNITY,success
1214,825,510,97,61,5917,6161.4,2.076643073811931,-611,0,0,📉 MOVING AWAY,False,0,🔒 NO OVERTAKE OPPORTUNITY,success
1215,824,509,102,64,6528,6161.4,2.076643073811931,611,611,0,📈 APPROACHING,True,0,🔒 NO OVERTAKE OPPORTUNITY,success
1216,827,506,102,64,6528,6222.5,2.097236265588136,0,611,0,➡️ STEADY,True,0,🔒 NO OVERTAKE OPPORTUNITY,success
1217,828,505,102,64,6528,6283.6,2.117829457364341,0,611,0,➡️ STEADY,True,0,🔒 NO OVERTAKE OPPORTUNITY,success
1218,831,502,102,64,6528,6344.7,2.138422649140546,611,611,3,📈 APPROACHING,True,0,🔒 NO OVERTAKE OPPORTUNITY,success
1219,832,502,102,64,6528,6344.7,2.138422649140546,611,611,4,📈 APPROACHING,True,0,🔒 NO OVERTAKE OPPORTUNITY,success
1220,834,501,102,64,6528,6405.8,2.159015840916751,0,611,4,➡️ STEADY,True,0,🔒 NO OVERTAKE OPPORTUNITY,success
1221,836,500,102,64,6528,6405.8,2.159015840916751,0,611,4,➡️ STEADY,True,0,🔒 NO OVERTAKE OPPORTUNITY,success
1222,835,498,107,67,7169,6469.9,2.1806201550387594,641,641,7,📈 APPROACHING,True,0,🔒 NO OVERTAKE OPPORTUNITY,success
1223,840,499,102,64,6528,6531.0,2.2012133468149644,0,641,7,➡️ STEADY,True,0,🔒 NO OVERTAKE OPPORTUNITY,success
1224,841,499,102,64,6528,6592.1,2.22180653859117,0,641,7,➡️ STEADY,True,0,🔒 NO OVERTAKE OPPORTUNITY,success
1225,842,498,102,64,6528,6592.1,2.22180653859117,0,641,7,➡️ STEADY,True,0,🔒 NO OVERTAKE OPPORTUNITY,success
1226,844,498,102,64,6528,6592.1,2.22180653859117,0,641,7,➡️ STEADY,True,0,🔒 NO OVERTAKE OPPORTUNITY,success
1227,843,497,107,67,7169,6656.2,2.243410852713178,0,641,7,➡️ STEADY,True,0,🔒 NO OVERTAKE OPPORTUNITY,success
1228,847,498,102,64,6528,6656.2,2.243410852713178,0,641,7,➡️ STEADY,True,0,🔒 NO OVERTAKE OPPORTUNITY,success
1229,849,498,102,64,6528,6656.2,2.243410852713178,0,641,7,➡️ STEADY,True,0,🔒 NO OVERTAKE OPPORTUNITY,success
1230,850,498,102,64,6528,6656.2,2.243410852713178,0,641,7,➡️ STEADY,True,0,🔒 NO OVERTAKE OPPORTUNITY,success
1231,853,497,102,64,6528,6656.2,2.243410852713178,0,641,7,➡️ STEADY,True,0,🔒 NO OVERTAKE OPPORTUNITY,success
1232,855,497,102,64,6528,6592.1,2.22180653859117,-641,0,0,📉 MOVING AWAY,False,0,🔒 NO OVERTAKE OPPORTUNITY,success
1233,859,497,102,64,6528,6592.1,2.22180653859117,0,0,0,➡️ STEADY,False,0,🔒 NO OVERTAKE OPPORTUNITY,success
1234,861,496,102,64,6528,6592.1,2.22180653859117,0,0,0,➡️ STEADY,False,0,🔒 NO OVERTAKE OPPORTUNITY,success
1235,864,496,102,64,6528,6592.1,2.22180653859117,0,0,0,➡️ STEADY,False,0,🔒 NO OVERTAKE OPPORTUNITY,success
1236,867,496,102,64,6528,6592.1,2.22180653859117,0,0,0,➡️ STEADY,False,0,🔒 NO OVERTAKE OPPORTUNITY,success
1237,869,496,102,64,6528,6528.0,2.2002022244691606,0,0,0,➡️ STEADY,False,0,🔒 NO OVERTAKE OPPORTUNITY,success
1238,873,496,102,64,6528,6528.0,2.2002022244691606,0,0,0,➡️ STEADY,False,0,🔒 NO OVERTAKE OPPORTUNITY,success
1239,875,495,102,64,6528,6528.0,2.2002022244691606,0,0,0,➡️ STEADY,False,0,🔒 NO OVERTAKE OPPORTUNITY,success
1240,878,495,102,64,6528,6528.0,2.2002022244691606,0,0,0,➡️ STEADY,False,0,🔒 NO OVERTAKE OPPORTUNITY,success
1241,883,496,102,64,6528,6528.0,2.2002022244691606,0,0,0,➡️ STEADY,False,0,🔒 NO OVERTAKE OPPORTUNITY,success
1242,887,495,102,64,6528,6528.0,2.2002022244691606,0,0,0,➡️ STEADY,False,0,🔒 NO OVERTAKE OPPORTUNITY,success
1243,892,495,102,64,6528,6528.0,2.2002022244691606,0,0,0,➡️ STEADY,False,0,🔒 NO OVERTAKE OPPORTUNITY,success
1244,893,494,107,67,7169,6592.1,2.22180653859117,641,641,0,📈 APPROACHING,True,0,🔒 NO OVERTAKE OPPORTUNITY,success
1245,897,496,102,64,6528,6592.1,2.22180653859117,0,641,0,➡️ STEADY,True,0,🔒 NO OVERTAKE OPPORTUNITY,success
1246,903,495,102,64,6528,6592.1,2.22180653859117,0,641,0,➡️ STEADY,True,0,🔒 NO OVERTAKE OPPORTUNITY,success
1247,908,495,102,64,6528,6592.1,2.22180653859117,0,641,0,➡️ STEADY,True,0,🔒 NO OVERTAKE OPPORTUNITY,success
1248,915,494,102,64,6528,6592.1,2.22180653859117,0,641,0,➡️ STEADY,True,0,🔒 NO OVERTAKE OPPORTUNITY,success
1249,921,496,97,61,5917,6531.0,2.2012133468149644,-1252,0,0,📉 MOVING AWAY,False,0,🔒 NO OVERTAKE OPPORTUNITY,success
1250,923,494,102,64,6528,6531.0,2.2012133468149644,0,0,0,➡️ STEADY,False,0,🔒 NO OVERTAKE OPPORTUNITY,success
1251,929,494,102,64,6528,6531.0,2.2012133468149644,0,0,0,➡️ STEADY,False,0,🔒 NO OVERTAKE OPPORTUNITY,success
1252,933,494,102,64,6528,6531.0,2.2012133468149644,0,0,0,➡️ STEADY,False,0,🔒 NO OVERTAKE OPPORTUNITY,success
1253,938,495,102,64,6528,6531.0,2.2012133468149644,0,0,0,➡️ STEADY,False,0,🔒 NO OVERTAKE OPPORTUNITY,success
1254,940,496,102,64,6528,6466.9,2.1796090326929556,611,611,0,📈 APPROACHING,True,0,🔒 NO OVERTAKE OPPORTUNITY,success
1255,944,497,102,64,6528,6466.9,2.1796090326929556,0,611,0,➡️ STEADY,True,0,🔒 NO OVERTAKE OPPORTUNITY,success
1256,952,498,102,64,6528,6466.9,2.1796090326929556,0,611,0,➡️ STEADY,True,0,🔒 NO OVERTAKE OPPORTUNITY,success
1257,956,498,102,64,6528,6466.9,2.1796090326929556,0,611,0,➡️ STEADY,True,0,🔒 NO OVERTAKE OPPORTUNITY,success
1258,963,498,102,64,6528,6466.9,2.1796090326929556,0,611,0,➡️ STEADY,True,0,🔒 NO OVERTAKE OPPORTUNITY,success
1259,969,499,97,61,5917,6466.9,2.1796090326929556,-611,0,0,📉 MOVING AWAY,False,0,🔒 NO OVERTAKE OPPORTUNITY,success
1260,974,499,97,61,5917,6405.8,2.159015840916751,-611,0,0,📉 MOVING AWAY,False,0,🔒 NO OVERTAKE OPPORTUNITY,success
1261,981,497,102,64,6528,6405.8,2.159015840916751,0,0,0,➡️ STEADY,False,0,🔒 NO OVERTAKE OPPORTUNITY,success
1262,988,498,97,61,5917,6344.7,2.138422649140546,-611,0,0,📉 MOVING AWAY,False,0,🔒 NO OVERTAKE OPPORTUNITY,success
1263,996,498,97,61,5917,6283.6,2.117829457364341,-611,0,0,📉 MOVING AWAY,False,0,🔒 NO OVERTAKE OPPORTUNITY,success
1264,1000,498,97,61,5917,6222.5,2.097236265588136,0,0,0,➡️ STEADY,False,0,🔒 NO OVERTAKE OPPORTUNITY,success
1265,1003,497,97,61,5917,6161.4,2.076643073811931,0,0,0,➡️ STEADY,False,0,🔒 NO OVERTAKE OPPORTUNITY,success
1266,1011,497,97,61,5917,6100.3,2.0560498820357265,-611,0,0,📉 MOVING AWAY,False,0,🔒 NO OVERTAKE OPPORTUNITY,success
1267,1017,496,97,61,5917,6039.2,2.0354566902595215,0,0,0,➡️ STEADY,False,0,🔒 NO OVERTAKE OPPORTUNITY,success
1268,1027,496,92,58,5336,5920.0,1.9952814290529155,-581,0,0,📉 MOVING AWAY,False,0,🔒 NO OVERTAKE OPPORTUNITY,success
1269,1032,495,92,58,5336,5861.9,1.9756993596225143,-581,0,0,📉 MOVING AWAY,False,0,🔒 NO OVERTAKE OPPORTUNITY,success
1270,1030,494,97,61,5917,5861.9,1.9756993596225143,0,0,0,➡️ STEADY,False,0,🔒 NO OVERTAKE OPPORTUNITY,success
1271,1040,493,92,58,5336,5742.7,1.9355240984159083,-581,0,0,📉 MOVING AWAY,False,0,🔒 NO OVERTAKE OPPORTUNITY,success
1272,1041,491,97,61,5917,5742.7,1.9355240984159083,0,0,0,➡️ STEADY,False,0,🔒 NO OVERTAKE OPPORTUNITY,success
1273,1047,489,97,61,5917,5742.7,1.9355240984159083,581,581,0,📈 APPROACHING,True,0,🔒 NO OVERTAKE OPPORTUNITY,success
1274,1051,490,92,58,5336,5684.6,1.9159420289855074,0,581,0,➡️ STEADY,True,0,🔒 NO OVERTAKE OPPORTUNITY,success
1275,1052,488,92,58,5336,5626.5,1.8963599595551062,-581,0,0,📉 MOVING AWAY,False,0,🔒 NO OVERTAKE OPPORTUNITY,success
1276,1058,485,92,58,5336,5568.4,1.876777890124705,0,0,0,➡️ STEADY,False,0,🔒 NO OVERTAKE OPPORTUNITY,success
1277,1058,486,92,58,5336,5510.3,1.857195820694304,-581,0,0,📉 MOVING AWAY,False,0,🔒 NO OVERTAKE OPPORTUNITY,success
1278,1063,485,92,58,5336,5510.3,1.857195820694304,-581,0,0,📉 MOVING AWAY,False,0,🔒 NO OVERTAKE OPPORTUNITY,success
1279,1063,485,92,58,5336,5510.3,1.857195820694304,0,0,0,➡️ STEADY,False,0,🔒 NO OVERTAKE OPPORTUNITY,success
1280,1061,482,97,61,5917,5510.3,1.857195820694304,581,581,0,📈 APPROACHING,True,0,🔒 NO OVERTAKE OPPORTUNITY,success
1281,1063,482,97,61,5917,5568.4,1.876777890124705,581,581,1,📈 APPROACHING,True,0,🔒 NO OVERTAKE OPPORTUNITY,success
1282,1067,483,92,58,5336,5510.3,1.857195820694304,0,581,1,➡️ STEADY,True,0,🔒 NO OVERTAKE OPPORTUNITY,success
1283,1070,482,88,55,4840,5402.6,1.820896528479946,-496,0,0,📉 MOVING AWAY,False,0,🔒 NO OVERTAKE OPPORTUNITY,success
1284,1071,481,88,55,4840,5353.0,1.8041793056959892,-496,0,0,📉 MOVING AWAY,False,0,🔒 NO OVERTAKE OPPORTUNITY,success
1285,1071,480,88,55,4840,5303.4,1.7874620829120322,-1077,0,0,📉 MOVING AWAY,False,0,🔒 NO OVERTAKE OPPORTUNITY,success
1286,1072,477,88,55,4840,5253.8,1.7707448601280755,-1077,0,0,📉 MOVING AWAY,False,0,🔒 NO OVERTAKE OPPORTUNITY,success
1287,1073,478,88,55,4840,5204.2,1.7540276373441186,-496,0,0,📉 MOVING AWAY,False,0,🔒 NO OVERTAKE OPPORTUNITY,success
1288,1076,480,84,52,4368,5107.4,1.721402089652848,-472,0,0,📉 MOVING AWAY,False,0,🔒 NO OVERTAKE OPPORTUNITY,success
1289,1077,480,84,52,4368,5010.6,1.6887765419615774,-472,0,0,📉 MOVING AWAY,False,0,🔒 NO OVERTAKE OPPORTUNITY,success
1290,1078,480,84,52,4368,4855.7,1.6365689248399056,-472,0,0,📉 MOVING AWAY,False,0,🔒 NO OVERTAKE OPPORTUNITY,success
1291,1079,480,84,52,4368,4700.8,1.584361307718234,-472,0,0,📉 MOVING AWAY,False,0,🔒 NO OVERTAKE OPPORTUNITY,success
1292,1080,481,84,52,4368,4604.0,1.5517357600269632,-472,0,0,📉 MOVING AWAY,False,0,🔒 NO OVERTAKE OPPORTUNITY,success
1293,1080,481,84,52,4368,4556.8,1.5358274351196495,0,0,0,➡️ STEADY,False,0,🔒 NO OVERTAKE OPPORTUNITY,success
1294,1081,481,84,52,4368,4509.6,1.5199191102123357,0,0,0,➡️ STEADY,False,0,🔒 NO OVERTAKE OPPORTUNITY,success
1295,1081,482,84,52,4368,4462.4,1.5040107853050217,0,0,0,➡️ STEADY,False,0,🔒 NO OVERTAKE OPPORTUNITY,success
1296,1083,484,80,50,4000,4378.4,1.4756993596225143,-368,0,0,📉 MOVING AWAY,False,0,🔒 NO OVERTAKE OPPORTUNITY,success
1297,1083,482,80,50,4000,4294.4,1.4473879339400066,-368,0,0,📉 MOVING AWAY,False,0,🔒 NO OVERTAKE OPPORTUNITY,success
1298,1082,482,80,50,4000,4257.6,1.434984833164813,-368,0,0,📉 MOVING AWAY,False,0,🔒 NO OVERTAKE OPPORTUNITY,success
1299,1082,481,80,50,4000,4220.8,1.4225817323896193,-368,0,0,📉 MOVING AWAY,False,0,🔒 NO OVERTAKE OPPORTUNITY,success
1300,1082,481,80,50,4000,4184.0,1.4101786316144254,-368,0,0,📉 MOVING AWAY,False,0,🔒 NO OVERTAKE OPPORTUNITY,success
1301,1081,481,80,50,4000,4147.2,1.3977755308392315,0,0,0,➡️ STEADY,False,0,🔒 NO OVERTAKE OPPORTUNITY,success
1302,1082,481,80,50,4000,4110.4,1.3853724300640375,0,0,0,➡️ STEADY,False,0,🔒 NO OVERTAKE OPPORTUNITY,success
1303,1082,481,80,50,4000,4073.6,1.3729693292888439,0,0,0,➡️ STEADY,False,0,🔒 NO OVERTAKE OPPORTUNITY,success
1304,1082,481,80,50,4000,4036.8,1.3605662285136502,0,0,0,➡️ STEADY,False,0,🔒 NO OVERTAKE OPPORTUNITY,success
1305,1082,482,80,50,4000,4000.0,1.3481631277384563,0,0,0,➡️ STEADY,False,0,🔒 NO OVERTAKE OPPORTUNITY,success
1306,1084,483,76,47,3572,3957.2,1.3337377822716547,-428,0,0,📉 MOVING AWAY,False,0,🔒 NO OVERTAKE OPPORTUNITY,success
1307,1084,484,76,47,3572,3914.4,1.3193124368048534,-428,0,0,📉 MOVING AWAY,False,0,🔒 NO OVERTAKE OPPORTUNITY,success
1308,1085,485,76,47,3572,3871.6,1.304887091338052,-428,0,0,📉 MOVING AWAY,False,0,🔒 NO OVERTAKE OPPORTUNITY,success
1309,1085,485,76,47,3572,3828.8,1.2904617458712504,-428,0,0,📉 MOVING AWAY,False,0,🔒 NO OVERTAKE OPPORTUNITY,success
1310,1086,486,76,47,3572,3786.0,1.2760364004044489,-428,0,0,📉 MOVING AWAY,False,0,🔒 NO OVERTAKE OPPORTUNITY,success
1311,1087,488,72,45,3240,3710.0,1.2504213009774183,-332,0,0,📉 MOVING AWAY,False,0,🔒 NO OVERTAKE OPPORTUNITY,success
1312,1085,488,76,47,3572,3667.2,1.2359959555106168,0,0,0,➡️ STEADY,False,0,🔒 NO OVERTAKE OPPORTUNITY,success
1313,1084,489,76,47,3572,3624.4,1.2215706100438153,0,0,0,➡️ STEADY,False,0,🔒 NO OVERTAKE OPPORTUNITY,success
1314,1086,490,72,45,3240,3548.4,1.1959555106167847,-332,0,0,📉 MOVING AWAY,False,0,🔒 NO OVERTAKE OPPORTUNITY,success
1315,1085,488,72,45,3240,3472.4,1.170340411189754,-332,0,0,📉 MOVING AWAY,False,0,🔒 NO OVERTAKE OPPORTUNITY,success
1316,1083,487,72,45,3240,3439.2,1.1591506572295247,0,0,0,➡️ STEADY,False,0,🔒 NO OVERTAKE OPPORTUNITY,success
1317,1082,487,72,45,3240,3406.0,1.1479609032692957,-332,0,0,📉 MOVING AWAY,False,0,🔒 NO OVERTAKE OPPORTUNITY,success
1318,1080,486,72,45,3240,3372.8,1.1367711493090664,-332,0,0,📉 MOVING AWAY,False,0,🔒 NO OVERTAKE OPPORTUNITY,success
1319,1079,486,72,45,3240,3339.6,1.1255813953488372,0,0,0,➡️ STEADY,False,0,🔒 NO OVERTAKE OPPORTUNITY,success
1320,1079,485,72,45,3240,3306.4,1.1143916413886081,0,0,0,➡️ STEADY,False,0,🔒 NO OVERTAKE OPPORTUNITY,success
1321,1078,486,72,45,3240,3306.4,1.1143916413886081,0,0,0,➡️ STEADY,False,0,🔒 NO OVERTAKE OPPORTUNITY,success
1322,1078,486,72,45,3240,3273.2,1.1032018874283789,0,0,0,➡️ STEADY,False,0,🔒 NO OVERTAKE OPPORTUNITY,success
1323,1078,486,72,45,3240,3240.0,1.0920121334681496,0,0,0,➡️ STEADY,False,0,🔒 NO OVERTAKE OPPORTUNITY,success
1324,1078,487,72,45,3240,3240.0,1.0920121334681496,0,0,0,➡️ STEADY,False,0,🔒 NO OVERTAKE OPPORTUNITY,success
1325,1078,487,72,45,3240,3240.0,1.0920121334681496,0,0,0,➡️ STEADY,False,0,🔒 NO OVERTAKE OPPORTUNITY,success
1326,1078,489,72,45,3240,3240.0,1.0920121334681496,0,0,0,➡️ STEADY,False,0,🔒 NO OVERTAKE OPPORTUNITY,success
1327,1079,489,72,45,3240,3240.0,1.0920121334681496,0,0,0,➡️ STEADY,False,0,🔒 NO OVERTAKE OPPORTUNITY,success
1328,1079,491,72,45,3240,3240.0,1.0920121334681496,0,0,0,➡️ STEADY,False,0,🔒 NO OVERTAKE OPPORTUNITY,success
1329,1078,491,72,45,3240,3240.0,1.0920121334681496,0,0,0,➡️ STEADY,False,0,🔒 NO OVERTAKE OPPORTUNITY,success
1330,1079,492,72,45,3240,3240.0,1.0920121334681496,0,0,0,➡️ STEADY,False,0,🔒 NO OVERTAKE OPPORTUNITY,success
1331,1081,495,69,43,2967,3212.7,1.0828109201213347,-273,0,0,📉 MOVING AWAY,False,0,🔒 NO OVERTAKE OPPORTUNITY,success
1332,1081,494,69,43,2967,3185.4,1.0736097067745198,-273,0,0,📉 MOVING AWAY,False,0,🔒 NO OVERTAKE OPPORTUNITY,success
1333,1080,496,69,43,2967,3158.1,1.0644084934277047,-273,0,0,📉 MOVING AWAY,False,0,🔒 NO OVERTAKE OPPORTUNITY,success
1334,1081,496,69,43,2967,3130.8,1.0552072800808898,-273,0,0,📉 MOVING AWAY,False,0,🔒 NO OVERTAKE OPPORTUNITY,success
1335,1081,496,69,43,2967,3103.5,1.046006066734075,-273,0,0,📉 MOVING AWAY,False,0,🔒 NO OVERTAKE OPPORTUNITY,success
1336,1081,496,69,43,2967,3076.2,1.0368048533872598,0,0,0,➡️ STEADY,False,0,🔒 NO OVERTAKE OPPORTUNITY,success
1337,1082,496,69,43,2967,3048.9,1.027603640040445,0,0,0,➡️ STEADY,False,0,🔒 NO OVERTAKE OPPORTUNITY,success
1338,1082,496,69,43,2967,3021.6,1.0184024266936298,0,0,0,➡️ STEADY,False,0,🔒 NO OVERTAKE OPPORTUNITY,success
1339,1083,496,69,43,2967,2994.3,1.0092012133468151,0,0,0,➡️ STEADY,False,0,🔒 NO OVERTAKE OPPORTUNITY,success
1340,1083,495,69,43,2967,2967.0,1.0,0,0,0,➡️ STEADY,False,0,🔒 NO OVERTAKE OPPORTUNITY,success
1341,1084,495,69,43,2967,2967.0,1.0,0,0,0,➡️ STEADY,False,0,🔒 NO OVERTAKE OPPORTUNITY,success
1342,1086,493,69,43,2967,2967.0,1.0,0,0,0,➡️ STEADY,False,0,🔒 NO OVERTAKE OPPORTUNITY,success
1343,1087,493,69,43,2967,2967.0,1.0,0,0,0,➡️ STEADY,False,0,🔒 NO OVERTAKE OPPORTUNITY,success
1344,1088,493,69,43,2967,2967.0,1.0,0,0,0,➡️ STEADY,False,0,🔒 NO OVERTAKE OPPORTUNITY,success
1345,1089,492,69,43,2967,2967.0,1.0,0,0,0,➡️ STEADY,False,0,🔒 NO OVERTAKE OPPORTUNITY,success
1346,1093,492,69,43,2967,2967.0,1.0,0,0,0,➡️ STEADY,False,0,🔒 NO OVERTAKE OPPORTUNITY,success
1347,1094,492,69,43,2967,2967.0,1.0,0,0,0,➡️ STEADY,False,0,🔒 NO OVERTAKE OPPORTUNITY,success
1348,1096,489,69,43,2967,2967.0,1.0,0,0,0,➡️ STEADY,False,0,🔒 NO OVERTAKE OPPORTUNITY,success
1349,1097,489,69,43,2967,2967.0,1.0,0,0,0,➡️ STEADY,False,0,🔒 NO OVERTAKE OPPORTUNITY,success
1350,1098,488,69,43,2967,2967.0,1.0,0,0,0,➡️ STEADY,False,0,🔒 NO OVERTAKE OPPORTUNITY,success
1351,1101,487,69,43,2967,2967.0,1.0,0,0,0,➡️ STEADY,False,0,🔒 NO OVERTAKE OPPORTUNITY,success
1352,1101,487,69,43,2967,2967.0,1.0,0,0,0,➡️ STEADY,False,0,🔒 NO OVERTAKE OPPORTUNITY,success
1353,1105,485,69,43,2967,2967.0,1.0,0,0,0,➡️ STEADY,False,0,🔒 NO OVERTAKE OPPORTUNITY,success
1354,1107,484,69,43,2967,2967.0,1.0,0,0,0,➡️ STEADY,False,0,🔒 NO OVERTAKE OPPORTUNITY,success
1355,1109,485,69,43,2967,2967.0,1.0,0,0,0,➡️ STEADY,False,0,🔒 NO OVERTAKE OPPORTUNITY,success
1356,1112,483,69,43,2967,2967.0,1.0,0,0,0,➡️ STEADY,False,0,🔒 NO OVERTAKE OPPORTUNITY,success
1357,1113,482,72,45,3240,2994.3,1.0092012133468151,273,273,0,📈 APPROACHING,True,0,🔒 NO OVERTAKE OPPORTUNITY,success
1358,1116,482,72,45,3240,3021.6,1.0184024266936298,273,273,1,📈 APPROACHING,True,0,🔒 NO OVERTAKE OPPORTUNITY,success
1359,1119,482,72,45,3240,3048.9,1.027603640040445,273,273,2,📈 APPROACHING,True,0,🔒 NO OVERTAKE OPPORTUNITY,success
1360,1120,482,72,45,3240,3076.2,1.0368048533872598,273,273,3,📈 APPROACHING,True,0,🔒 NO OVERTAKE OPPORTUNITY,success
1361,1124,482,72,45,3240,3103.5,1.046006066734075,273,273,4,📈 APPROACHING,True,0,🔒 NO OVERTAKE OPPORTUNITY,success
1362,1127,483,72,45,3240,3130.8,1.0552072800808898,0,273,4,➡️ STEADY,True,0,🔒 NO OVERTAKE OPPORTUNITY,success
1363,1133,485,72,45,3240,3158.1,1.0644084934277047,0,273,4,➡️ STEADY,True,0,🔒 NO OVERTAKE OPPORTUNITY,success
1364,1136,485,72,45,3240,3185.4,1.0736097067745198,0,273,4,➡️ STEADY,True,0,🔒 NO OVERTAKE OPPORTUNITY,success
1365,1137,486,72,45,3240,3212.7,1.0828109201213347,0,273,4,➡️ STEADY,True,0,🔒 NO OVERTAKE OPPORTUNITY,success
1366,1143,486,72,45,3240,3240.0,1.0920121334681496,0,273,4,➡️ STEADY,True,0,🔒 NO OVERTAKE OPPORTUNITY,success
1367,1144,486,76,47,3572,3273.2,1.1032018874283789,332,332,10,📈 APPROACHING,True,0,🔒 NO OVERTAKE OPPORTUNITY,success
1368,1151,489,72,45,3240,3273.2,1.1032018874283789,0,332,10,➡️ STEADY,True,0,🔒 NO OVERTAKE OPPORTUNITY,success
1369,1150,487,76,47,3572,3306.4,1.1143916413886081,332,332,12,📈 APPROACHING,True,0,🔒 NO OVERTAKE OPPORTUNITY,success
1370,1153,488,76,47,3572,3339.6,1.1255813953488372,332,332,13,📈 APPROACHING,True,0,🔒 NO OVERTAKE OPPORTUNITY,success
1371,1158,489,76,47,3572,3372.8,1.1367711493090664,332,332,14,📈 APPROACHING,True,0,🔒 NO OVERTAKE OPPORTUNITY,success
1372,1158,488,80,50,4000,3448.8,1.1623862487360972,428,428,15,📈 APPROACHING,True,0,🔒 NO OVERTAKE OPPORTUNITY,success
1373,1162,489,80,50,4000,3524.8,1.1880013481631277,760,760,16,📈 APPROACHING,True,0,🔒 NO OVERTAKE OPPORTUNITY,success
1374,1164,489,80,50,4000,3600.8,1.2136164475901585,428,760,17,📈 APPROACHING,True,0,🔒 NO OVERTAKE OPPORTUNITY,success
1375,1166,489,80,50,4000,3676.8,1.239231547017189,428,760,18,📈 APPROACHING,True,0,🔒 NO OVERTAKE OPPORTUNITY,success
1376,1171,490,80,50,4000,3752.8,1.2648466464442198,428,760,19,📈 APPROACHING,True,0,🔒 NO OVERTAKE OPPORTUNITY,success
1377,1171,490,80,50,4000,3795.6,1.2792719919110211,0,760,19,➡️ STEADY,True,0,🔒 NO OVERTAKE OPPORTUNITY,success
1378,1173,488,84,52,4368,3908.4,1.3172901921132458,368,760,21,📈 APPROACHING,True,0,🔒 NO OVERTAKE OPPORTUNITY,success
1379,1177,489,84,52,4368,3988.0,1.344118638355241,368,760,22,📈 APPROACHING,True,0,🔒 NO OVERTAKE OPPORTUNITY,success
1380,1178,489,84,52,4368,4067.6,1.3709470845972362,368,760,23,📈 APPROACHING,True,0,🔒 NO OVERTAKE OPPORTUNITY,success
1381,1181,489,84,52,4368,4147.2,1.3977755308392315,368,760,24,📈 APPROACHING,True,0,🔒 NO OVERTAKE OPPORTUNITY,success
1382,1181,489,84,52,4368,4184.0,1.4101786316144254,368,760,25,📈 APPROACHING,True,0,🔒 NO OVERTAKE OPPORTUNITY,success
1383,1185,489,84,52,4368,4220.8,1.4225817323896193,0,760,25,➡️ STEADY,True,0,🔒 NO OVERTAKE OPPORTUNITY,success
1384,1184,488,88,55,4840,4304.8,1.4508931580721267,472,760,27,📈 APPROACHING,True,0,🔒 NO OVERTAKE OPPORTUNITY,success
1385,1184,488,88,55,4840,4388.8,1.4792045837546344,472,760,28,📈 APPROACHING,True,0,🔒 NO OVERTAKE OPPORTUNITY,success
1386,1188,488,88,55,4840,4472.8,1.507516009437142,472,760,29,📈 APPROACHING,True,0,🔒 NO OVERTAKE OPPORTUNITY,success
1387,1186,487,92,58,5336,4606.4,1.5525446579036062,968,968,30,📈 APPROACHING,True,0,🔒 NO OVERTAKE OPPORTUNITY,success
1388,1190,487,92,58,5336,4703.2,1.5851702055948769,968,968,31,📈 APPROACHING,True,0,🔒 NO OVERTAKE OPPORTUNITY,success
1389,1190,487,97,61,5917,4858.1,1.6373778227165487,1077,1077,32,📈 APPROACHING,True,0,🔒 NO OVERTAKE OPPORTUNITY,success
1390,1194,490,92,58,5336,4954.9,1.6700033704078192,496,1077,33,📈 APPROACHING,True,0,🔒 NO OVERTAKE OPPORTUNITY,success
1391,1193,488,97,61,5917,5109.8,1.722210987529491,1077,1077,34,📈 APPROACHING,True,0,🔒 NO OVERTAKE OPPORTUNITY,success
1392,1196,490,97,61,5917,5264.7,1.7744186046511627,581,1077,35,📈 APPROACHING,True,0,🔒 NO OVERTAKE OPPORTUNITY,success
1393,1201,491,97,61,5917,5419.6,1.8266262217728346,581,1077,36,📈 APPROACHING,True,0,🔒 NO OVERTAKE OPPORTUNITY,success
1394,1200,491,97,61,5917,5527.3,1.8629255139871925,0,1077,36,➡️ STEADY,True,0,🔒 NO OVERTAKE OPPORTUNITY,success
1395,1202,492,97,61,5917,5635.0,1.8992248062015504,581,1077,38,📈 APPROACHING,True,0,🔒 NO OVERTAKE OPPORTUNITY,success
1396,1205,492,102,64,6528,5803.8,1.9561172901921133,611,1077,39,📈 APPROACHING,True,0,🔒 NO OVERTAKE OPPORTUNITY,success
1397,1206,493,102,64,6528,5923.0,1.9962925513987193,611,1077,40,📈 APPROACHING,True,0,🔒 NO OVERTAKE OPPORTUNITY,success
1398,1211,494,102,64,6528,6042.2,2.0364678126053253,611,1077,41,📈 APPROACHING,True,0,🔒 NO OVERTAKE OPPORTUNITY,success
1399,1212,495,102,64,6528,6103.3,2.0570610043815303,611,1077,42,📈 APPROACHING,True,0,🔒 NO OVERTAKE OPPORTUNITY,success
1400,1216,495,102,64,6528,6222.5,2.097236265588136,611,1077,43,📈 APPROACHING,True,0,🔒 NO OVERTAKE OPPORTUNITY,success
1401,1218,495,107,67,7169,6347.7,2.13943377148635,641,1077,44,📈 APPROACHING,True,0,🔒 NO OVERTAKE OPPORTUNITY,success
1402,1220,494,112,70,7840,6540.0,2.2042467138523762,1312,1312,45,📈 APPROACHING,True,0,🔒 NO OVERTAKE OPPORTUNITY,success
1403,1225,495,112,70,7840,6732.3,2.2690596562184027,1312,1312,46,📈 APPROACHING,True,0,🔒 NO OVERTAKE OPPORTUNITY,success
1404,1229,498,107,67,7169,6857.5,2.311257162116616,641,1312,47,📈 APPROACHING,True,0,🔒 NO OVERTAKE OPPORTUNITY,success
1405,1227,496,112,70,7840,7049.8,2.3760701044826424,1312,1312,48,📈 APPROACHING,True,0,🔒 NO OVERTAKE OPPORTUNITY,success
1406,1233,496,112,70,7840,7181.0,2.420289855072464,671,1312,49,📈 APPROACHING,True,0,🔒 NO OVERTAKE OPPORTUNITY,success
1407,1235,495,118,74,8732,7401.4,2.4945736434108525,892,1312,50,📈 APPROACHING,True,0,🔒 NO OVERTAKE OPPORTUNITY,success
1408,1240,496,118,74,8732,7621.8,2.5688574317492416,892,1312,51,📈 APPROACHING,True,0,🔒 NO OVERTAKE OPPORTUNITY,success
1409,1242,497,118,74,8732,7842.2,2.6431412200876307,1563,1563,52,📈 APPROACHING,True,0,🔒 NO OVERTAKE OPPORTUNITY,success
1410,1246,499,112,70,7840,7973.4,2.6873609706774517,0,1563,52,➡️ STEADY,True,0,🔒 NO OVERTAKE OPPORTUNITY,success
1411,1249,499,112,70,7840,8040.5,2.7099764071452648,0,1563,52,➡️ STEADY,True,0,🔒 NO OVERTAKE OPPORTUNITY,success
1412,1247,497,118,74,8732,8129.7,2.740040444893832,0,1563,52,➡️ STEADY,True,0,🔒 NO OVERTAKE OPPORTUNITY,success
1413,1251,497,118,74,8732,8218.9,2.7701044826423997,0,1563,52,➡️ STEADY,True,0,🔒 NO OVERTAKE OPPORTUNITY,success
1414,1249,496,124,77,9548,8456.8,2.850286484664644,816,1563,57,📈 APPROACHING,True,0,🔒 NO OVERTAKE OPPORTUNITY,success
1415,1251,496,124,77,9548,8627.6,2.9078530502190767,1708,1708,58,📈 APPROACHING,True,0,🔒 NO OVERTAKE OPPORTUNITY,success
1416,1252,496,124,77,9548,8798.4,2.9654196157735084,1708,1708,59,📈 APPROACHING,True,0,🔒 NO OVERTAKE OPPORTUNITY,success
1417,1253,496,124,77,9548,8880.0,2.992922143579373,816,1708,60,📈 APPROACHING,True,0,🔒 NO OVERTAKE OPPORTUNITY,success
1418,1251,494,130,81,10530,9059.8,3.0535220761712165,1798,1798,61,📈 APPROACHING,True,0,🔒 NO OVERTAKE OPPORTUNITY,success
1419,1252,494,130,81,10530,9239.6,3.1141220087630606,982,1798,62,📈 APPROACHING,True,0,🔒 NO OVERTAKE OPPORTUNITY,success
1420,1256,497,124,77,9548,9410.4,3.1716885743174923,0,1798,62,➡️ STEADY,True,0,🔒 NO OVERTAKE OPPORTUNITY,success
1421,1251,494,130,81,10530,9679.4,3.2623525446579036,982,1798,64,📈 APPROACHING,True,0,🔒 NO OVERTAKE OPPORTUNITY,success
1422,1252,494,130,81,10530,9859.2,3.3229524772497476,982,1798,65,📈 APPROACHING,True,0,🔒 NO OVERTAKE OPPORTUNITY,success
1423,1252,494,130,81,10530,10039.0,3.383552409841591,0,1798,65,➡️ STEADY,True,0,🔒 NO OVERTAKE OPPORTUNITY,success
1424,1251,494,130,81,10530,10137.2,3.4166498146275703,0,1798,65,➡️ STEADY,True,0,🔒 NO OVERTAKE OPPORTUNITY,success
1425,1251,494,130,81,10530,10235.4,3.449747219413549,982,1798,68,📈 APPROACHING,True,0,🔒 NO OVERTAKE OPPORTUNITY,success
1426,1245,492,137,85,11645,10445.1,3.520424671385238,1115,1798,69,📈 APPROACHING,True,0,🔒 NO OVERTAKE OPPORTUNITY,success
1427,1244,492,137,85,11645,10654.8,3.591102123356926,1115,1798,70,📈 APPROACHING,True,0,🔒 NO OVERTAKE OPPORTUNITY,success
1428,1241,492,137,85,11645,10766.3,3.6286821705426355,1115,1798,71,📈 APPROACHING,True,0,🔒 NO OVERTAKE OPPORTUNITY,success
1429,1241,492,137,85,11645,10877.8,3.666262217728345,1115,1798,72,📈 APPROACHING,True,0,🔒 NO OVERTAKE OPPORTUNITY,success
1430,1234,490,143,89,12727,11195.7,3.7734074823053594,2197,2197,73,📈 APPROACHING,True,0,🔒 NO OVERTAKE OPPORTUNITY,success
1431,1232,491,143,89,12727,11415.4,3.8474553420963935,1082,2197,74,📈 APPROACHING,True,0,🔒 NO OVERTAKE OPPORTUNITY,success
1432,1227,492,143,89,12727,11635.1,3.9215032018874285,1082,2197,75,📈 APPROACHING,True,0,🔒 NO OVERTAKE OPPORTUNITY,success
1433,1222,493,143,89,12727,11854.8,3.9955510616784626,1082,2197,76,📈 APPROACHING,True,0,🔒 NO OVERTAKE OPPORTUNITY,success
1434,1220,492,143,89,12727,12074.5,4.069598921469498,1082,2197,77,📈 APPROACHING,True,0,🔒 NO OVERTAKE OPPORTUNITY,success
1435,1213,490,151,94,14194,12440.9,4.193090663970341,1467,2197,78,📈 APPROACHING,True,0,🔒 NO OVERTAKE OPPORTUNITY,success
1436,1211,494,143,89,12727,12549.1,4.229558476575666,0,2197,78,➡️ STEADY,True,0,🔒 NO OVERTAKE OPPORTUNITY,success
1437,1209,497,137,85,11645,12549.1,4.229558476575666,-1082,0,0,📉 MOVING AWAY,False,0,🔒 NO OVERTAKE OPPORTUNITY,success
1438,1198,494,143,89,12727,12657.3,4.26602628918099,0,0,0,➡️ STEADY,False,0,🔒 NO OVERTAKE OPPORTUNITY,success
1439,1195,495,143,89,12727,12765.5,4.3024941017863165,0,0,0,➡️ STEADY,False,0,🔒 NO OVERTAKE OPPORTUNITY,success
1440,1193,495,143,89,12727,12765.5,4.3024941017863165,-1467,0,0,📉 MOVING AWAY,False,0,🔒 NO OVERTAKE OPPORTUNITY,success
1441,1185,496,143,89,12727,12765.5,4.3024941017863165,0,0,0,➡️ STEADY,False,0,🔒 NO OVERTAKE OPPORTUNITY,success
1442,1178,496,143,89,12727,12765.5,4.3024941017863165,1082,1082,0,📈 APPROACHING,True,0,🔒 NO OVERTAKE OPPORTUNITY,success
1443,1167,495,151,94,14194,12912.2,4.351937984496124,1467,1467,1,📈 APPROACHING,True,0,🔒 NO OVERTAKE OPPORTUNITY,success
1444,1170,498,143,89,12727,12912.2,4.351937984496124,0,1467,1,➡️ STEADY,True,0,🔒 NO OVERTAKE OPPORTUNITY,success
1445,1158,496,151,94,14194,12912.2,4.351937984496124,1467,1467,3,📈 APPROACHING,True,0,🔒 NO OVERTAKE OPPORTUNITY,success
1446,1155,500,143,89,12727,12912.2,4.351937984496124,0,1467,3,➡️ STEADY,True,0,🔒 NO OVERTAKE OPPORTUNITY,success
1447,1150,499,143,89,12727,13020.4,4.388405797101449,0,1467,3,➡️ STEADY,True,0,🔒 NO OVERTAKE OPPORTUNITY,success
1448,1137,499,143,89,12727,13020.4,4.388405797101449,-1467,0,0,📉 MOVING AWAY,False,0,🔒 NO OVERTAKE OPPORTUNITY,success
1449,1124,497,151,94,14194,13167.1,4.437849679811257,1467,1467,0,📈 APPROACHING,True,0,🔒 NO OVERTAKE OPPORTUNITY,success
1450,1125,499,143,89,12727,13167.1,4.437849679811257,-1467,0,0,📉 MOVING AWAY,False,0,🔒 NO OVERTAKE OPPORTUNITY,success
1451,1109,496,151,94,14194,13313.8,4.487293562521065,1467,1467,0,📈 APPROACHING,True,0,🔒 NO OVERTAKE OPPORTUNITY,success
1452,1108,499,143,89,12727,13313.8,4.487293562521065,0,1467,0,➡️ STEADY,True,0,🔒 NO OVERTAKE OPPORTUNITY,success
1453,1094,498,143,89,12727,13167.1,4.437849679811257,0,1467,0,➡️ STEADY,True,0,🔒 NO OVERTAKE OPPORTUNITY,success
1454,1079,495,151,94,14194,13313.8,4.487293562521065,0,1467,0,➡️ STEADY,True,0,🔒 NO OVERTAKE OPPORTUNITY,success
1455,1080,498,143,89,12727,13167.1,4.437849679811257,0,1467,0,➡️ STEADY,True,0,🔒 NO OVERTAKE OPPORTUNITY,success
1456,1067,497,143,89,12727,13167.1,4.437849679811257,-1467,0,0,📉 MOVING AWAY,False,0,🔒 NO OVERTAKE OPPORTUNITY,success
1457,1062,497,143,89,12727,13167.1,4.437849679811257,0,0,0,➡️ STEADY,False,0,🔒 NO OVERTAKE OPPORTUNITY,success
1458,1051,497,143,89,12727,13167.1,4.437849679811257,0,0,0,➡️ STEADY,False,0,🔒 NO OVERTAKE OPPORTUNITY,success
1459,1047,497,143,89,12727,13020.4,4.388405797101449,-1467,0,0,📉 MOVING AWAY,False,0,🔒 NO OVERTAKE OPPORTUNITY,success
1460,1042,498,143,89,12727,13020.4,4.388405797101449,0,0,0,➡️ STEADY,False,0,🔒 NO OVERTAKE OPPORTUNITY,success
1461,1038,498,143,89,12727,12873.7,4.338961914391642,0,0,0,➡️ STEADY,False,0,🔒 NO OVERTAKE OPPORTUNITY,success
1462,1034,498,143,89,12727,12873.7,4.338961914391642,0,0,0,➡️ STEADY,False,0,🔒 NO OVERTAKE OPPORTUNITY,success
1463,1032,498,143,89,12727,12873.7,4.338961914391642,0,0,0,➡️ STEADY,False,0,🔒 NO OVERTAKE OPPORTUNITY,success
1464,1031,499,143,89,12727,12727.0,4.289518031681833,0,0,0,➡️ STEADY,False,0,🔒 NO OVERTAKE OPPORTUNITY,success
1465,1030,499,143,89,12727,12727.0,4.289518031681833,0,0,0,➡️ STEADY,False,0,🔒 NO OVERTAKE OPPORTUNITY,success
1466,1030,499,143,89,12727,12727.0,4.289518031681833,0,0,0,➡️ STEADY,False,0,🔒 NO OVERTAKE OPPORTUNITY,success
1467,1030,499,143,89,12727,12727.0,4.289518031681833,0,0,0,➡️ STEADY,False,0,🔒 NO OVERTAKE OPPORTUNITY,success
1468,1030,499,143,89,12727,12727.0,4.289518031681833,0,0,0,➡️ STEADY,False,0,🔒 NO OVERTAKE OPPORTUNITY,success
1469,1031,499,143,89,12727,12727.0,4.289518031681833,0,0,0,➡️ STEADY,False,0,🔒 NO OVERTAKE OPPORTUNITY,success
1470,1032,499,143,89,12727,12727.0,4.289518031681833,0,0,0,➡️ STEADY,False,0,🔒 NO OVERTAKE OPPORTUNITY,success
1471,1037,501,137,85,11645,12618.8,4.253050219076508,-1082,0,0,📉 MOVING AWAY,False,0,🔒 NO OVERTAKE OPPORTUNITY,success
1472,1038,500,137,85,11645,12510.6,4.216582406471183,-1082,0,0,📉 MOVING AWAY,False,0,🔒 NO OVERTAKE OPPORTUNITY,success
1473,1043,502,130,81,10530,12290.9,4.142534546680148,-2197,0,0,📉 MOVING AWAY,False,0,🔒 NO OVERTAKE OPPORTUNITY,success
1474,1043,502,130,81,10530,12071.2,4.068486686889114,-2197,0,0,📉 MOVING AWAY,False,0,🔒 NO OVERTAKE OPPORTUNITY,success
1475,1044,502,130,81,10530,11851.5,3.994438827098079,-2197,0,0,📉 MOVING AWAY,False,0,🔒 NO OVERTAKE OPPORTUNITY,success
1476,1047,502,130,81,10530,11631.8,3.920390967307044,-1115,0,0,📉 MOVING AWAY,False,0,🔒 NO OVERTAKE OPPORTUNITY,success
1477,1048,502,130,81,10530,11412.1,3.8463431075160095,-1115,0,0,📉 MOVING AWAY,False,0,🔒 NO OVERTAKE OPPORTUNITY,success
1478,1053,501,130,81,10530,11192.4,3.7722952477249745,0,0,0,➡️ STEADY,False,0,🔒 NO OVERTAKE OPPORTUNITY,success
1479,1055,501,130,81,10530,10972.7,3.6982473879339404,0,0,0,➡️ STEADY,False,0,🔒 NO OVERTAKE OPPORTUNITY,success
1480,1061,503,124,77,9548,10654.8,3.591102123356926,-982,0,0,📉 MOVING AWAY,False,0,🔒 NO OVERTAKE OPPORTUNITY,success
1481,1063,503,124,77,9548,10445.1,3.520424671385238,-982,0,0,📉 MOVING AWAY,False,0,🔒 NO OVERTAKE OPPORTUNITY,success
1482,1065,503,124,77,9548,10235.4,3.449747219413549,-982,0,0,📉 MOVING AWAY,False,0,🔒 NO OVERTAKE OPPORTUNITY,success
1483,1069,503,124,77,9548,10137.2,3.4166498146275703,-982,0,0,📉 MOVING AWAY,False,0,🔒 NO OVERTAKE OPPORTUNITY,success
1484,1070,502,124,77,9548,10039.0,3.383552409841591,-982,0,0,📉 MOVING AWAY,False,0,🔒 NO OVERTAKE OPPORTUNITY,success
1485,1071,502,124,77,9548,9940.8,3.3504550050556117,0,0,0,➡️ STEADY,False,0,🔒 NO OVERTAKE OPPORTUNITY,success
1486,1074,502,124,77,9548,9842.6,3.3173576002696326,0,0,0,➡️ STEADY,False,0,🔒 NO OVERTAKE OPPORTUNITY,success
1487,1075,501,124,77,9548,9744.4,3.2842601954836534,0,0,0,➡️ STEADY,False,0,🔒 NO OVERTAKE OPPORTUNITY,success
1488,1078,502,124,77,9548,9646.2,3.2511627906976748,0,0,0,➡️ STEADY,False,0,🔒 NO OVERTAKE OPPORTUNITY,success
1489,1079,502,124,77,9548,9548.0,3.218065385911695,0,0,0,➡️ STEADY,False,0,🔒 NO OVERTAKE OPPORTUNITY,success
1490,1081,502,124,77,9548,9548.0,3.218065385911695,0,0,0,➡️ STEADY,False,0,🔒 NO OVERTAKE OPPORTUNITY,success
1491,1083,502,124,77,9548,9548.0,3.218065385911695,0,0,0,➡️ STEADY,False,0,🔒 NO OVERTAKE OPPORTUNITY,success
1492,1084,503,124,77,9548,9548.0,3.218065385911695,0,0,0,➡️ STEADY,False,0,🔒 NO OVERTAKE OPPORTUNITY,success
1493,1088,502,124,77,9548,9548.0,3.218065385911695,0,0,0,➡️ STEADY,False,0,🔒 NO OVERTAKE OPPORTUNITY,success
1494,1089,503,124,77,9548,9548.0,3.218065385911695,0,0,0,➡️ STEADY,False,0,🔒 NO OVERTAKE OPPORTUNITY,success
1495,1091,503,124,77,9548,9548.0,3.218065385911695,0,0,0,➡️ STEADY,False,0,🔒 NO OVERTAKE OPPORTUNITY,success
1496,1094,503,124,77,9548,9548.0,3.218065385911695,0,0,0,➡️ STEADY,False,0,🔒 NO OVERTAKE OPPORTUNITY,success
1497,1097,503,124,77,9548,9548.0,3.218065385911695,0,0,0,➡️ STEADY,False,0,🔒 NO OVERTAKE OPPORTUNITY,success
1498,1100,502,130,81,10530,9646.2,3.2511627906976748,982,982,0,📈 APPROACHING,True,0,🔒 NO OVERTAKE OPPORTUNITY,success
1499,1103,503,130,81,10530,9744.4,3.2842601954836534,982,982,1,📈 APPROACHING,True,0,🔒 NO OVERTAKE OPPORTUNITY,success
1500,1101,502,137,85,11645,9954.1,3.3549376474553423,2097,2097,2,📈 APPROACHING,True,0,🔒 NO OVERTAKE OPPORTUNITY,success
1501,1108,506,130,81,10530,10052.3,3.388035052241321,982,2097,3,📈 APPROACHING,True,0,🔒 NO OVERTAKE OPPORTUNITY,success
1502,1110,507,130,81,10530,10150.5,3.4211324570273005,982,2097,4,📈 APPROACHING,True,0,🔒 NO OVERTAKE OPPORTUNITY,success
1503,1116,510,124,77,9548,10150.5,3.4211324570273005,-982,0,0,📉 MOVING AWAY,False,0,🔒 NO OVERTAKE OPPORTUNITY,success
1504,1117,509,124,77,9548,10150.5,3.4211324570273005,-982,0,0,📉 MOVING AWAY,False,0,🔒 NO OVERTAKE OPPORTUNITY,success
1505,1118,509,124,77,9548,10150.5,3.4211324570273005,-2097,0,0,📉 MOVING AWAY,False,0,🔒 NO OVERTAKE OPPORTUNITY,success
1506,1122,508,124,77,9548,10150.5,3.4211324570273005,-982,0,0,📉 MOVING AWAY,False,0,🔒 NO OVERTAKE OPPORTUNITY,success
1507,1123,507,124,77,9548,10150.5,3.4211324570273005,-982,0,0,📉 MOVING AWAY,False,0,🔒 NO OVERTAKE OPPORTUNITY,success
1508,1127,507,124,77,9548,10052.3,3.388035052241321,0,0,0,➡️ STEADY,False,0,🔒 NO OVERTAKE OPPORTUNITY,success
1509,1128,508,124,77,9548,9954.1,3.3549376474553423,0,0,0,➡️ STEADY,False,0,🔒 NO OVERTAKE OPPORTUNITY,success
1510,1130,507,124,77,9548,9744.4,3.2842601954836534,0,0,0,➡️ STEADY,False,0,🔒 NO OVERTAKE OPPORTUNITY,success
1511,1133,508,124,77,9548,9646.2,3.2511627906976748,0,0,0,➡️ STEADY,False,0,🔒 NO OVERTAKE OPPORTUNITY,success
1512,1134,509,124,77,9548,9548.0,3.218065385911695,0,0,0,➡️ STEADY,False,0,🔒 NO OVERTAKE OPPORTUNITY,success
1513,1135,507,130,81,10530,9646.2,3.2511627906976748,982,982,0,📈 APPROACHING,True,0,🔒 NO OVERTAKE OPPORTUNITY,success
1514,1136,508,130,81,10530,9744.4,3.2842601954836534,982,982,1,📈 APPROACHING,True,0,🔒 NO OVERTAKE OPPORTUNITY,success
1515,1136,509,130,81,10530,9842.6,3.3173576002696326,982,982,2,📈 APPROACHING,True,0,🔒 NO OVERTAKE OPPORTUNITY,success
1516,1135,509,130,81,10530,9940.8,3.3504550050556117,982,982,3,📈 APPROACHING,True,0,🔒 NO OVERTAKE OPPORTUNITY,success
1517,1132,509,130,81,10530,10039.0,3.383552409841591,982,982,4,📈 APPROACHING,True,0,🔒 NO OVERTAKE OPPORTUNITY,success
1518,1133,511,124,77,9548,10039.0,3.383552409841591,-982,0,0,📉 MOVING AWAY,False,0,🔒 NO OVERTAKE OPPORTUNITY,success
1519,1131,510,124,77,9548,10039.0,3.383552409841591,-982,0,0,📉 MOVING AWAY,False,0,🔒 NO OVERTAKE OPPORTUNITY,success
1520,1130,511,124,77,9548,10039.0,3.383552409841591,-982,0,0,📉 MOVING AWAY,False,0,🔒 NO OVERTAKE OPPORTUNITY,success
1521,1127,508,130,81,10530,10137.2,3.4166498146275703,0,0,0,➡️ STEADY,False,0,🔒 NO OVERTAKE OPPORTUNITY,success
1522,1132,511,124,77,9548,10137.2,3.4166498146275703,-982,0,0,📉 MOVING AWAY,False,0,🔒 NO OVERTAKE OPPORTUNITY,success
1523,1132,512,124,77,9548,10039.0,3.383552409841591,0,0,0,➡️ STEADY,False,0,🔒 NO OVERTAKE OPPORTUNITY,success
1524,1131,511,124,77,9548,9940.8,3.3504550050556117,0,0,0,➡️ STEADY,False,0,🔒 NO OVERTAKE OPPORTUNITY,success
1525,1132,512,124,77,9548,9842.6,3.3173576002696326,0,0,0,➡️ STEADY,False,0,🔒 NO OVERTAKE OPPORTUNITY,success
1526,1129,510,130,81,10530,9842.6,3.3173576002696326,0,0,0,➡️ STEADY,False,0,🔒 NO OVERTAKE OPPORTUNITY,success
1527,1131,511,130,81,10530,9842.6,3.3173576002696326,982,982,0,📈 APPROACHING,True,0,🔒 NO OVERTAKE OPPORTUNITY,success
1528,1130,511,130,81,10530,9940.8,3.3504550050556117,982,982,1,📈 APPROACHING,True,0,🔒 NO OVERTAKE OPPORTUNITY,success
1529,1129,511,130,81,10530,10039.0,3.383552409841591,982,982,2,📈 APPROACHING,True,0,🔒 NO OVERTAKE OPPORTUNITY,success
1530,1129,511,130,81,10530,10137.2,3.4166498146275703,982,982,3,📈 APPROACHING,True,0,🔒 NO OVERTAKE OPPORTUNITY,success
1531,1131,513,124,77,9548,10039.0,3.383552409841591,-982,0,0,📉 MOVING AWAY,False,0,🔒 NO OVERTAKE OPPORTUNITY,success
1532,1126,508,130,81,10530,10137.2,3.4166498146275703,0,0,0,➡️ STEADY,False,0,🔒 NO OVERTAKE OPPORTUNITY,success
1533,1125,508,130,81,10530,10235.4,3.449747219413549,0,0,0,➡️ STEADY,False,0,🔒 NO OVERTAKE OPPORTUNITY,success
1534,1128,510,124,77,9548,10235.4,3.449747219413549,-982,0,0,📉 MOVING AWAY,False,0,🔒 NO OVERTAKE OPPORTUNITY,success
1535,1122,506,130,81,10530,10333.6,3.482844624199528,0,0,0,➡️ STEADY,False,0,🔒 NO OVERTAKE OPPORTUNITY,success
1536,1123,508,124,77,9548,10235.4,3.449747219413549,0,0,0,➡️ STEADY,False,0,🔒 NO OVERTAKE OPPORTUNITY,success
1537,1121,508,124,77,9548,10137.2,3.4166498146275703,-982,0,0,📉 MOVING AWAY,False,0,🔒 NO OVERTAKE OPPORTUNITY,success
1538,1118,506,124,77,9548,10039.0,3.383552409841591,-982,0,0,📉 MOVING AWAY,False,0,🔒 NO OVERTAKE OPPORTUNITY,success
1539,1117,506,124,77,9548,9940.8,3.3504550050556117,0,0,0,➡️ STEADY,False,0,🔒 NO OVERTAKE OPPORTUNITY,success
1540,1116,506,124,77,9548,9842.6,3.3173576002696326,-982,0,0,📉 MOVING AWAY,False,0,🔒 NO OVERTAKE OPPORTUNITY,success
1541,1112,505,124,77,9548,9842.6,3.3173576002696326,0,0,0,➡️ STEADY,False,0,🔒 NO OVERTAKE OPPORTUNITY,success
1542,1111,505,124,77,9548,9744.4,3.2842601954836534,0,0,0,➡️ STEADY,False,0,🔒 NO OVERTAKE OPPORTUNITY,success
1543,1108,503,124,77,9548,9646.2,3.2511627906976748,0,0,0,➡️ STEADY,False,0,🔒 NO OVERTAKE OPPORTUNITY,success
1544,1108,503,124,77,9548,9646.2,3.2511627906976748,0,0,0,➡️ STEADY,False,0,🔒 NO OVERTAKE OPPORTUNITY,success
1545,1107,503,124,77,9548,9548.0,3.218065385911695,0,0,0,➡️ STEADY,False,0,🔒 NO OVERTAKE OPPORTUNITY,success
1546,1104,502,124,77,9548,9548.0,3.218065385911695,0,0,0,➡️ STEADY,False,0,🔒 NO OVERTAKE OPPORTUNITY,success
1547,1103,501,124,77,9548,9548.0,3.218065385911695,0,0,0,➡️ STEADY,False,0,🔒 NO OVERTAKE OPPORTUNITY,success
1548,1102,501,124,77,9548,9548.0,3.218065385911695,0,0,0,➡️ STEADY,False,0,🔒 NO OVERTAKE OPPORTUNITY,success
1549,1105,503,118,74,8732,9466.4,3.1905628581058307,-816,0,0,📉 MOVING AWAY,False,0,🔒 NO OVERTAKE OPPORTUNITY,success
1550,1105,503,118,74,8732,9384.8,3.1630603302999662,-816,0,0,📉 MOVING AWAY,False,0,🔒 NO OVERTAKE OPPORTUNITY,success
1551,1108,504,112,70,7840,9214.0,3.105493764745534,-1708,0,0,📉 MOVING AWAY,False,0,🔒 NO OVERTAKE OPPORTUNITY,success
1552,1104,500,118,74,8732,9132.4,3.0779912369396696,-816,0,0,📉 MOVING AWAY,False,0,🔒 NO OVERTAKE OPPORTUNITY,success
1553,1105,502,112,70,7840,8961.6,3.020424671385238,-1708,0,0,📉 MOVING AWAY,False,0,🔒 NO OVERTAKE OPPORTUNITY,success
1554,1103,499,118,74,8732,8880.0,2.992922143579373,0,0,0,➡️ STEADY,False,0,🔒 NO OVERTAKE OPPORTUNITY,success
1555,1102,499,118,74,8732,8798.4,2.9654196157735084,0,0,0,➡️ STEADY,False,0,🔒 NO OVERTAKE OPPORTUNITY,success
1556,1102,497,118,74,8732,8716.8,2.937917087967644,892,892,0,📈 APPROACHING,True,0,🔒 NO OVERTAKE OPPORTUNITY,success
1557,1105,498,112,70,7840,8546.0,2.880350522413212,-892,0,0,📉 MOVING AWAY,False,0,🔒 NO OVERTAKE OPPORTUNITY,success
1558,1103,493,118,74,8732,8464.4,2.8528479946073473,892,892,0,📈 APPROACHING,True,0,🔒 NO OVERTAKE OPPORTUNITY,success
1559,1103,493,118,74,8732,8464.4,2.8528479946073473,0,892,0,➡️ STEADY,True,0,🔒 NO OVERTAKE OPPORTUNITY,success
1560,1105,495,112,70,7840,8375.2,2.82278395685878,-892,0,0,📉 MOVING AWAY,False,0,🔒 NO OVERTAKE OPPORTUNITY,success
1561,1105,493,112,70,7840,8375.2,2.82278395685878,-892,0,0,📉 MOVING AWAY,False,0,🔒 NO OVERTAKE OPPORTUNITY,success
1562,1105,493,112,70,7840,8286.0,2.7927199191102123,0,0,0,➡️ STEADY,False,0,🔒 NO OVERTAKE OPPORTUNITY,success
1563,1105,492,112,70,7840,8286.0,2.7927199191102123,-892,0,0,📉 MOVING AWAY,False,0,🔒 NO OVERTAKE OPPORTUNITY,success
1564,1104,492,112,70,7840,8196.8,2.7626558813616446,-892,0,0,📉 MOVING AWAY,False,0,🔒 NO OVERTAKE OPPORTUNITY,success
1565,1104,492,112,70,7840,8107.6,2.7325918436130774,0,0,0,➡️ STEADY,False,0,🔒 NO OVERTAKE OPPORTUNITY,success
1566,1102,491,118,74,8732,8107.6,2.7325918436130774,892,892,0,📈 APPROACHING,True,0,🔒 NO OVERTAKE OPPORTUNITY,success
1567,1105,493,112,70,7840,8107.6,2.7325918436130774,0,892,0,➡️ STEADY,True,0,🔒 NO OVERTAKE OPPORTUNITY,success
1568,1102,492,118,74,8732,8107.6,2.7325918436130774,892,892,2,📈 APPROACHING,True,0,🔒 NO OVERTAKE OPPORTUNITY,success
1569,1102,493,118,74,8732,8107.6,2.7325918436130774,892,892,3,📈 APPROACHING,True,0,🔒 NO OVERTAKE OPPORTUNITY,success
1570,1103,494,118,74,8732,8196.8,2.7626558813616446,892,892,4,📈 APPROACHING,True,0,🔒 NO OVERTAKE OPPORTUNITY,success
1571,1103,495,118,74,8732,8286.0,2.7927199191102123,0,892,4,➡️ STEADY,True,0,🔒 NO OVERTAKE OPPORTUNITY,success
1572,1103,495,118,74,8732,8375.2,2.82278395685878,892,892,6,📈 APPROACHING,True,0,🔒 NO OVERTAKE OPPORTUNITY,success
1573,1103,495,118,74,8732,8464.4,2.8528479946073473,0,892,6,➡️ STEADY,True,0,🔒 NO OVERTAKE OPPORTUNITY,success
1574,1103,495,118,74,8732,8553.6,2.882912032355915,0,892,6,➡️ STEADY,True,0,🔒 NO OVERTAKE OPPORTUNITY,success
1575,1104,494,118,74,8732,8642.8,2.9129760701044822,0,892,6,➡️ STEADY,True,0,🔒 NO OVERTAKE OPPORTUNITY,success
1576,1105,492,118,74,8732,8642.8,2.9129760701044822,0,892,6,➡️ STEADY,True,0,🔒 NO OVERTAKE OPPORTUNITY,success
1577,1105,492,118,74,8732,8732.0,2.9430401078530504,0,892,6,➡️ STEADY,True,0,🔒 NO OVERTAKE OPPORTUNITY,success
1578,1106,491,118,74,8732,8732.0,2.9430401078530504,0,892,6,➡️ STEADY,True,0,🔒 NO OVERTAKE OPPORTUNITY,success
1579,1106,491,118,74,8732,8732.0,2.9430401078530504,0,892,6,➡️ STEADY,True,0,🔒 NO OVERTAKE OPPORTUNITY,success
1580,1104,491,118,74,8732,8732.0,2.9430401078530504,0,892,6,➡️ STEADY,True,0,🔒 NO OVERTAKE OPPORTUNITY,success
1581,1104,492,118,74,8732,8732.0,2.9430401078530504,0,892,6,➡️ STEADY,True,0,🔒 NO OVERTAKE OPPORTUNITY,success
1582,1104,492,118,74,8732,8732.0,2.9430401078530504,0,892,6,➡️ STEADY,True,0,🔒 NO OVERTAKE OPPORTUNITY,success
1583,1103,492,118,74,8732,8732.0,2.9430401078530504,0,892,6,➡️ STEADY,True,0,🔒 NO OVERTAKE OPPORTUNITY,success
1584,1103,492,118,74,8732,8732.0,2.9430401078530504,0,892,6,➡️ STEADY,True,0,🔒 NO OVERTAKE OPPORTUNITY,success
1585,1103,492,118,74,8732,8732.0,2.9430401078530504,0,892,6,➡️ STEADY,True,0,🔒 NO OVERTAKE OPPORTUNITY,success
1586,1102,491,118,74,8732,8732.0,2.9430401078530504,0,892,6,➡️ STEADY,True,0,🔒 NO OVERTAKE OPPORTUNITY,success
1587,1103,491,112,70,7840,8642.8,2.9129760701044822,-892,0,0,📉 MOVING AWAY,False,0,🔒 NO OVERTAKE OPPORTUNITY,success
1588,1101,490,112,70,7840,8553.6,2.882912032355915,-892,0,0,📉 MOVING AWAY,False,0,🔒 NO OVERTAKE OPPORTUNITY,success
1589,1100,490,112,70,7840,8464.4,2.8528479946073473,-892,0,0,📉 MOVING AWAY,False,0,🔒 NO OVERTAKE OPPORTUNITY,success
1590,1096,488,118,74,8732,8464.4,2.8528479946073473,0,0,0,➡️ STEADY,False,0,🔒 NO OVERTAKE OPPORTUNITY,success
1591,1096,490,112,70,7840,8375.2,2.82278395685878,-892,0,0,📉 MOVING AWAY,False,0,🔒 NO OVERTAKE OPPORTUNITY,success
1592,1092,488,118,74,8732,8375.2,2.82278395685878,892,892,0,📈 APPROACHING,True,0,🔒 NO OVERTAKE OPPORTUNITY,success
1593,1092,490,112,70,7840,8286.0,2.7927199191102123,0,892,0,➡️ STEADY,True,0,🔒 NO OVERTAKE OPPORTUNITY,success
1594,1091,490,112,70,7840,8196.8,2.7626558813616446,0,892,0,➡️ STEADY,True,0,🔒 NO OVERTAKE OPPORTUNITY,success
1595,1087,488,118,74,8732,8196.8,2.7626558813616446,0,892,0,➡️ STEADY,True,0,🔒 NO OVERTAKE OPPORTUNITY,success
1596,1084,489,118,74,8732,8196.8,2.7626558813616446,892,892,4,📈 APPROACHING,True,0,🔒 NO OVERTAKE OPPORTUNITY,success
1597,1082,489,118,74,8732,8286.0,2.7927199191102123,0,892,4,➡️ STEADY,True,0,🔒 NO OVERTAKE OPPORTUNITY,success
1598,1080,490,118,74,8732,8375.2,2.82278395685878,892,892,6,📈 APPROACHING,True,0,🔒 NO OVERTAKE OPPORTUNITY,success
1599,1079,490,118,74,8732,8464.4,2.8528479946073473,892,892,7,📈 APPROACHING,True,0,🔒 NO OVERTAKE OPPORTUNITY,success
1600,1078,490,118,74,8732,8464.4,2.8528479946073473,0,892,7,➡️ STEADY,True,0,🔒 NO OVERTAKE OPPORTUNITY,success
1601,1074,491,118,74,8732,8553.6,2.882912032355915,0,892,7,➡️ STEADY,True,0,🔒 NO OVERTAKE OPPORTUNITY,success
1602,1072,492,118,74,8732,8553.6,2.882912032355915,0,892,7,➡️ STEADY,True,0,🔒 NO OVERTAKE OPPORTUNITY,success
1603,1068,492,118,74,8732,8642.8,2.9129760701044822,0,892,7,➡️ STEADY,True,0,🔒 NO OVERTAKE OPPORTUNITY,success
1604,1069,493,118,74,8732,8732.0,2.9430401078530504,0,892,7,➡️ STEADY,True,0,🔒 NO OVERTAKE OPPORTUNITY,success
1605,1067,493,118,74,8732,8732.0,2.9430401078530504,0,892,7,➡️ STEADY,True,0,🔒 NO OVERTAKE OPPORTUNITY,success
1606,1064,494,118,74,8732,8732.0,2.9430401078530504,0,892,7,➡️ STEADY,True,0,🔒 NO OVERTAKE OPPORTUNITY,success
1607,1062,494,118,74,8732,8732.0,2.9430401078530504,0,892,7,➡️ STEADY,True,0,🔒 NO OVERTAKE OPPORTUNITY,success
1608,1059,495,118,74,8732,8732.0,2.9430401078530504,0,892,7,➡️ STEADY,True,0,🔒 NO OVERTAKE OPPORTUNITY,success
1609,1058,495,118,74,8732,8732.0,2.9430401078530504,0,892,7,➡️ STEADY,True,0,🔒 NO OVERTAKE OPPORTUNITY,success
1610,1056,495,118,74,8732,8732.0,2.9430401078530504,0,892,7,➡️ STEADY,True,0,🔒 NO OVERTAKE OPPORTUNITY,success
1611,1051,494,124,77,9548,8813.6,2.970542635658915,816,892,19,📈 APPROACHING,True,0,🔒 NO OVERTAKE OPPORTUNITY,success
1612,1049,494,124,77,9548,8895.2,2.9980451634647793,816,892,20,📈 APPROACHING,True,0,🔒 NO OVERTAKE OPPORTUNITY,success
1613,1049,496,118,74,8732,8895.2,2.9980451634647793,0,892,20,➡️ STEADY,True,0,🔒 NO OVERTAKE OPPORTUNITY,success
1614,1046,495,124,77,9548,8976.8,3.0255476912706434,816,892,22,📈 APPROACHING,True,0,🔒 NO OVERTAKE OPPORTUNITY,success
1615,1043,495,124,77,9548,9058.4,3.0530502190765083,816,892,23,📈 APPROACHING,True,0,🔒 NO OVERTAKE OPPORTUNITY,success
1616,1043,497,118,74,8732,9058.4,3.0530502190765083,-816,0,0,📉 MOVING AWAY,False,0,🔒 NO OVERTAKE OPPORTUNITY,success
1617,1040,496,124,77,9548,9140.0,3.080552746882373,0,0,0,➡️ STEADY,False,0,🔒 NO OVERTAKE OPPORTUNITY,success
1618,1037,496,124,77,9548,9221.6,3.1080552746882373,816,816,0,📈 APPROACHING,True,0,🔒 NO OVERTAKE OPPORTUNITY,success
1619,1035,496,124,77,9548,9303.2,3.135557802494102,0,816,0,➡️ STEADY,True,0,🔒 NO OVERTAKE OPPORTUNITY,success
1620,1036,498,118,74,8732,9303.2,3.135557802494102,-816,0,0,📉 MOVING AWAY,False,0,🔒 NO OVERTAKE OPPORTUNITY,success
1621,1031,497,124,77,9548,9303.2,3.135557802494102,816,816,0,📈 APPROACHING,True,0,🔒 NO OVERTAKE OPPORTUNITY,success
1622,1027,497,124,77,9548,9303.2,3.135557802494102,0,816,0,➡️ STEADY,True,0,🔒 NO OVERTAKE OPPORTUNITY,success
1623,1028,499,118,74,8732,9303.2,3.135557802494102,-816,0,0,📉 MOVING AWAY,False,0,🔒 NO OVERTAKE OPPORTUNITY,success
1624,1027,500,118,74,8732,9221.6,3.1080552746882373,-816,0,0,📉 MOVING AWAY,False,0,🔒 NO OVERTAKE OPPORTUNITY,success
1625,1023,499,118,74,8732,9140.0,3.080552746882373,0,0,0,➡️ STEADY,False,0,🔒 NO OVERTAKE OPPORTUNITY,success
1626,1022,499,118,74,8732,9140.0,3.080552746882373,-816,0,0,📉 MOVING AWAY,False,0,🔒 NO OVERTAKE OPPORTUNITY,success
1627,1020,499,118,74,8732,9058.4,3.0530502190765083,-816,0,0,📉 MOVING AWAY,False,0,🔒 NO OVERTAKE OPPORTUNITY,success
1628,1017,498,118,74,8732,8976.8,3.0255476912706434,0,0,0,➡️ STEADY,False,0,🔒 NO OVERTAKE OPPORTUNITY,success
1629,1016,498,118,74,8732,8895.2,2.9980451634647793,0,0,0,➡️ STEADY,False,0,🔒 NO OVERTAKE OPPORTUNITY,success
1630,1013,496,124,77,9548,8976.8,3.0255476912706434,816,816,0,📈 APPROACHING,True,0,🔒 NO OVERTAKE OPPORTUNITY,success
1631,1008,496,124,77,9548,8976.8,3.0255476912706434,816,816,1,📈 APPROACHING,True,0,🔒 NO OVERTAKE OPPORTUNITY,success
1632,1008,495,124,77,9548,8976.8,3.0255476912706434,816,816,2,📈 APPROACHING,True,0,🔒 NO OVERTAKE OPPORTUNITY,success
1633,1010,497,118,74,8732,8976.8,3.0255476912706434,0,816,2,➡️ STEADY,True,0,🔒 NO OVERTAKE OPPORTUNITY,success
1634,1008,497,118,74,8732,8976.8,3.0255476912706434,0,816,2,➡️ STEADY,True,0,🔒 NO OVERTAKE OPPORTUNITY,success
1635,1007,497,118,74,8732,8976.8,3.0255476912706434,-816,0,0,📉 MOVING AWAY,False,0,🔒 NO OVERTAKE OPPORTUNITY,success
1636,1003,497,118,74,8732,8976.8,3.0255476912706434,-816,0,0,📉 MOVING AWAY,False,0,🔒 NO OVERTAKE OPPORTUNITY,success
1637,1002,497,118,74,8732,8976.8,3.0255476912706434,-816,0,0,📉 MOVING AWAY,False,0,🔒 NO OVERTAKE OPPORTUNITY,success
1638,1000,496,118,74,8732,8976.8,3.0255476912706434,0,0,0,➡️ STEADY,False,0,🔒 NO OVERTAKE OPPORTUNITY,success
1639,999,496,118,74,8732,8976.8,3.0255476912706434,0,0,0,➡️ STEADY,False,0,🔒 NO OVERTAKE OPPORTUNITY,success
1640,998,495,118,74,8732,8895.2,2.9980451634647793,0,0,0,➡️ STEADY,False,0,🔒 NO OVERTAKE OPPORTUNITY,success
1641,995,495,118,74,8732,8813.6,2.970542635658915,0,0,0,➡️ STEADY,False,0,🔒 NO OVERTAKE OPPORTUNITY,success
1642,994,494,118,74,8732,8732.0,2.9430401078530504,0,0,0,➡️ STEADY,False,0,🔒 NO OVERTAKE OPPORTUNITY,success
1643,990,494,118,74,8732,8732.0,2.9430401078530504,0,0,0,➡️ STEADY,False,0,🔒 NO OVERTAKE OPPORTUNITY,success
1644,987,492,124,77,9548,8813.6,2.970542635658915,816,816,0,📈 APPROACHING,True,0,🔒 NO OVERTAKE OPPORTUNITY,success
1645,987,491,124,77,9548,8895.2,2.9980451634647793,816,816,1,📈 APPROACHING,True,0,🔒 NO OVERTAKE OPPORTUNITY,success
1646,982,492,124,77,9548,8976.8,3.0255476912706434,816,816,2,📈 APPROACHING,True,0,🔒 NO OVERTAKE OPPORTUNITY,success
1647,985,493,118,74,8732,8976.8,3.0255476912706434,0,816,2,➡️ STEADY,True,0,🔒 NO OVERTAKE OPPORTUNITY,success
1648,979,494,118,74,8732,8976.8,3.0255476912706434,0,816,2,➡️ STEADY,True,0,🔒 NO OVERTAKE OPPORTUNITY,success
1649,976,495,118,74,8732,8976.8,3.0255476912706434,-816,0,0,📉 MOVING AWAY,False,0,🔒 NO OVERTAKE OPPORTUNITY,success
1650,976,495,118,74,8732,8976.8,3.0255476912706434,-816,0,0,📉 MOVING AWAY,False,0,🔒 NO OVERTAKE OPPORTUNITY,success
1651,971,496,118,74,8732,8976.8,3.0255476912706434,-816,0,0,📉 MOVING AWAY,False,0,🔒 NO OVERTAKE OPPORTUNITY,success
1652,970,497,118,74,8732,8976.8,3.0255476912706434,0,0,0,➡️ STEADY,False,0,🔒 NO OVERTAKE OPPORTUNITY,success
1653,965,498,118,74,8732,8976.8,3.0255476912706434,0,0,0,➡️ STEADY,False,0,🔒 NO OVERTAKE OPPORTUNITY,success
1654,964,498,118,74,8732,8895.2,2.9980451634647793,0,0,0,➡️ STEADY,False,0,🔒 NO OVERTAKE OPPORTUNITY,success
1655,959,499,118,74,8732,8813.6,2.970542635658915,0,0,0,➡️ STEADY,False,0,🔒 NO OVERTAKE OPPORTUNITY,success
1656,955,499,118,74,8732,8732.0,2.9430401078530504,0,0,0,➡️ STEADY,False,0,🔒 NO OVERTAKE OPPORTUNITY,success
1657,953,499,118,74,8732,8732.0,2.9430401078530504,0,0,0,➡️ STEADY,False,0,🔒 NO OVERTAKE OPPORTUNITY,success
1658,949,500,118,74,8732,8732.0,2.9430401078530504,0,0,0,➡️ STEADY,False,0,🔒 NO OVERTAKE OPPORTUNITY,success
1659,946,499,118,74,8732,8732.0,2.9430401078530504,0,0,0,➡️ STEADY,False,0,🔒 NO OVERTAKE OPPORTUNITY,success
1660,945,499,118,74,8732,8732.0,2.9430401078530504,0,0,0,➡️ STEADY,False,0,🔒 NO OVERTAKE OPPORTUNITY,success
1661,937,497,124,77,9548,8813.6,2.970542635658915,816,816,0,📈 APPROACHING,True,0,🔒 NO OVERTAKE OPPORTUNITY,success
1662,940,498,118,74,8732,8813.6,2.970542635658915,0,816,0,➡️ STEADY,True,0,🔒 NO OVERTAKE OPPORTUNITY,success
1663,935,498,118,74,8732,8813.6,2.970542635658915,0,816,0,➡️ STEADY,True,0,🔒 NO OVERTAKE OPPORTUNITY,success
1664,934,498,118,74,8732,8813.6,2.970542635658915,0,816,0,➡️ STEADY,True,0,🔒 NO OVERTAKE OPPORTUNITY,success
1665,932,498,118,74,8732,8813.6,2.970542635658915,0,816,0,➡️ STEADY,True,0,🔒 NO OVERTAKE OPPORTUNITY,success
1666,927,499,118,74,8732,8813.6,2.970542635658915,-816,0,0,📉 MOVING AWAY,False,0,🔒 NO OVERTAKE OPPORTUNITY,success
1667,928,498,118,74,8732,8813.6,2.970542635658915,0,0,0,➡️ STEADY,False,0,🔒 NO OVERTAKE OPPORTUNITY,success
1668,923,499,118,74,8732,8813.6,2.970542635658915,0,0,0,➡️ STEADY,False,0,🔒 NO OVERTAKE OPPORTUNITY,success
1669,923,499,118,74,8732,8813.6,2.970542635658915,0,0,0,➡️ STEADY,False,0,🔒 NO OVERTAKE OPPORTUNITY,success
1670,920,498,118,74,8732,8813.6,2.970542635658915,0,0,0,➡️ STEADY,False,0,🔒 NO OVERTAKE OPPORTUNITY,success
1671,922,499,112,70,7840,8642.8,2.9129760701044822,-892,0,0,📉 MOVING AWAY,False,0,🔒 NO OVERTAKE OPPORTUNITY,success
1672,918,498,112,70,7840,8553.6,2.882912032355915,-892,0,0,📉 MOVING AWAY,False,0,🔒 NO OVERTAKE OPPORTUNITY,success
1673,915,495,118,74,8732,8553.6,2.882912032355915,0,0,0,➡️ STEADY,False,0,🔒 NO OVERTAKE OPPORTUNITY,success
1674,914,495,118,74,8732,8553.6,2.882912032355915,0,0,0,➡️ STEADY,False,0,🔒 NO OVERTAKE OPPORTUNITY,success
1675,912,495,118,74,8732,8553.6,2.882912032355915,0,0,0,➡️ STEADY,False,0,🔒 NO OVERTAKE OPPORTUNITY,success
1676,910,494,118,74,8732,8553.6,2.882912032355915,892,892,0,📈 APPROACHING,True,0,🔒 NO OVERTAKE OPPORTUNITY,success
1677,908,495,118,74,8732,8553.6,2.882912032355915,892,892,1,📈 APPROACHING,True,0,🔒 NO OVERTAKE OPPORTUNITY,success
1678,904,495,118,74,8732,8553.6,2.882912032355915,0,892,1,➡️ STEADY,True,0,🔒 NO OVERTAKE OPPORTUNITY,success
1679,904,497,112,70,7840,8464.4,2.8528479946073473,-892,0,0,📉 MOVING AWAY,False,0,🔒 NO OVERTAKE OPPORTUNITY,success
1680,902,498,112,70,7840,8375.2,2.82278395685878,-892,0,0,📉 MOVING AWAY,False,0,🔒 NO OVERTAKE OPPORTUNITY,success
1681,897,498,112,70,7840,8375.2,2.82278395685878,-892,0,0,📉 MOVING AWAY,False,0,🔒 NO OVERTAKE OPPORTUNITY,success
1682,897,499,112,70,7840,8375.2,2.82278395685878,-892,0,0,📉 MOVING AWAY,False,0,🔒 NO OVERTAKE OPPORTUNITY,success
1683,892,499,112,70,7840,8286.0,2.7927199191102123,-892,0,0,📉 MOVING AWAY,False,0,🔒 NO OVERTAKE OPPORTUNITY,success
1684,890,499,112,70,7840,8196.8,2.7626558813616446,0,0,0,➡️ STEADY,False,0,🔒 NO OVERTAKE OPPORTUNITY,success
1685,890,498,112,70,7840,8107.6,2.7325918436130774,0,0,0,➡️ STEADY,False,0,🔒 NO OVERTAKE OPPORTUNITY,success
1686,884,498,112,70,7840,8018.4,2.7025278058645097,0,0,0,➡️ STEADY,False,0,🔒 NO OVERTAKE OPPORTUNITY,success
1687,884,498,112,70,7840,7929.2,2.672463768115942,0,0,0,➡️ STEADY,False,0,🔒 NO OVERTAKE OPPORTUNITY,success
1688,880,496,107,67,7169,7772.9,2.6197842938995617,-671,0,0,📉 MOVING AWAY,False,0,🔒 NO OVERTAKE OPPORTUNITY,success
1689,878,496,107,67,7169,7705.8,2.5971688574317495,-671,0,0,📉 MOVING AWAY,False,0,🔒 NO OVERTAKE OPPORTUNITY,success
1690,874,495,107,67,7169,7638.7,2.5745534209639365,-671,0,0,📉 MOVING AWAY,False,0,🔒 NO OVERTAKE OPPORTUNITY,success
1691,871,492,107,67,7169,7571.6,2.5519379844961243,-671,0,0,📉 MOVING AWAY,False,0,🔒 NO OVERTAKE OPPORTUNITY,success
1692,867,491,107,67,7169,7504.5,2.5293225480283112,-671,0,0,📉 MOVING AWAY,False,0,🔒 NO OVERTAKE OPPORTUNITY,success
1693,864,490,102,64,6528,7373.3,2.4851027974384903,-641,0,0,📉 MOVING AWAY,False,0,🔒 NO OVERTAKE OPPORTUNITY,success
1694,861,487,102,64,6528,7242.1,2.440883046848669,-641,0,0,📉 MOVING AWAY,False,0,🔒 NO OVERTAKE OPPORTUNITY,success
1695,858,487,102,64,6528,7110.9,2.396663296258847,-641,0,0,📉 MOVING AWAY,False,0,🔒 NO OVERTAKE OPPORTUNITY,success
1696,851,483,102,64,6528,6979.7,2.352443545669026,-641,0,0,📉 MOVING AWAY,False,0,🔒 NO OVERTAKE OPPORTUNITY,success
1697,849,483,102,64,6528,6848.5,2.3082237950792046,-641,0,0,📉 MOVING AWAY,False,0,🔒 NO OVERTAKE OPPORTUNITY,success
1698,842,479,102,64,6528,6784.4,2.286619480957196,0,0,0,➡️ STEADY,False,0,🔒 NO OVERTAKE OPPORTUNITY,success
1699,838,476,102,64,6528,6720.3,2.265015166835187,0,0,0,➡️ STEADY,False,0,🔒 NO OVERTAKE OPPORTUNITY,success
1700,837,476,102,64,6528,6656.2,2.243410852713178,0,0,0,➡️ STEADY,False,0,🔒 NO OVERTAKE OPPORTUNITY,success
1701,830,473,102,64,6528,6592.1,2.22180653859117,0,0,0,➡️ STEADY,False,0,🔒 NO OVERTAKE OPPORTUNITY,success
1702,828,472,102,64,6528,6528.0,2.2002022244691606,0,0,0,➡️ STEADY,False,0,🔒 NO OVERTAKE OPPORTUNITY,success
1703,822,470,102,64,6528,6528.0,2.2002022244691606,0,0,0,➡️ STEADY,False,0,🔒 NO OVERTAKE OPPORTUNITY,success
1704,817,468,102,64,6528,6528.0,2.2002022244691606,0,0,0,➡️ STEADY,False,0,🔒 NO OVERTAKE OPPORTUNITY,success
1705,815,468,102,64,6528,6528.0,2.2002022244691606,0,0,0,➡️ STEADY,False,0,🔒 NO OVERTAKE OPPORTUNITY,success
1706,807,466,102,64,6528,6528.0,2.2002022244691606,0,0,0,➡️ STEADY,False,0,🔒 NO OVERTAKE OPPORTUNITY,success
1707,806,468,97,61,5917,6466.9,2.1796090326929556,-611,0,0,📉 MOVING AWAY,False,0,🔒 NO OVERTAKE OPPORTUNITY,success
1708,800,467,97,61,5917,6405.8,2.159015840916751,-611,0,0,📉 MOVING AWAY,False,0,🔒 NO OVERTAKE OPPORTUNITY,success
1709,795,467,97,61,5917,6344.7,2.138422649140546,-611,0,0,📉 MOVING AWAY,False,0,🔒 NO OVERTAKE OPPORTUNITY,success
1710,794,467,97,61,5917,6283.6,2.117829457364341,-611,0,0,📉 MOVING AWAY,False,0,🔒 NO OVERTAKE OPPORTUNITY,success
1711,784,467,102,64,6528,6283.6,2.117829457364341,0,0,0,➡️ STEADY,False,0,🔒 NO OVERTAKE OPPORTUNITY,success
1712,781,468,102,64,6528,6283.6,2.117829457364341,611,611,0,📈 APPROACHING,True,0,🔒 NO OVERTAKE OPPORTUNITY,success
1713,774,469,102,64,6528,6283.6,2.117829457364341,611,611,1,📈 APPROACHING,True,0,🔒 NO OVERTAKE OPPORTUNITY,success
1714,773,472,97,61,5917,6222.5,2.097236265588136,0,611,1,➡️ STEADY,True,0,🔒 NO OVERTAKE OPPORTUNITY,success
1715,771,473,97,61,5917,6161.4,2.076643073811931,0,611,1,➡️ STEADY,True,0,🔒 NO OVERTAKE OPPORTUNITY,success
1716,763,475,102,64,6528,6161.4,2.076643073811931,0,611,1,➡️ STEADY,True,0,🔒 NO OVERTAKE OPPORTUNITY,success
1717,759,476,102,64,6528,6222.5,2.097236265588136,0,611,1,➡️ STEADY,True,0,🔒 NO OVERTAKE OPPORTUNITY,success
1718,751,478,102,64,6528,6283.6,2.117829457364341,0,611,1,➡️ STEADY,True,0,🔒 NO OVERTAKE OPPORTUNITY,success
1719,749,479,102,64,6528,6344.7,2.138422649140546,611,611,7,📈 APPROACHING,True,0,🔒 NO OVERTAKE OPPORTUNITY,success
1720,744,481,102,64,6528,6405.8,2.159015840916751,611,611,8,📈 APPROACHING,True,0,🔒 NO OVERTAKE OPPORTUNITY,success
1721,738,483,102,64,6528,6405.8,2.159015840916751,0,611,8,➡️ STEADY,True,0,🔒 NO OVERTAKE OPPORTUNITY,success
1722,735,484,102,64,6528,6405.8,2.159015840916751,0,611,8,➡️ STEADY,True,0,🔒 NO OVERTAKE OPPORTUNITY,success
1723,730,486,102,64,6528,6405.8,2.159015840916751,0,611,8,➡️ STEADY,True,0,🔒 NO OVERTAKE OPPORTUNITY,success
1724,725,488,102,64,6528,6466.9,2.1796090326929556,0,611,8,➡️ STEADY,True,0,🔒 NO OVERTAKE OPPORTUNITY,success
1725,723,489,102,64,6528,6528.0,2.2002022244691606,0,611,8,➡️ STEADY,True,0,🔒 NO OVERTAKE OPPORTUNITY,success
1726,718,490,102,64,6528,6528.0,2.2002022244691606,0,611,8,➡️ STEADY,True,0,🔒 NO OVERTAKE OPPORTUNITY,success
1727,713,491,102,64,6528,6528.0,2.2002022244691606,0,611,8,➡️ STEADY,True,0,🔒 NO OVERTAKE OPPORTUNITY,success
1728,709,492,102,64,6528,6528.0,2.2002022244691606,0,611,8,➡️ STEADY,True,0,🔒 NO OVERTAKE OPPORTUNITY,success
1729,707,492,102,64,6528,6528.0,2.2002022244691606,0,611,8,➡️ STEADY,True,0,🔒 NO OVERTAKE OPPORTUNITY,success
1730,705,491,102,64,6528,6528.0,2.2002022244691606,0,611,8,➡️ STEADY,True,0,🔒 NO OVERTAKE OPPORTUNITY,success
1731,701,489,102,64,6528,6528.0,2.2002022244691606,0,611,8,➡️ STEADY,True,0,🔒 NO OVERTAKE OPPORTUNITY,success
1732,699,489,102,64,6528,6528.0,2.2002022244691606,0,611,8,➡️ STEADY,True,0,🔒 NO OVERTAKE OPPORTUNITY,success
1733,696,488,102,64,6528,6528.0,2.2002022244691606,0,611,8,➡️ STEADY,True,0,🔒 NO OVERTAKE OPPORTUNITY,success
1734,694,488,102,64,6528,6528.0,2.2002022244691606,0,611,8,➡️ STEADY,True,0,🔒 NO OVERTAKE OPPORTUNITY,success
1735,693,487,102,64,6528,6528.0,2.2002022244691606,0,611,8,➡️ STEADY,True,0,🔒 NO OVERTAKE OPPORTUNITY,success
1736,689,483,102,64,6528,6528.0,2.2002022244691606,0,611,8,➡️ STEADY,True,0,🔒 NO OVERTAKE OPPORTUNITY,success
1737,687,483,102,64,6528,6528.0,2.2002022244691606,0,611,8,➡️ STEADY,True,0,🔒 NO OVERTAKE OPPORTUNITY,success
1738,686,481,102,64,6528,6528.0,2.2002022244691606,0,611,8,➡️ STEADY,True,0,🔒 NO OVERTAKE OPPORTUNITY,success
1739,683,479,107,67,7169,6592.1,2.22180653859117,641,641,27,📈 APPROACHING,True,0,🔒 NO OVERTAKE OPPORTUNITY,success
1740,684,480,102,64,6528,6592.1,2.22180653859117,0,641,27,➡️ STEADY,True,0,🔒 NO OVERTAKE OPPORTUNITY,success
1741,683,476,102,64,6528,6592.1,2.22180653859117,0,641,27,➡️ STEADY,True,0,🔒 NO OVERTAKE OPPORTUNITY,success
1742,678,475,107,67,7169,6656.2,2.243410852713178,641,641,30,📈 APPROACHING,True,0,🔒 NO OVERTAKE OPPORTUNITY,success
1743,680,474,107,67,7169,6720.3,2.265015166835187,641,641,31,📈 APPROACHING,True,0,🔒 NO OVERTAKE OPPORTUNITY,success
1744,680,474,107,67,7169,6784.4,2.286619480957196,0,641,31,➡️ STEADY,True,0,🔒 NO OVERTAKE OPPORTUNITY,success
1745,679,473,107,67,7169,6848.5,2.3082237950792046,641,641,33,📈 APPROACHING,True,0,🔒 NO OVERTAKE OPPORTUNITY,success
1746,678,473,107,67,7169,6912.6,2.3298281092012134,641,641,34,📈 APPROACHING,True,0,🔒 NO OVERTAKE OPPORTUNITY,success
1747,677,473,107,67,7169,6976.7,2.351432423323222,0,641,34,➡️ STEADY,True,0,🔒 NO OVERTAKE OPPORTUNITY,success
1748,675,474,107,67,7169,7040.8,2.373036737445231,0,641,34,➡️ STEADY,True,0,🔒 NO OVERTAKE OPPORTUNITY,success
1749,673,474,107,67,7169,7040.8,2.373036737445231,0,641,34,➡️ STEADY,True,0,🔒 NO OVERTAKE OPPORTUNITY,success
1750,673,475,107,67,7169,7104.9,2.3946410515672394,0,641,34,➡️ STEADY,True,0,🔒 NO OVERTAKE OPPORTUNITY,success
1751,669,474,112,70,7840,7236.1,2.4388608021570612,671,671,39,📈 APPROACHING,True,0,🔒 NO OVERTAKE OPPORTUNITY,success
1752,671,476,112,70,7840,7303.2,2.4614762386248734,671,671,40,📈 APPROACHING,True,0,🔒 NO OVERTAKE OPPORTUNITY,success
1753,674,480,107,67,7169,7303.2,2.4614762386248734,0,671,40,➡️ STEADY,True,0,🔒 NO OVERTAKE OPPORTUNITY,success
1754,672,480,107,67,7169,7303.2,2.4614762386248734,0,671,40,➡️ STEADY,True,0,🔒 NO OVERTAKE OPPORTUNITY,success
1755,672,481,107,67,7169,7303.2,2.4614762386248734,0,671,40,➡️ STEADY,True,0,🔒 NO OVERTAKE OPPORTUNITY,success
1756,673,482,107,67,7169,7303.2,2.4614762386248734,-671,0,0,📉 MOVING AWAY,False,0,🔒 NO OVERTAKE OPPORTUNITY,success
1757,670,481,112,70,7840,7370.3,2.4840916750926865,0,0,0,➡️ STEADY,False,0,🔒 NO OVERTAKE OPPORTUNITY,success
1758,674,484,112,70,7840,7437.4,2.5067071115604986,671,671,0,📈 APPROACHING,True,0,🔒 NO OVERTAKE OPPORTUNITY,success
1759,677,487,107,67,7169,7437.4,2.5067071115604986,0,671,0,➡️ STEADY,True,0,🔒 NO OVERTAKE OPPORTUNITY,success
1760,676,487,107,67,7169,7437.4,2.5067071115604986,0,671,0,➡️ STEADY,True,0,🔒 NO OVERTAKE OPPORTUNITY,success
1761,675,486,112,70,7840,7437.4,2.5067071115604986,671,671,3,📈 APPROACHING,True,0,🔒 NO OVERTAKE OPPORTUNITY,success
1762,680,489,107,67,7169,7370.3,2.4840916750926865,-671,0,0,📉 MOVING AWAY,False,0,🔒 NO OVERTAKE OPPORTUNITY,success
1763,681,489,107,67,7169,7370.3,2.4840916750926865,-671,0,0,📉 MOVING AWAY,False,0,🔒 NO OVERTAKE OPPORTUNITY,success
1764,681,490,107,67,7169,7370.3,2.4840916750926865,0,0,0,➡️ STEADY,False,0,🔒 NO OVERTAKE OPPORTUNITY,success
1765,683,491,107,67,7169,7370.3,2.4840916750926865,0,0,0,➡️ STEADY,False,0,🔒 NO OVERTAKE OPPORTUNITY,success
1766,685,492,107,67,7169,7370.3,2.4840916750926865,-671,0,0,📉 MOVING AWAY,False,0,🔒 NO OVERTAKE OPPORTUNITY,success
1767,687,493,107,67,7169,7303.2,2.4614762386248734,0,0,0,➡️ STEADY,False,0,🔒 NO OVERTAKE OPPORTUNITY,success
1768,688,494,107,67,7169,7236.1,2.4388608021570612,0,0,0,➡️ STEADY,False,0,🔒 NO OVERTAKE OPPORTUNITY,success
1769,690,494,107,67,7169,7236.1,2.4388608021570612,0,0,0,➡️ STEADY,False,0,🔒 NO OVERTAKE OPPORTUNITY,success
1770,691,495,107,67,7169,7236.1,2.4388608021570612,0,0,0,➡️ STEADY,False,0,🔒 NO OVERTAKE OPPORTUNITY,success
1771,693,495,107,67,7169,7169.0,2.416245365689248,0,0,0,➡️ STEADY,False,0,🔒 NO OVERTAKE OPPORTUNITY,success
1772,694,496,107,67,7169,7169.0,2.416245365689248,0,0,0,➡️ STEADY,False,0,🔒 NO OVERTAKE OPPORTUNITY,success
1773,697,496,107,67,7169,7169.0,2.416245365689248,0,0,0,➡️ STEADY,False,0,🔒 NO OVERTAKE OPPORTUNITY,success
1774,698,497,107,67,7169,7169.0,2.416245365689248,0,0,0,➡️ STEADY,False,0,🔒 NO OVERTAKE OPPORTUNITY,success
1775,700,497,107,67,7169,7169.0,2.416245365689248,0,0,0,➡️ STEADY,False,0,🔒 NO OVERTAKE OPPORTUNITY,success
1776,705,500,102,64,6528,7104.9,2.3946410515672394,-641,0,0,📉 MOVING AWAY,False,0,🔒 NO OVERTAKE OPPORTUNITY,success
1777,706,500,102,64,6528,7040.8,2.373036737445231,-641,0,0,📉 MOVING AWAY,False,0,🔒 NO OVERTAKE OPPORTUNITY,success
1778,710,499,102,64,6528,6976.7,2.351432423323222,-641,0,0,📉 MOVING AWAY,False,0,🔒 NO OVERTAKE OPPORTUNITY,success
1779,711,499,102,64,6528,6912.6,2.3298281092012134,-641,0,0,📉 MOVING AWAY,False,0,🔒 NO OVERTAKE OPPORTUNITY,success
1780,712,500,102,64,6528,6848.5,2.3082237950792046,-641,0,0,📉 MOVING AWAY,False,0,🔒 NO OVERTAKE OPPORTUNITY,success
1781,715,500,102,64,6528,6784.4,2.286619480957196,0,0,0,➡️ STEADY,False,0,🔒 NO OVERTAKE OPPORTUNITY,success
1782,716,500,102,64,6528,6720.3,2.265015166835187,0,0,0,➡️ STEADY,False,0,🔒 NO OVERTAKE OPPORTUNITY,success
1783,720,501,102,64,6528,6656.2,2.243410852713178,0,0,0,➡️ STEADY,False,0,🔒 NO OVERTAKE OPPORTUNITY,success
1784,724,503,97,61,5917,6531.0,2.2012133468149644,-611,0,0,📉 MOVING AWAY,False,0,🔒 NO OVERTAKE OPPORTUNITY,success
1785,725,503,97,61,5917,6405.8,2.159015840916751,-611,0,0,📉 MOVING AWAY,False,0,🔒 NO OVERTAKE OPPORTUNITY,success
1786,730,503,97,61,5917,6344.7,2.138422649140546,-611,0,0,📉 MOVING AWAY,False,0,🔒 NO OVERTAKE OPPORTUNITY,success
1787,737,504,92,58,5336,6225.5,2.09824738793394,-1192,0,0,📉 MOVING AWAY,False,0,🔒 NO OVERTAKE OPPORTUNITY,success
1788,738,500,97,61,5917,6164.4,2.077654196157735,-611,0,0,📉 MOVING AWAY,False,0,🔒 NO OVERTAKE OPPORTUNITY,success
1789,740,500,97,61,5917,6103.3,2.0570610043815303,0,0,0,➡️ STEADY,False,0,🔒 NO OVERTAKE OPPORTUNITY,success
1790,746,500,97,61,5917,6042.2,2.0364678126053253,0,0,0,➡️ STEADY,False,0,🔒 NO OVERTAKE OPPORTUNITY,success
1791,752,500,97,61,5917,5981.1,2.0158746208291203,0,0,0,➡️ STEADY,False,0,🔒 NO OVERTAKE OPPORTUNITY,success
1792,755,501,92,58,5336,5861.9,1.9756993596225143,0,0,0,➡️ STEADY,False,0,🔒 NO OVERTAKE OPPORTUNITY,success
1793,760,502,92,58,5336,5742.7,1.9355240984159083,-581,0,0,📉 MOVING AWAY,False,0,🔒 NO OVERTAKE OPPORTUNITY,success
1794,766,503,92,58,5336,5684.6,1.9159420289855074,-581,0,0,📉 MOVING AWAY,False,0,🔒 NO OVERTAKE OPPORTUNITY,success
1795,767,504,92,58,5336,5626.5,1.8963599595551062,-581,0,0,📉 MOVING AWAY,False,0,🔒 NO OVERTAKE OPPORTUNITY,success
1796,775,509,92,58,5336,5568.4,1.876777890124705,-581,0,0,📉 MOVING AWAY,False,0,🔒 NO OVERTAKE OPPORTUNITY,success
1797,777,509,92,58,5336,5568.4,1.876777890124705,0,0,0,➡️ STEADY,False,0,🔒 NO OVERTAKE OPPORTUNITY,success
1798,782,510,92,58,5336,5510.3,1.857195820694304,0,0,0,➡️ STEADY,False,0,🔒 NO OVERTAKE OPPORTUNITY,success
1799,788,511,92,58,5336,5452.2,1.8376137512639028,0,0,0,➡️ STEADY,False,0,🔒 NO OVERTAKE OPPORTUNITY,success
1800,788,512,92,58,5336,5394.1,1.818031681833502,0,0,0,➡️ STEADY,False,0,🔒 NO OVERTAKE OPPORTUNITY,success
1801,797,513,92,58,5336,5336.0,1.7984496124031009,0,0,0,➡️ STEADY,False,0,🔒 NO OVERTAKE OPPORTUNITY,success
1802,798,513,92,58,5336,5336.0,1.7984496124031009,0,0,0,➡️ STEADY,False,0,🔒 NO OVERTAKE OPPORTUNITY,success
1803,804,514,92,58,5336,5336.0,1.7984496124031009,0,0,0,➡️ STEADY,False,0,🔒 NO OVERTAKE OPPORTUNITY,success
1804,807,516,88,55,4840,5286.4,1.7817323896191437,-496,0,0,📉 MOVING AWAY,False,0,🔒 NO OVERTAKE OPPORTUNITY,success
1805,810,516,88,55,4840,5236.8,1.7650151668351872,-496,0,0,📉 MOVING AWAY,False,0,🔒 NO OVERTAKE OPPORTUNITY,success
1806,815,516,88,55,4840,5187.2,1.74829794405123,-496,0,0,📉 MOVING AWAY,False,0,🔒 NO OVERTAKE OPPORTUNITY,success
1807,819,516,88,55,4840,5137.6,1.7315807212672734,-496,0,0,📉 MOVING AWAY,False,0,🔒 NO OVERTAKE OPPORTUNITY,success
1808,821,517,88,55,4840,5088.0,1.7148634984833164,-496,0,0,📉 MOVING AWAY,False,0,🔒 NO OVERTAKE OPPORTUNITY,success
1809,826,517,88,55,4840,5038.4,1.6981462756993595,0,0,0,➡️ STEADY,False,0,🔒 NO OVERTAKE OPPORTUNITY,success
1810,826,517,88,55,4840,4988.8,1.6814290529154028,0,0,0,➡️ STEADY,False,0,🔒 NO OVERTAKE OPPORTUNITY,success
1811,834,516,88,55,4840,4939.2,1.6647118301314459,0,0,0,➡️ STEADY,False,0,🔒 NO OVERTAKE OPPORTUNITY,success
1812,836,515,88,55,4840,4889.6,1.6479946073474891,0,0,0,➡️ STEADY,False,0,🔒 NO OVERTAKE OPPORTUNITY,success
1813,841,515,88,55,4840,4840.0,1.6312773845635322,0,0,0,➡️ STEADY,False,0,🔒 NO OVERTAKE OPPORTUNITY,success
1814,846,514,88,55,4840,4840.0,1.6312773845635322,0,0,0,➡️ STEADY,False,0,🔒 NO OVERTAKE OPPORTUNITY,success
1815,848,514,88,55,4840,4840.0,1.6312773845635322,0,0,0,➡️ STEADY,False,0,🔒 NO OVERTAKE OPPORTUNITY,success
1816,853,514,88,55,4840,4840.0,1.6312773845635322,0,0,0,➡️ STEADY,False,0,🔒 NO OVERTAKE OPPORTUNITY,success
1817,857,513,88,55,4840,4840.0,1.6312773845635322,0,0,0,➡️ STEADY,False,0,🔒 NO OVERTAKE OPPORTUNITY,success
1818,861,513,88,55,4840,4840.0,1.6312773845635322,0,0,0,➡️ STEADY,False,0,🔒 NO OVERTAKE OPPORTUNITY,success
1819,863,513,88,55,4840,4840.0,1.6312773845635322,0,0,0,➡️ STEADY,False,0,🔒 NO OVERTAKE OPPORTUNITY,success
1820,866,515,84,52,4368,4792.8,1.6153690596562185,-472,0,0,📉 MOVING AWAY,False,0,🔒 NO OVERTAKE OPPORTUNITY,success
1821,870,514,84,52,4368,4745.6,1.5994607347489047,-472,0,0,📉 MOVING AWAY,False,0,🔒 NO OVERTAKE OPPORTUNITY,success
1822,871,514,84,52,4368,4698.4,1.5835524098415907,-472,0,0,📉 MOVING AWAY,False,0,🔒 NO OVERTAKE OPPORTUNITY,success
1823,875,513,84,52,4368,4651.2,1.567644084934277,-472,0,0,📉 MOVING AWAY,False,0,🔒 NO OVERTAKE OPPORTUNITY,success
1824,876,513,84,52,4368,4604.0,1.5517357600269632,-472,0,0,📉 MOVING AWAY,False,0,🔒 NO OVERTAKE OPPORTUNITY,success
1825,879,512,84,52,4368,4556.8,1.5358274351196495,0,0,0,➡️ STEADY,False,0,🔒 NO OVERTAKE OPPORTUNITY,success
1826,881,512,84,52,4368,4509.6,1.5199191102123357,0,0,0,➡️ STEADY,False,0,🔒 NO OVERTAKE OPPORTUNITY,success
1827,882,512,84,52,4368,4462.4,1.5040107853050217,0,0,0,➡️ STEADY,False,0,🔒 NO OVERTAKE OPPORTUNITY,success
1828,882,512,84,52,4368,4415.2,1.488102460397708,0,0,0,➡️ STEADY,False,0,🔒 NO OVERTAKE OPPORTUNITY,success
1829,884,513,80,50,4000,4331.2,1.4597910347152006,-368,0,0,📉 MOVING AWAY,False,0,🔒 NO OVERTAKE OPPORTUNITY,success
1830,884,513,80,50,4000,4294.4,1.4473879339400066,-368,0,0,📉 MOVING AWAY,False,0,🔒 NO OVERTAKE OPPORTUNITY,success
1831,886,514,76,47,3572,4214.8,1.4205594876980114,-796,0,0,📉 MOVING AWAY,False,0,🔒 NO OVERTAKE OPPORTUNITY,success
1832,886,514,76,47,3572,4135.2,1.393731041456016,-796,0,0,📉 MOVING AWAY,False,0,🔒 NO OVERTAKE OPPORTUNITY,success
1833,886,514,76,47,3572,4055.6,1.3669025952140208,-796,0,0,📉 MOVING AWAY,False,0,🔒 NO OVERTAKE OPPORTUNITY,success
1834,887,514,76,47,3572,3976.0,1.3400741489720256,-428,0,0,📉 MOVING AWAY,False,0,🔒 NO OVERTAKE OPPORTUNITY,success
1835,887,514,76,47,3572,3896.4,1.3132457027300304,-428,0,0,📉 MOVING AWAY,False,0,🔒 NO OVERTAKE OPPORTUNITY,success
1836,887,514,76,47,3572,3816.8,1.2864172564880352,0,0,0,➡️ STEADY,False,0,🔒 NO OVERTAKE OPPORTUNITY,success
1837,886,514,76,47,3572,3737.2,1.2595888102460397,0,0,0,➡️ STEADY,False,0,🔒 NO OVERTAKE OPPORTUNITY,success
1838,886,513,76,47,3572,3657.6,1.2327603640040445,0,0,0,➡️ STEADY,False,0,🔒 NO OVERTAKE OPPORTUNITY,success
1839,887,514,72,45,3240,3581.6,1.2071452645770138,-332,0,0,📉 MOVING AWAY,False,0,🔒 NO OVERTAKE OPPORTUNITY,success
1840,885,513,76,47,3572,3538.8,1.1927199191102125,0,0,0,➡️ STEADY,False,0,🔒 NO OVERTAKE OPPORTUNITY,success
1841,886,513,72,45,3240,3505.6,1.1815301651499832,-332,0,0,📉 MOVING AWAY,False,0,🔒 NO OVERTAKE OPPORTUNITY,success
1842,886,513,72,45,3240,3472.4,1.170340411189754,-332,0,0,📉 MOVING AWAY,False,0,🔒 NO OVERTAKE OPPORTUNITY,success
1843,885,513,72,45,3240,3439.2,1.1591506572295247,-332,0,0,📉 MOVING AWAY,False,0,🔒 NO OVERTAKE OPPORTUNITY,success
1844,885,513,72,45,3240,3406.0,1.1479609032692957,0,0,0,➡️ STEADY,False,0,🔒 NO OVERTAKE OPPORTUNITY,success
1845,886,513,69,43,2967,3345.5,1.1275699359622515,-605,0,0,📉 MOVING AWAY,False,0,🔒 NO OVERTAKE OPPORTUNITY,success
1846,886,513,69,43,2967,3285.0,1.1071789686552074,-273,0,0,📉 MOVING AWAY,False,0,🔒 NO OVERTAKE OPPORTUNITY,success
1847,885,513,69,43,2967,3224.5,1.0867880013481632,-273,0,0,📉 MOVING AWAY,False,0,🔒 NO OVERTAKE OPPORTUNITY,success
1848,885,512,69,43,2967,3164.0,1.066397034041119,-273,0,0,📉 MOVING AWAY,False,0,🔒 NO OVERTAKE OPPORTUNITY,success
1849,885,512,69,43,2967,3136.7,1.057195820694304,-273,0,0,📉 MOVING AWAY,False,0,🔒 NO OVERTAKE OPPORTUNITY,success
1850,885,512,69,43,2967,3076.2,1.0368048533872598,0,0,0,➡️ STEADY,False,0,🔒 NO OVERTAKE OPPORTUNITY,success
1851,885,513,66,41,2706,3022.8,1.0188068756319515,-261,0,0,📉 MOVING AWAY,False,0,🔒 NO OVERTAKE OPPORTUNITY,success
1852,884,513,69,43,2967,2995.5,1.0096056622851366,0,0,0,➡️ STEADY,False,0,🔒 NO OVERTAKE OPPORTUNITY,success
1853,884,513,66,41,2706,2942.1,0.9916076845298281,-261,0,0,📉 MOVING AWAY,False,0,🔒 NO OVERTAKE OPPORTUNITY,success
1854,883,512,69,43,2967,2914.8,0.9824064711830132,0,0,0,➡️ STEADY,False,0,🔒 NO OVERTAKE OPPORTUNITY,success
1855,882,512,69,43,2967,2914.8,0.9824064711830132,0,0,0,➡️ STEADY,False,0,🔒 NO OVERTAKE OPPORTUNITY,success
1856,881,513,66,41,2706,2888.7,0.9736097067745196,0,0,0,➡️ STEADY,False,0,🔒 NO OVERTAKE OPPORTUNITY,success
1857,882,513,66,41,2706,2862.6,0.9648129423660262,-261,0,0,📉 MOVING AWAY,False,0,🔒 NO OVERTAKE OPPORTUNITY,success
1858,881,513,66,41,2706,2836.5,0.9560161779575329,0,0,0,➡️ STEADY,False,0,🔒 NO OVERTAKE OPPORTUNITY,success
1859,880,513,66,41,2706,2810.4,0.9472194135490395,-261,0,0,📉 MOVING AWAY,False,0,🔒 NO OVERTAKE OPPORTUNITY,success
1860,880,513,66,41,2706,2784.3,0.9384226491405461,-261,0,0,📉 MOVING AWAY,False,0,🔒 NO OVERTAKE OPPORTUNITY,success
1861,880,513,66,41,2706,2784.3,0.9384226491405461,0,0,0,➡️ STEADY,False,0,🔒 NO OVERTAKE OPPORTUNITY,success
1862,879,512,66,41,2706,2758.2,0.9296258847320525,0,0,0,➡️ STEADY,False,0,🔒 NO OVERTAKE OPPORTUNITY,success
1863,878,512,66,41,2706,2758.2,0.9296258847320525,0,0,0,➡️ STEADY,False,0,🔒 NO OVERTAKE OPPORTUNITY,success
1864,878,512,66,41,2706,2732.1,0.9208291203235591,0,0,0,➡️ STEADY,False,0,🔒 NO OVERTAKE OPPORTUNITY,success
1865,878,512,66,41,2706,2706.0,0.9120323559150657,0,0,0,➡️ STEADY,False,0,🔒 NO OVERTAKE OPPORTUNITY,success
1866,876,511,69,43,2967,2732.1,0.9208291203235591,261,261,0,📈 APPROACHING,True,0,🔒 NO OVERTAKE OPPORTUNITY,success
1867,877,511,66,41,2706,2732.1,0.9208291203235591,0,261,0,➡️ STEADY,True,0,🔒 NO OVERTAKE OPPORTUNITY,success
1868,877,510,66,41,2706,2732.1,0.9208291203235591,0,261,0,➡️ STEADY,True,0,🔒 NO OVERTAKE OPPORTUNITY,success
1869,877,511,66,41,2706,2732.1,0.9208291203235591,0,261,0,➡️ STEADY,True,0,🔒 NO OVERTAKE OPPORTUNITY,success
1870,876,511,66,41,2706,2732.1,0.9208291203235591,0,261,0,➡️ STEADY,True,0,🔒 NO OVERTAKE OPPORTUNITY,success
1871,876,510,66,41,2706,2732.1,0.9208291203235591,-261,0,0,📉 MOVING AWAY,False,0,🔒 NO OVERTAKE OPPORTUNITY,success
1872,878,511,63,39,2457,2707.2,0.9124368048533872,-249,0,0,📉 MOVING AWAY,False,0,🔒 NO OVERTAKE OPPORTUNITY,success
1873,876,510,66,41,2706,2707.2,0.9124368048533872,0,0,0,➡️ STEADY,False,0,🔒 NO OVERTAKE OPPORTUNITY,success
1874,876,510,66,41,2706,2707.2,0.9124368048533872,0,0,0,➡️ STEADY,False,0,🔒 NO OVERTAKE OPPORTUNITY,success
1875,877,509,66,41,2706,2707.2,0.9124368048533872,0,0,0,➡️ STEADY,False,0,🔒 NO OVERTAKE OPPORTUNITY,success
1876,876,509,66,41,2706,2681.1,0.9036400404448938,0,0,0,➡️ STEADY,False,0,🔒 NO OVERTAKE OPPORTUNITY,success
1877,878,509,63,39,2457,2656.2,0.8952477249747218,0,0,0,➡️ STEADY,False,0,🔒 NO OVERTAKE OPPORTUNITY,success
1878,877,509,63,39,2457,2631.3,0.8868554095045501,-249,0,0,📉 MOVING AWAY,False,0,🔒 NO OVERTAKE OPPORTUNITY,success
1879,879,509,60,37,2220,2582.7,0.8704752275025277,-486,0,0,📉 MOVING AWAY,False,0,🔒 NO OVERTAKE OPPORTUNITY,success
1880,881,510,57,35,1995,2511.6,0.8465116279069768,-711,0,0,📉 MOVING AWAY,False,0,🔒 NO OVERTAKE OPPORTUNITY,success
1881,880,508,60,37,2220,2463.0,0.8301314459049545,-486,0,0,📉 MOVING AWAY,False,0,🔒 NO OVERTAKE OPPORTUNITY,success
1882,878,507,63,39,2457,2463.0,0.8301314459049545,0,0,0,➡️ STEADY,False,0,🔒 NO OVERTAKE OPPORTUNITY,success
1883,879,507,63,39,2457,2438.1,0.8217391304347825,0,0,0,➡️ STEADY,False,0,🔒 NO OVERTAKE OPPORTUNITY,success
1884,878,507,63,39,2457,2413.2,0.8133468149646107,237,237,0,📈 APPROACHING,True,0,🔒 NO OVERTAKE OPPORTUNITY,success
1885,879,507,63,39,2457,2388.3,0.8049544994944389,462,462,1,📈 APPROACHING,True,0,🔒 NO OVERTAKE OPPORTUNITY,success
1886,878,507,63,39,2457,2363.4,0.7965621840242669,237,462,2,📈 APPROACHING,True,0,🔒 NO OVERTAKE OPPORTUNITY,success
1887,878,507,63,39,2457,2363.4,0.7965621840242669,0,462,2,➡️ STEADY,True,0,🔒 NO OVERTAKE OPPORTUNITY,success
1888,878,507,63,39,2457,2363.4,0.7965621840242669,0,462,2,➡️ STEADY,True,0,🔒 NO OVERTAKE OPPORTUNITY,success
1889,879,508,60,37,2220,2363.4,0.7965621840242669,-237,0,0,📉 MOVING AWAY,False,0,🔒 NO OVERTAKE OPPORTUNITY,success
1890,879,507,60,37,2220,2385.9,0.8041456016177958,-237,0,0,📉 MOVING AWAY,False,0,🔒 NO OVERTAKE OPPORTUNITY,success
1891,879,507,57,35,1995,2363.4,0.7965621840242669,-462,0,0,📉 MOVING AWAY,False,0,🔒 NO OVERTAKE OPPORTUNITY,success
1892,878,507,60,37,2220,2339.7,0.7885743174924166,-237,0,0,📉 MOVING AWAY,False,0,🔒 NO OVERTAKE OPPORTUNITY,success
1893,880,507,57,35,1995,2293.5,0.7730030333670375,-462,0,0,📉 MOVING AWAY,False,0,🔒 NO OVERTAKE OPPORTUNITY,success
1894,879,506,60,37,2220,2269.8,0.7650151668351871,0,0,0,➡️ STEADY,False,0,🔒 NO OVERTAKE OPPORTUNITY,success
1895,878,507,60,37,2220,2246.1,0.7570273003033366,0,0,0,➡️ STEADY,False,0,🔒 NO OVERTAKE OPPORTUNITY,success
1896,878,507,60,37,2220,2222.4,0.7490394337714864,225,225,0,📈 APPROACHING,True,0,🔒 NO OVERTAKE OPPORTUNITY,success
1897,878,508,60,37,2220,2198.7,0.7410515672396359,0,225,0,➡️ STEADY,True,0,🔒 NO OVERTAKE OPPORTUNITY,success
1898,880,509,57,35,1995,2152.5,0.7254802831142568,0,225,0,➡️ STEADY,True,0,🔒 NO OVERTAKE OPPORTUNITY,success
1899,880,510,57,35,1995,2130.0,0.717896865520728,-225,0,0,📉 MOVING AWAY,False,0,🔒 NO OVERTAKE OPPORTUNITY,success
1900,880,510,57,35,1995,2107.5,0.7103134479271992,-225,0,0,📉 MOVING AWAY,False,0,🔒 NO OVERTAKE OPPORTUNITY,success
1901,881,510,57,35,1995,2107.5,0.7103134479271992,-225,0,0,📉 MOVING AWAY,False,0,🔒 NO OVERTAKE OPPORTUNITY,success
1902,882,511,54,34,1836,2069.1,0.69737108190091,-384,0,0,📉 MOVING AWAY,False,0,🔒 NO OVERTAKE OPPORTUNITY,success
1903,882,510,54,34,1836,2053.2,0.6920121334681496,-159,0,0,📉 MOVING AWAY,False,0,🔒 NO OVERTAKE OPPORTUNITY,success
1904,882,509,54,34,1836,2014.8,0.6790697674418604,-159,0,0,📉 MOVING AWAY,False,0,🔒 NO OVERTAKE OPPORTUNITY,success
1905,883,508,54,34,1836,1976.4,0.6661274014155714,-159,0,0,📉 MOVING AWAY,False,0,🔒 NO OVERTAKE OPPORTUNITY,success
1906,885,508,51,32,1632,1917.6,0.646309403437816,-363,0,0,📉 MOVING AWAY,False,0,🔒 NO OVERTAKE OPPORTUNITY,success
1907,885,508,51,32,1632,1858.8,0.6264914054600607,-204,0,0,📉 MOVING AWAY,False,0,🔒 NO OVERTAKE OPPORTUNITY,success
1908,887,507,51,32,1632,1822.5,0.6142568250758341,-204,0,0,📉 MOVING AWAY,False,0,🔒 NO OVERTAKE OPPORTUNITY,success
1909,886,507,51,32,1632,1786.2,0.6020222446916077,-204,0,0,📉 MOVING AWAY,False,0,🔒 NO OVERTAKE OPPORTUNITY,success
1910,887,507,51,32,1632,1749.9,0.5897876643073813,-204,0,0,📉 MOVING AWAY,False,0,🔒 NO OVERTAKE OPPORTUNITY,success
1911,888,507,51,32,1632,1713.6,0.5775530839231546,0,0,0,➡️ STEADY,False,0,🔒 NO OVERTAKE OPPORTUNITY,success
1912,888,506,54,34,1836,1713.6,0.5775530839231546,204,204,0,📈 APPROACHING,True,0,🔒 NO OVERTAKE OPPORTUNITY,success
1913,890,508,51,32,1632,1693.2,0.5706774519716886,0,204,0,➡️ STEADY,True,0,🔒 NO OVERTAKE OPPORTUNITY,success
1914,891,508,51,32,1632,1672.8,0.5638018200202224,0,204,0,➡️ STEADY,True,0,🔒 NO OVERTAKE OPPORTUNITY,success
1915,891,508,51,32,1632,1652.4,0.5569261880687564,0,204,0,➡️ STEADY,True,0,🔒 NO OVERTAKE OPPORTUNITY,success
1916,893,508,51,32,1632,1652.4,0.5569261880687564,0,204,0,➡️ STEADY,True,0,🔒 NO OVERTAKE OPPORTUNITY,success
1917,893,508,51,32,1632,1652.4,0.5569261880687564,-204,0,0,📉 MOVING AWAY,False,0,🔒 NO OVERTAKE OPPORTUNITY,success
1918,894,508,51,32,1632,1652.4,0.5569261880687564,0,0,0,➡️ STEADY,False,0,🔒 NO OVERTAKE OPPORTUNITY,success
1919,894,508,51,32,1632,1652.4,0.5569261880687564,0,0,0,➡️ STEADY,False,0,🔒 NO OVERTAKE OPPORTUNITY,success
1920,895,508,51,32,1632,1652.4,0.5569261880687564,0,0,0,➡️ STEADY,False,0,🔒 NO OVERTAKE OPPORTUNITY,success
1921,896,507,51,32,1632,1652.4,0.5569261880687564,0,0,0,➡️ STEADY,False,0,🔒 NO OVERTAKE OPPORTUNITY,success
1922,897,506,51,32,1632,1632.0,0.5500505561172901,0,0,0,➡️ STEADY,False,0,🔒 NO OVERTAKE OPPORTUNITY,success
1923,899,506,51,32,1632,1632.0,0.5500505561172901,0,0,0,➡️ STEADY,False,0,🔒 NO OVERTAKE OPPORTUNITY,success
1924,900,506,51,32,1632,1632.0,0.5500505561172901,0,0,0,➡️ STEADY,False,0,🔒 NO OVERTAKE OPPORTUNITY,success
1925,900,506,51,32,1632,1632.0,0.5500505561172901,0,0,0,➡️ STEADY,False,0,🔒 NO OVERTAKE OPPORTUNITY,success
1926,901,506,51,32,1632,1632.0,0.5500505561172901,0,0,0,➡️ STEADY,False,0,🔒 NO OVERTAKE OPPORTUNITY,success
1927,902,506,51,32,1632,1632.0,0.5500505561172901,0,0,0,➡️ STEADY,False,0,🔒 NO OVERTAKE OPPORTUNITY,success
1928,904,505,51,32,1632,1632.0,0.5500505561172901,0,0,0,➡️ STEADY,False,0,🔒 NO OVERTAKE OPPORTUNITY,success
1929,904,505,51,32,1632,1632.0,0.5500505561172901,0,0,0,➡️ STEADY,False,0,🔒 NO OVERTAKE OPPORTUNITY,success
1930,905,505,51,32,1632,1632.0,0.5500505561172901,0,0,0,➡️ STEADY,False,0,🔒 NO OVERTAKE OPPORTUNITY,success
1931,907,505,49,31,1519,1620.7,0.546241995281429,-113,0,0,📉 MOVING AWAY,False,0,🔒 NO OVERTAKE OPPORTUNITY,success
1932,907,505,49,31,1519,1609.4,0.5424334344455679,-113,0,0,📉 MOVING AWAY,False,0,🔒 NO OVERTAKE OPPORTUNITY,success
1933,907,505,49,31,1519,1598.1,0.5386248736097068,-113,0,0,📉 MOVING AWAY,False,0,🔒 NO OVERTAKE OPPORTUNITY,success
1934,907,505,49,31,1519,1586.8,0.5348163127738457,-113,0,0,📉 MOVING AWAY,False,0,🔒 NO OVERTAKE OPPORTUNITY,success
1935,907,505,49,31,1519,1575.5,0.5310077519379846,-113,0,0,📉 MOVING AWAY,False,0,🔒 NO OVERTAKE OPPORTUNITY,success
1936,908,505,49,31,1519,1564.2,0.5271991911021233,0,0,0,➡️ STEADY,False,0,🔒 NO OVERTAKE OPPORTUNITY,success
1937,908,506,49,31,1519,1552.9,0.5233906302662622,0,0,0,➡️ STEADY,False,0,🔒 NO OVERTAKE OPPORTUNITY,success
1938,909,505,49,31,1519,1541.6,0.5195820694304011,0,0,0,➡️ STEADY,False,0,🔒 NO OVERTAKE OPPORTUNITY,success
1939,910,505,49,31,1519,1530.3,0.51577350859454,0,0,0,➡️ STEADY,False,0,🔒 NO OVERTAKE OPPORTUNITY,success
1940,909,504,49,31,1519,1519.0,0.5119649477586788,0,0,0,➡️ STEADY,False,0,🔒 NO OVERTAKE OPPORTUNITY,success
1941,911,503,49,31,1519,1519.0,0.5119649477586788,0,0,0,➡️ STEADY,False,0,🔒 NO OVERTAKE OPPORTUNITY,success
1942,911,502,49,31,1519,1519.0,0.5119649477586788,0,0,0,➡️ STEADY,False,0,🔒 NO OVERTAKE OPPORTUNITY,success
1943,912,501,49,31,1519,1519.0,0.5119649477586788,0,0,0,➡️ STEADY,False,0,🔒 NO OVERTAKE OPPORTUNITY,success
1944,912,501,49,31,1519,1519.0,0.5119649477586788,0,0,0,➡️ STEADY,False,0,🔒 NO OVERTAKE OPPORTUNITY,success
1945,912,501,49,31,1519,1519.0,0.5119649477586788,0,0,0,➡️ STEADY,False,0,🔒 NO OVERTAKE OPPORTUNITY,success
1946,912,501,49,31,1519,1519.0,0.5119649477586788,0,0,0,➡️ STEADY,False,0,🔒 NO OVERTAKE OPPORTUNITY,success
1947,912,501,49,31,1519,1519.0,0.5119649477586788,0,0,0,➡️ STEADY,False,0,🔒 NO OVERTAKE OPPORTUNITY,success
1948,912,501,49,31,1519,1519.0,0.5119649477586788,0,0,0,➡️ STEADY,False,0,🔒 NO OVERTAKE OPPORTUNITY,success
1949,912,501,49,31,1519,1519.0,0.5119649477586788,0,0,0,➡️ STEADY,False,0,🔒 NO OVERTAKE OPPORTUNITY,success
1950,912,501,49,31,1519,1519.0,0.5119649477586788,0,0,0,➡️ STEADY,False,0,🔒 NO OVERTAKE OPPORTUNITY,success
1951,911,501,49,31,1519,1519.0,0.5119649477586788,0,0,0,➡️ STEADY,False,0,🔒 NO OVERTAKE OPPORTUNITY,success
1952,912,500,49,31,1519,1519.0,0.5119649477586788,0,0,0,➡️ STEADY,False,0,🔒 NO OVERTAKE OPPORTUNITY,success
1953,911,500,49,31,1519,1519.0,0.5119649477586788,0,0,0,➡️ STEADY,False,0,🔒 NO OVERTAKE OPPORTUNITY,success
1954,911,500,49,31,1519,1519.0,0.5119649477586788,0,0,0,➡️ STEADY,False,0,🔒 NO OVERTAKE OPPORTUNITY,success
1955,911,500,49,31,1519,1519.0,0.5119649477586788,0,0,0,➡️ STEADY,False,0,🔒 NO OVERTAKE OPPORTUNITY,success
1956,910,500,49,31,1519,1519.0,0.5119649477586788,0,0,0,➡️ STEADY,False,0,🔒 NO OVERTAKE OPPORTUNITY,success
1957,910,500,49,31,1519,1519.0,0.5119649477586788,0,0,0,➡️ STEADY,False,0,🔒 NO OVERTAKE OPPORTUNITY,success
1958,910,499,49,31,1519,1519.0,0.5119649477586788,0,0,0,➡️ STEADY,False,0,🔒 NO OVERTAKE OPPORTUNITY,success
1959,909,500,49,31,1519,1519.0,0.5119649477586788,0,0,0,➡️ STEADY,False,0,🔒 NO OVERTAKE OPPORTUNITY,success
1960,909,500,49,31,1519,1519.0,0.5119649477586788,0,0,0,➡️ STEADY,False,0,🔒 NO OVERTAKE OPPORTUNITY,success
1961,908,500,49,31,1519,1519.0,0.5119649477586788,0,0,0,➡️ STEADY,False,0,🔒 NO OVERTAKE OPPORTUNITY,success
1962,907,499,49,31,1519,1519.0,0.5119649477586788,0,0,0,➡️ STEADY,False,0,🔒 NO OVERTAKE OPPORTUNITY,success
1963,907,499,49,31,1519,1519.0,0.5119649477586788,0,0,0,➡️ STEADY,False,0,🔒 NO OVERTAKE OPPORTUNITY,success
1964,907,499,49,31,1519,1519.0,0.5119649477586788,0,0,0,➡️ STEADY,False,0,🔒 NO OVERTAKE OPPORTUNITY,success
1965,905,499,49,31,1519,1519.0,0.5119649477586788,0,0,0,➡️ STEADY,False,0,🔒 NO OVERTAKE OPPORTUNITY,success
1966,905,499,49,31,1519,1519.0,0.5119649477586788,0,0,0,➡️ STEADY,False,0,🔒 NO OVERTAKE OPPORTUNITY,success
1967,905,499,49,31,1519,1519.0,0.5119649477586788,0,0,0,➡️ STEADY,False,0,🔒 NO OVERTAKE OPPORTUNITY,success
1968,903,499,49,31,1519,1519.0,0.5119649477586788,0,0,0,➡️ STEADY,False,0,🔒 NO OVERTAKE OPPORTUNITY,success
1969,903,499,49,31,1519,1519.0,0.5119649477586788,0,0,0,➡️ STEADY,False,0,🔒 NO OVERTAKE OPPORTUNITY,success
1970,903,499,49,31,1519,1519.0,0.5119649477586788,0,0,0,➡️ STEADY,False,0,🔒 NO OVERTAKE OPPORTUNITY,success
1971,901,498,49,31,1519,1519.0,0.5119649477586788,0,0,0,➡️ STEADY,False,0,🔒 NO OVERTAKE OPPORTUNITY,success
1972,900,499,49,31,1519,1519.0,0.5119649477586788,0,0,0,➡️ STEADY,False,0,🔒 NO OVERTAKE OPPORTUNITY,success
1973,900,498,49,31,1519,1519.0,0.5119649477586788,0,0,0,➡️ STEADY,False,0,🔒 NO OVERTAKE OPPORTUNITY,success
1974,898,499,49,31,1519,1519.0,0.5119649477586788,0,0,0,➡️ STEADY,False,0,🔒 NO OVERTAKE OPPORTUNITY,success
1975,898,499,49,31,1519,1519.0,0.5119649477586788,0,0,0,➡️ STEADY,False,0,🔒 NO OVERTAKE OPPORTUNITY,success
1976,897,499,49,31,1519,1519.0,0.5119649477586788,0,0,0,➡️ STEADY,False,0,🔒 NO OVERTAKE OPPORTUNITY,success
1977,896,499,49,31,1519,1519.0,0.5119649477586788,0,0,0,➡️ STEADY,False,0,🔒 NO OVERTAKE OPPORTUNITY,success
1978,895,499,49,31,1519,1519.0,0.5119649477586788,0,0,0,➡️ STEADY,False,0,🔒 NO OVERTAKE OPPORTUNITY,success
1979,894,499,49,31,1519,1519.0,0.5119649477586788,0,0,0,➡️ STEADY,False,0,🔒 NO OVERTAKE OPPORTUNITY,success
1980,894,499,49,31,1519,1519.0,0.5119649477586788,0,0,0,➡️ STEADY,False,0,🔒 NO OVERTAKE OPPORTUNITY,success
1981,894,498,49,31,1519,1519.0,0.5119649477586788,0,0,0,➡️ STEADY,False,0,🔒 NO OVERTAKE OPPORTUNITY,success
1982,893,499,49,31,1519,1519.0,0.5119649477586788,0,0,0,➡️ STEADY,False,0,🔒 NO OVERTAKE OPPORTUNITY,success
1983,891,498,49,31,1519,1519.0,0.5119649477586788,0,0,0,➡️ STEADY,False,0,🔒 NO OVERTAKE OPPORTUNITY,success
1984,892,498,49,31,1519,1519.0,0.5119649477586788,0,0,0,➡️ STEADY,False,0,🔒 NO OVERTAKE OPPORTUNITY,success
1985,891,498,49,31,1519,1519.0,0.5119649477586788,0,0,0,➡️ STEADY,False,0,🔒 NO OVERTAKE OPPORTUNITY,success
1986,890,498,49,31,1519,1519.0,0.5119649477586788,0,0,0,➡️ STEADY,False,0,🔒 NO OVERTAKE OPPORTUNITY,success
1987,890,498,49,31,1519,1519.0,0.5119649477586788,0,0,0,➡️ STEADY,False,0,🔒 NO OVERTAKE OPPORTUNITY,success
1988,889,498,49,31,1519,1519.0,0.5119649477586788,0,0,0,➡️ STEADY,False,0,🔒 NO OVERTAKE OPPORTUNITY,success
1989,889,497,49,31,1519,1519.0,0.5119649477586788,0,0,0,➡️ STEADY,False,0,🔒 NO OVERTAKE OPPORTUNITY,success
1990,889,498,49,31,1519,1519.0,0.5119649477586788,0,0,0,➡️ STEADY,False,0,🔒 NO OVERTAKE OPPORTUNITY,success
1991,889,496,49,31,1519,1519.0,0.5119649477586788,0,0,0,➡️ STEADY,False,0,🔒 NO OVERTAKE OPPORTUNITY,success
1992,889,495,49,31,1519,1519.0,0.5119649477586788,0,0,0,➡️ STEADY,False,0,🔒 NO OVERTAKE OPPORTUNITY,success
