frame,area_ratio,block_diff,status,overtake_chance,duration_penalty
1,1.0,0.0,COLLECTING DATA...,0,0.0
2,1.0,0.0,COLLECTING DATA...,0,0.0
3,1.0,0.0,COLLECTING DATA...,0,0.0
4,1.0,0.0,COLLECTING DATA...,0,0.0
5,1.0,0.0,COLLECTING DATA...,0,0.0
6,1.0,0.0,COLLECTING DATA...,0,0.0
7,1.0,0.0,COLLECTING DATA...,0,0.0
8,1.0,0.0,COLLECTING DATA...,0,0.0
9,1.0,0.0,COLLECTING DATA...,0,0.0
10,1.0,0.0,MOVING AWAY,0,0.0
11,1.0,0.0,MOVING AWAY,0,0.0
12,1.0,0.0,MOVING AWAY,0,0.0
13,1.0,0.0,MOVING AWAY,0,0.0
14,1.0,0.0,MOVING AWAY,0,0.0
15,1.0,0.0,MOVING AWAY,0,0.0
16,1.0,0.0,MOVING AWAY,0,0.0
17,1.0,0.0,MOVING AWAY,0,0.0
18,0.9150326797385621,0.0,MOVING AWAY,0,0.0
19,1.0,0.0,MOVING AWAY,0,0.0
20,0.9830065359477125,-54.59999999999991,MOVING AWAY,0,0.0
21,1.0,-54.59999999999991,MOVING AWAY,0,0.0
22,1.0,-54.59999999999991,MOVING AWAY,0,0.0
23,1.0,-54.59999999999991,MOVING AWAY,0,0.0
24,1.0,-54.59999999999991,MOVING AWAY,0,0.0
25,1.0,54.59999999999991,APPROACHING,0,0.0
26,1.0,54.59999999999991,APPROACHING,0,0.0
27,1.0,54.59999999999991,APPROACHING,0,0.0
28,1.0,54.59999999999991,APPROACHING,0,0.0
29,1.0,54.59999999999991,APPROACHING,0,0.0
30,1.0,0.0,MOVING AWAY,0,0.0
31,1.1092436974789917,0.0,MOVING AWAY,0,0.0
32,1.1092436974789917,0.0,MOVING AWAY,0,0.0
33,1.1092436974789917,0.0,MOVING AWAY,0,0.0
34,1.1092436974789917,0.0,MOVING AWAY,0,0.0
35,1.1092436974789917,351.0,APPROACHING,0,0.0
36,1.1092436974789917,351.0,APPROACHING,0,0.0
37,1.1092436974789917,351.0,APPROACHING,0,0.0
38,1.1092436974789917,351.0,APPROACHING,0,0.0
39,1.0,351.0,APPROACHING,0,0.0
40,1.065546218487395,-140.4000000000001,MOVING AWAY,0,0.0
41,1.0,-140.4000000000001,MOVING AWAY,0,0.0
42,1.0,-140.4000000000001,MOVING AWAY,0,0.0
43,1.0,-140.4000000000001,MOVING AWAY,0,0.0
44,1.0,-140.4000000000001,MOVING AWAY,0,0.0
45,1.0,-210.5999999999999,MOVING AWAY,0,0.0
46,1.0,-210.5999999999999,MOVING AWAY,0,0.0
47,1.0,-210.5999999999999,MOVING AWAY,0,0.0
48,1.0,-210.5999999999999,MOVING AWAY,0,0.0
49,1.0,-210.5999999999999,MOVING AWAY,0,0.0
50,0.9830065359477125,-54.59999999999991,MOVING AWAY,0,0.0
51,1.0,-54.59999999999991,MOVING AWAY,0,0.0
52,1.0,-54.59999999999991,MOVING AWAY,0,0.0
53,1.0,-54.59999999999991,MOVING AWAY,0,0.0
54,1.0,-54.59999999999991,MOVING AWAY,0,0.0
55,1.0,54.59999999999991,APPROACHING,0,0.0
56,1.0,54.59999999999991,APPROACHING,0,0.0
57,1.0,54.59999999999991,APPROACHING,0,0.0
58,1.0,54.59999999999991,APPROACHING,0,0.0
59,1.0,54.59999999999991,APPROACHING,0,0.0
60,1.0,0.0,MOVING AWAY,0,0.0
61,1.1092436974789917,0.0,MOVING AWAY,0,0.0
62,1.1092436974789917,0.0,MOVING AWAY,0,0.0
63,1.1092436974789917,0.0,MOVING AWAY,0,0.0
64,1.1092436974789917,0.0,MOVING AWAY,0,0.0
65,1.1092436974789917,351.0,APPROACHING,0,0.0
66,1.1092436974789917,351.0,APPROACHING,0,0.0
67,1.1092436974789917,351.0,APPROACHING,0,0.0
68,1.1092436974789917,351.0,APPROACHING,0,0.0
69,1.1092436974789917,351.0,APPROACHING,0,0.0
70,1.1279178338001867,60.0,APPROACHING,0,0.0
71,1.2026143790849673,60.0,APPROACHING,1,0.0
72,1.2026143790849673,60.0,APPROACHING,2,0.0
73,1.1092436974789917,60.0,APPROACHING,2,0.0
74,1.1092436974789917,60.0,APPROACHING,2,0.0
75,1.165266106442577,120.0,APPROACHING,2,0.0
76,1.1092436974789917,120.0,APPROACHING,2,0.0
77,1.1092436974789917,120.0,APPROACHING,2,0.0
78,1.2026143790849673,120.0,APPROACHING,3,0.0
79,1.2026143790849673,120.0,APPROACHING,4,0.0
80,1.165266106442577,0.0,MOVING AWAY,4,0.0
81,1.2026143790849673,0.0,MOVING AWAY,4,0.0
82,1.1092436974789917,0.0,MOVING AWAY,3,0.0
83,1.1092436974789917,0.0,MOVING AWAY,3,0.0
84,1.1092436974789917,0.0,MOVING AWAY,3,0.0
85,1.1279178338001867,-120.0,MOVING AWAY,3,0.0
86,1.2026143790849673,-120.0,MOVING AWAY,4,0.0
87,1.2026143790849673,-120.0,MOVING AWAY,5,0.0
88,1.1092436974789917,-120.0,MOVING AWAY,4,0.0
89,1.1092436974789917,-120.0,MOVING AWAY,3,0.0
90,1.1465919701213818,60.0,APPROACHING,3,0.0
91,1.1092436974789917,60.0,APPROACHING,2,0.0
92,1.2026143790849673,60.0,APPROACHING,3,0.0
93,1.1092436974789917,60.0,APPROACHING,3,0.0
94,1.1092436974789917,60.0,APPROACHING,3,0.0
95,1.1279178338001867,-60.0,MOVING AWAY,3,0.0
96,1.1092436974789917,-60.0,MOVING AWAY,2,0.0
97,1.1092436974789917,-60.0,MOVING AWAY,1,0.0
98,1.0,-60.0,MOVING AWAY,1,0.0
99,1.0,-60.0,MOVING AWAY,1,0.0
100,1.0436974789915967,-270.5999999999999,MOVING AWAY,1,0.0
101,1.1092436974789917,-270.5999999999999,MOVING AWAY,1,0.0
102,1.1092436974789917,-270.5999999999999,MOVING AWAY,0,0.0
103,1.1092436974789917,-270.5999999999999,MOVING AWAY,0,0.0
104,1.1092436974789917,-270.5999999999999,MOVING AWAY,0,0.0
105,1.1092436974789917,210.5999999999999,APPROACHING,0,0.0
106,1.1092436974789917,210.5999999999999,APPROACHING,0,0.0
107,1.1092436974789917,210.5999999999999,APPROACHING,0,0.0
108,1.1092436974789917,210.5999999999999,APPROACHING,0,0.0
109,1.1092436974789917,210.5999999999999,APPROACHING,0,0.0
110,1.1092436974789917,0.0,MOVING AWAY,0,0.0
111,1.1092436974789917,0.0,MOVING AWAY,0,0.0
112,1.2026143790849673,0.0,MOVING AWAY,1,0.0
113,1.2026143790849673,0.0,MOVING AWAY,2,0.0
114,1.2026143790849673,0.0,MOVING AWAY,3,0.0
115,1.165266106442577,180.0,APPROACHING,3,0.0
116,1.1092436974789917,180.0,APPROACHING,3,0.0
117,1.1092436974789917,180.0,APPROACHING,3,0.0
118,1.1092436974789917,180.0,APPROACHING,3,0.0
119,1.2026143790849673,180.0,APPROACHING,4,0.0
120,1.1465919701213818,-60.0,MOVING AWAY,4,0.0
121,1.3404917522564581,-60.0,MOVING AWAY,5,0.0
122,1.2026143790849673,-60.0,MOVING AWAY,5,0.0
123,1.2026143790849673,-60.0,MOVING AWAY,5,0.0
124,1.2026143790849673,-60.0,MOVING AWAY,5,0.0
125,1.2301898537192655,268.5999999999999,APPROACHING,6,0.0
126,1.2026143790849673,268.5999999999999,APPROACHING,7,0.0
127,1.2026143790849673,268.5999999999999,APPROACHING,8,0.0
128,1.2026143790849673,268.5999999999999,APPROACHING,9,0.0
129,1.3404917522564581,268.5999999999999,APPROACHING,13,0.0
130,1.2577653283535637,88.59999999999991,APPROACHING,14,0.0
131,1.2026143790849673,88.59999999999991,APPROACHING,14,0.0
132,1.2026143790849673,88.59999999999991,APPROACHING,14,0.0
133,1.2026143790849673,88.59999999999991,APPROACHING,14,0.0
134,1.2026143790849673,88.59999999999991,APPROACHING,14,0.0
135,1.2301898537192655,-88.59999999999991,MOVING AWAY,14,0.0
136,1.485838779956427,-88.59999999999991,MOVING AWAY,15,0.0
137,1.485838779956427,-88.59999999999991,MOVING AWAY,16,0.0
138,1.485838779956427,-88.59999999999991,MOVING AWAY,18,0.0
139,1.485838779956427,-88.59999999999991,MOVING AWAY,15,0.0
140,1.485838779956427,821.4000000000001,APPROACHING,20,0.0
141,1.485838779956427,821.4000000000001,APPROACHING,24,0.0
142,1.485838779956427,821.4000000000001,APPROACHING,28,0.0
143,1.485838779956427,821.4000000000001,APPROACHING,33,0.0
144,1.6184251478369125,821.4000000000001,APPROACHING,36,0.0
145,1.5707438530967943,272.8000000000002,APPROACHING,39,0.0
146,1.7777777777777777,272.8000000000002,APPROACHING,42,0.0
147,1.9943977591036415,272.8000000000002,APPROACHING,45,0.0
148,1.6184251478369125,272.8000000000002,APPROACHING,47,0.0
149,1.6184251478369125,272.8000000000002,APPROACHING,49,0.0
150,1.7573607220666043,599.5999999999995,APPROACHING,48,0.0
151,1.9943977591036415,599.5999999999995,APPROACHING,48,0.0
152,1.9943977591036415,599.5999999999995,APPROACHING,49,0.0
153,1.9943977591036415,599.5999999999995,APPROACHING,49,0.0
154,1.7777777777777777,599.5999999999995,APPROACHING,49,0.0
155,1.9863678804855276,735.8000000000002,APPROACHING,50,2.5
156,2.1708683473389354,735.8000000000002,APPROACHING,51,2.5
157,2.1708683473389354,735.8000000000002,APPROACHING,52,2.5
158,2.1708683473389354,735.8000000000002,APPROACHING,53,2.5
159,2.4095860566448803,735.8000000000002,APPROACHING,56,2.5
160,2.2663554310613137,899.6000000000004,APPROACHING,57,5.0
161,2.660753190164955,899.6000000000004,APPROACHING,59,5.0
162,2.4095860566448803,899.6000000000004,APPROACHING,60,5.0
163,2.4095860566448803,899.6000000000004,APPROACHING,60,5.0
164,2.660753190164955,899.6000000000004,APPROACHING,63,5.0
165,2.5100529100529103,783.0,APPROACHING,64,7.5
166,2.1708683473389354,783.0,APPROACHING,64,7.5
167,2.1708683473389354,783.0,APPROACHING,63,7.5
168,2.1708683473389354,783.0,APPROACHING,63,7.5
169,1.9943977591036415,783.0,APPROACHING,61,7.5
170,2.100280112044818,-1316.6000000000004,MOVING AWAY,58,0.0
171,1.7777777777777777,-1316.6000000000004,MOVING AWAY,52,0.0
172,1.7777777777777777,-1316.6000000000004,MOVING AWAY,48,0.0
173,2.1708683473389354,-1316.6000000000004,MOVING AWAY,45,0.0
174,2.1708683473389354,-1316.6000000000004,MOVING AWAY,41,0.0
175,1.9783380018674135,-391.8000000000002,MOVING AWAY,36,0.0
176,1.9943977591036415,-391.8000000000002,MOVING AWAY,34,0.0
177,1.9943977591036415,-391.8000000000002,MOVING AWAY,31,0.0
178,1.9943977591036415,-391.8000000000002,MOVING AWAY,28,0.0
179,1.9943977591036415,-391.8000000000002,MOVING AWAY,26,0.0
180,2.077435418611889,318.40000000000055,APPROACHING,29,0.0
181,2.1708683473389354,318.40000000000055,APPROACHING,33,0.0
182,2.1708683473389354,318.40000000000055,APPROACHING,37,0.0
183,2.4095860566448803,318.40000000000055,APPROACHING,41,0.0
184,2.660753190164955,318.40000000000055,APPROACHING,46,0.0
185,2.3643323996265173,921.8000000000002,APPROACHING,50,0.0
186,2.9243697478991595,921.8000000000002,APPROACHING,56,0.0
187,2.9243697478991595,921.8000000000002,APPROACHING,62,0.0
188,3.2356053532524123,921.8000000000002,APPROACHING,68,0.0
189,3.5555555555555554,921.8000000000002,APPROACHING,75,0.0
190,3.239091192032369,2810.6000000000004,APPROACHING,78,0.0
191,3.2356053532524123,2810.6000000000004,APPROACHING,81,0.0
192,3.2356053532524123,2810.6000000000004,APPROACHING,84,0.0
193,2.9243697478991595,2810.6000000000004,APPROACHING,85,0.0
194,3.2356053532524123,2810.6000000000004,APPROACHING,86,0.0
195,3.2373482726423903,-5.600000000000364,MOVING AWAY,86,0.0
196,3.5555555555555554,-5.600000000000364,MOVING AWAY,83,0.0
197,3.9293495175848117,-5.600000000000364,MOVING AWAY,80,0.0
198,3.9293495175848117,-5.600000000000364,MOVING AWAY,77,0.0
199,3.9293495175848117,-5.600000000000364,MOVING AWAY,74,0.0
200,3.8545907251789604,1983.199999999999,APPROACHING,74,0.0
201,3.9293495175848117,1983.199999999999,APPROACHING,74,0.0
202,3.9293495175848117,1983.199999999999,APPROACHING,74,0.0
203,3.5555555555555554,1983.199999999999,APPROACHING,75,0.0
204,3.5555555555555554,1983.199999999999,APPROACHING,75,0.0
205,3.779831932773109,-240.1999999999989,MOVING AWAY,75,0.0
206,3.5555555555555554,-240.1999999999989,MOVING AWAY,75,0.0
207,3.9293495175848117,-240.1999999999989,MOVING AWAY,75,0.0
208,3.5555555555555554,-240.1999999999989,MOVING AWAY,75,0.0
209,3.2356053532524123,-240.1999999999989,MOVING AWAY,75,0.0
210,3.440087145969499,-1091.6000000000004,MOVING AWAY,72,0.0
211,3.5555555555555554,-1091.6000000000004,MOVING AWAY,69,0.0
212,3.5555555555555554,-1091.6000000000004,MOVING AWAY,66,0.0
213,3.5555555555555554,-1091.6000000000004,MOVING AWAY,63,0.0
214,3.9293495175848117,-1091.6000000000004,MOVING AWAY,60,0.0
215,3.705073140367258,851.3999999999996,APPROACHING,63,0.0
216,3.2356053532524123,851.3999999999996,APPROACHING,66,0.0
217,3.2356053532524123,851.3999999999996,APPROACHING,69,0.0
218,2.9243697478991595,851.3999999999996,APPROACHING,71,0.0
219,2.9243697478991595,851.3999999999996,APPROACHING,74,0.0
220,3.0488639900404606,-2108.3999999999996,MOVING AWAY,74,0.0
221,2.660753190164955,-2108.3999999999996,MOVING AWAY,73,0.0
222,2.660753190164955,-2108.3999999999996,MOVING AWAY,72,0.0
223,2.660753190164955,-2108.3999999999996,MOVING AWAY,70,0.0
224,2.660753190164955,-2108.3999999999996,MOVING AWAY,69,0.0
225,2.660753190164955,-1247.0,MOVING AWAY,65,0.0
226,2.660753190164955,-1247.0,MOVING AWAY,61,0.0
227,2.660753190164955,-1247.0,MOVING AWAY,57,0.0
228,2.660753190164955,-1247.0,MOVING AWAY,53,0.0
229,2.9243697478991595,-1247.0,MOVING AWAY,50,0.0
230,2.828446934329287,538.7999999999993,APPROACHING,52,0.0
231,3.2356053532524123,538.7999999999993,APPROACHING,56,0.0
232,3.2356053532524123,538.7999999999993,APPROACHING,60,0.0
233,3.2356053532524123,538.7999999999993,APPROACHING,65,0.0
234,3.2356053532524123,538.7999999999993,APPROACHING,69,0.0
235,3.2356053532524123,1308.2000000000007,APPROACHING,73,0.0
236,2.9243697478991595,1308.2000000000007,APPROACHING,77,0.0
237,3.2356053532524123,1308.2000000000007,APPROACHING,81,0.0
238,2.9243697478991595,1308.2000000000007,APPROACHING,85,0.0
239,2.9243697478991595,1308.2000000000007,APPROACHING,88,0.0
240,2.98661686896981,-800.0,MOVING AWAY,86,0.0
241,3.2356053532524123,-800.0,MOVING AWAY,83,0.0
242,3.2356053532524123,-800.0,MOVING AWAY,80,0.0
243,3.2356053532524123,-800.0,MOVING AWAY,77,0.0
244,3.2356053532524123,-800.0,MOVING AWAY,74,0.0
245,3.2356053532524123,800.0,APPROACHING,74,0.0
246,3.2356053532524123,800.0,APPROACHING,74,0.0
247,3.2356053532524123,800.0,APPROACHING,74,0.0
248,3.2356053532524123,800.0,APPROACHING,74,0.0
249,3.2356053532524123,800.0,APPROACHING,74,0.0
250,3.2356053532524123,0.0,MOVING AWAY,75,0.0
251,2.9243697478991595,0.0,MOVING AWAY,74,0.0
252,2.9243697478991595,0.0,MOVING AWAY,74,0.0
253,3.2356053532524123,0.0,MOVING AWAY,74,0.0
254,3.2356053532524123,0.0,MOVING AWAY,74,0.0
255,3.1751011515717398,-194.39999999999964,MOVING AWAY,71,0.0
256,3.5555555555555554,-194.39999999999964,MOVING AWAY,68,0.0
257,3.9293495175848117,-194.39999999999964,MOVING AWAY,65,0.0
258,3.9293495175848117,-194.39999999999964,MOVING AWAY,62,0.0
259,3.9293495175848117,-194.39999999999964,MOVING AWAY,59,0.0
260,3.9330843448490507,2435.3999999999996,APPROACHING,62,0.0
261,3.9293495175848117,2435.3999999999996,APPROACHING,65,0.0
262,4.321817615935263,2435.3999999999996,APPROACHING,69,0.0
263,4.76750700280112,2435.3999999999996,APPROACHING,72,0.0
264,4.321817615935263,2435.3999999999996,APPROACHING,75,0.0
265,4.332461873638344,1283.2000000000007,APPROACHING,78,0.0
266,4.321817615935263,1283.2000000000007,APPROACHING,81,0.0
267,4.321817615935263,1283.2000000000007,APPROACHING,84,0.0
268,3.9293495175848117,1283.2000000000007,APPROACHING,87,0.0
269,3.9293495175848117,1283.2000000000007,APPROACHING,90,0.0
270,4.1648303765950825,-538.6000000000004,MOVING AWAY,87,0.0
271,4.321817615935263,-538.6000000000004,MOVING AWAY,84,0.0
272,4.321817615935263,-538.6000000000004,MOVING AWAY,81,0.0
273,3.5555555555555554,-538.6000000000004,MOVING AWAY,78,0.0
274,3.9293495175848117,-538.6000000000004,MOVING AWAY,75,0.0
275,3.9368191721132897,-732.6000000000004,MOVING AWAY,72,0.0
276,3.9293495175848117,-732.6000000000004,MOVING AWAY,69,0.0
277,3.9293495175848117,-732.6000000000004,MOVING AWAY,66,0.0
278,3.9293495175848117,-732.6000000000004,MOVING AWAY,63,0.0
279,3.5555555555555554,-732.6000000000004,MOVING AWAY,60,0.0
280,3.8545907251789604,-264.2000000000007,MOVING AWAY,60,0.0
281,3.5555555555555554,-264.2000000000007,MOVING AWAY,60,0.0
282,3.5555555555555554,-264.2000000000007,MOVING AWAY,60,0.0
283,3.5555555555555554,-264.2000000000007,MOVING AWAY,60,0.0
284,3.9293495175848117,-264.2000000000007,MOVING AWAY,60,0.0
285,3.630314347961407,-720.5999999999985,MOVING AWAY,60,0.0
286,3.2356053532524123,-720.5999999999985,MOVING AWAY,60,0.0
287,2.9243697478991595,-720.5999999999985,MOVING AWAY,59,0.0
288,2.660753190164955,-720.5999999999985,MOVING AWAY,58,0.0
289,2.9243697478991595,-720.5999999999985,MOVING AWAY,58,0.0
290,2.8811702458761284,-2407.0,MOVING AWAY,57,0.0
291,2.660753190164955,-2407.0,MOVING AWAY,56,0.0
292,2.9243697478991595,-2407.0,MOVING AWAY,56,0.0
293,2.660753190164955,-2407.0,MOVING AWAY,55,0.0
294,2.660753190164955,-2407.0,MOVING AWAY,53,0.0
295,2.7661998132586367,-369.40000000000146,MOVING AWAY,53,0.0
296,2.9243697478991595,-369.40000000000146,MOVING AWAY,52,0.0
297,2.9243697478991595,-369.40000000000146,MOVING AWAY,52,0.0
298,3.2356053532524123,-369.40000000000146,MOVING AWAY,54,0.0
299,2.9243697478991595,-369.40000000000146,MOVING AWAY,54,0.0
300,3.0488639900404606,908.2000000000007,APPROACHING,57,0.0
301,2.9243697478991595,908.2000000000007,APPROACHING,61,0.0
302,2.9243697478991595,908.2000000000007,APPROACHING,64,0.0
303,3.2356053532524123,908.2000000000007,APPROACHING,68,0.0
304,2.9243697478991595,908.2000000000007,APPROACHING,72,0.0
305,3.0488639900404606,0.0,MOVING AWAY,73,0.0
306,2.9243697478991595,0.0,MOVING AWAY,73,0.0
307,2.9243697478991595,0.0,MOVING AWAY,73,0.0
308,3.2356053532524123,0.0,MOVING AWAY,73,0.0
309,2.9243697478991595,0.0,MOVING AWAY,73,0.0
310,2.98661686896981,-200.0,MOVING AWAY,70,0.0
311,2.9243697478991595,-200.0,MOVING AWAY,67,0.0
312,2.9243697478991595,-200.0,MOVING AWAY,64,0.0
313,2.9243697478991595,-200.0,MOVING AWAY,60,0.0
314,2.9243697478991595,-200.0,MOVING AWAY,57,0.0
315,2.98661686896981,0.0,MOVING AWAY,57,0.0
316,3.2356053532524123,0.0,MOVING AWAY,58,0.0
317,2.660753190164955,0.0,MOVING AWAY,57,0.0
318,2.9243697478991595,0.0,MOVING AWAY,56,0.0
319,2.9243697478991595,0.0,MOVING AWAY,56,0.0
320,2.9338935574229694,-169.39999999999964,MOVING AWAY,56,0.0
321,2.9243697478991595,-169.39999999999964,MOVING AWAY,56,0.0
322,2.9243697478991595,-169.39999999999964,MOVING AWAY,56,0.0
323,2.9243697478991595,-169.39999999999964,MOVING AWAY,56,0.0
324,2.9243697478991595,-169.39999999999964,MOVING AWAY,56,0.0
325,2.9243697478991595,-30.600000000000364,MOVING AWAY,56,0.0
326,2.9243697478991595,-30.600000000000364,MOVING AWAY,56,0.0
327,2.9243697478991595,-30.600000000000364,MOVING AWAY,57,0.0
328,3.2356053532524123,-30.600000000000364,MOVING AWAY,57,0.0
329,3.2356053532524123,-30.600000000000364,MOVING AWAY,57,0.0
330,3.111111111111111,600.0,APPROACHING,60,0.0
331,3.2356053532524123,600.0,APPROACHING,64,0.0
332,2.9243697478991595,600.0,APPROACHING,67,0.0
333,2.9243697478991595,600.0,APPROACHING,70,0.0
334,3.2356053532524123,600.0,APPROACHING,73,0.0
335,3.111111111111111,0.0,MOVING AWAY,73,0.0
336,3.2356053532524123,0.0,MOVING AWAY,74,0.0
337,3.2356053532524123,0.0,MOVING AWAY,74,0.0
338,3.2356053532524123,0.0,MOVING AWAY,74,0.0
339,3.2356053532524123,0.0,MOVING AWAY,74,0.0
340,3.2356053532524123,400.0,APPROACHING,74,0.0
341,3.2356053532524123,400.0,APPROACHING,74,0.0
342,3.5555555555555554,400.0,APPROACHING,74,0.0
343,3.2356053532524123,400.0,APPROACHING,75,0.0
344,3.2356053532524123,400.0,APPROACHING,75,0.0
345,3.299595393713041,205.60000000000036,APPROACHING,78,0.0
346,3.2356053532524123,205.60000000000036,APPROACHING,81,0.0
347,3.2356053532524123,205.60000000000036,APPROACHING,84,0.0
348,3.2356053532524123,205.60000000000036,APPROACHING,87,0.0
349,2.9243697478991595,205.60000000000036,APPROACHING,89,0.0
350,3.111111111111111,-605.6000000000004,MOVING AWAY,86,0.0
351,2.9243697478991595,-605.6000000000004,MOVING AWAY,83,0.0
352,2.9243697478991595,-605.6000000000004,MOVING AWAY,80,0.0
353,3.2356053532524123,-605.6000000000004,MOVING AWAY,77,0.0
354,3.2356053532524123,-605.6000000000004,MOVING AWAY,74,0.0
355,3.111111111111111,0.0,MOVING AWAY,71,0.0
356,3.2356053532524123,0.0,MOVING AWAY,68,0.0
357,3.2356053532524123,0.0,MOVING AWAY,65,0.0
358,3.2356053532524123,0.0,MOVING AWAY,62,0.0
359,3.2356053532524123,0.0,MOVING AWAY,59,0.0
360,3.2356053532524123,400.0,APPROACHING,62,0.0
361,3.2356053532524123,400.0,APPROACHING,65,0.0
362,3.2356053532524123,400.0,APPROACHING,69,0.0
363,3.2356053532524123,400.0,APPROACHING,72,0.0
364,3.2356053532524123,400.0,APPROACHING,75,0.0
365,3.2356053532524123,0.0,MOVING AWAY,75,0.0
366,2.9243697478991595,0.0,MOVING AWAY,74,0.0
367,2.9243697478991595,0.0,MOVING AWAY,74,0.0
368,2.9243697478991595,0.0,MOVING AWAY,74,0.0
369,2.9243697478991595,0.0,MOVING AWAY,73,0.0
370,2.9243697478991595,-1000.0,MOVING AWAY,70,0.0
371,3.2356053532524123,-1000.0,MOVING AWAY,67,0.0
372,3.2356053532524123,-1000.0,MOVING AWAY,64,0.0
373,3.2356053532524123,-1000.0,MOVING AWAY,61,0.0
374,3.2356053532524123,-1000.0,MOVING AWAY,58,0.0
375,3.2356053532524123,1000.0,APPROACHING,61,0.0
376,2.9243697478991595,1000.0,APPROACHING,64,0.0
377,2.9243697478991595,1000.0,APPROACHING,67,0.0
378,2.9243697478991595,1000.0,APPROACHING,70,0.0
379,2.9243697478991595,1000.0,APPROACHING,73,0.0
380,2.98661686896981,-800.0,MOVING AWAY,73,0.0
381,3.2356053532524123,-800.0,MOVING AWAY,73,0.0
382,3.2356053532524123,-800.0,MOVING AWAY,73,0.0
383,3.2356053532524123,-800.0,MOVING AWAY,73,0.0
384,3.2356053532524123,-800.0,MOVING AWAY,73,0.0
385,3.2356053532524123,800.0,APPROACHING,73,0.0
386,3.2356053532524123,800.0,APPROACHING,74,0.0
387,3.2356053532524123,800.0,APPROACHING,74,0.0
388,3.2356053532524123,800.0,APPROACHING,74,0.0
389,3.2356053532524123,800.0,APPROACHING,74,0.0
390,3.299595393713041,205.60000000000036,APPROACHING,78,0.0
391,3.2356053532524123,205.60000000000036,APPROACHING,81,0.0
392,3.2356053532524123,205.60000000000036,APPROACHING,84,0.0
393,3.5555555555555554,205.60000000000036,APPROACHING,87,0.0
394,3.2356053532524123,205.60000000000036,APPROACHING,90,0.0
395,3.4383442265795208,445.7999999999993,APPROACHING,90,0.0
396,3.5555555555555554,445.7999999999993,APPROACHING,90,0.0
397,3.9293495175848117,445.7999999999993,APPROACHING,90,0.0
398,3.2356053532524123,445.7999999999993,APPROACHING,90,0.0
399,3.5555555555555554,445.7999999999993,APPROACHING,90,0.0
400,3.5023342670401494,205.60000000000036,APPROACHING,89,2.5
401,3.2356053532524123,205.60000000000036,APPROACHING,89,2.5
402,3.5555555555555554,205.60000000000036,APPROACHING,89,2.5
403,3.5555555555555554,205.60000000000036,APPROACHING,88,2.5
404,3.5555555555555554,205.60000000000036,APPROACHING,88,2.5
405,3.4915655150949267,-34.600000000000364,MOVING AWAY,85,0.0
406,3.5555555555555554,-34.600000000000364,MOVING AWAY,82,0.0
407,3.5555555555555554,-34.600000000000364,MOVING AWAY,79,0.0
408,3.5555555555555554,-34.600000000000364,MOVING AWAY,76,0.0
409,3.5555555555555554,-34.600000000000364,MOVING AWAY,73,0.0
410,3.5555555555555554,205.60000000000036,APPROACHING,73,0.0
411,3.5555555555555554,205.60000000000036,APPROACHING,74,0.0
412,3.5555555555555554,205.60000000000036,APPROACHING,74,0.0
413,3.9293495175848117,205.60000000000036,APPROACHING,74,0.0
414,3.5555555555555554,205.60000000000036,APPROACHING,75,0.0
415,3.630314347961407,240.20000000000073,APPROACHING,78,0.0
416,3.5555555555555554,240.20000000000073,APPROACHING,81,0.0
417,3.5555555555555554,240.20000000000073,APPROACHING,84,0.0
418,3.5555555555555554,240.20000000000073,APPROACHING,87,0.0
419,3.5555555555555554,240.20000000000073,APPROACHING,90,0.0
420,3.5555555555555554,-240.20000000000073,MOVING AWAY,87,0.0
421,3.5555555555555554,-240.20000000000073,MOVING AWAY,84,0.0
422,3.2356053532524123,-240.20000000000073,MOVING AWAY,81,0.0
423,2.9243697478991595,-240.20000000000073,MOVING AWAY,77,0.0
424,2.660753190164955,-240.20000000000073,MOVING AWAY,73,0.0
425,3.007407407407407,-1761.2000000000007,MOVING AWAY,70,0.0
426,2.660753190164955,-1761.2000000000007,MOVING AWAY,66,0.0
427,2.660753190164955,-1761.2000000000007,MOVING AWAY,62,0.0
428,2.660753190164955,-1761.2000000000007,MOVING AWAY,57,0.0
429,2.660753190164955,-1761.2000000000007,MOVING AWAY,53,0.0
430,2.7134765017117957,-944.3999999999996,MOVING AWAY,52,0.0
431,2.9243697478991595,-944.3999999999996,MOVING AWAY,52,0.0
432,2.660753190164955,-944.3999999999996,MOVING AWAY,51,0.0
433,2.9243697478991595,-944.3999999999996,MOVING AWAY,51,0.0
434,3.2356053532524123,-944.3999999999996,MOVING AWAY,52,0.0
435,2.9338935574229694,708.2000000000007,APPROACHING,55,0.0
436,3.2356053532524123,708.2000000000007,APPROACHING,59,0.0
437,2.9243697478991595,708.2000000000007,APPROACHING,63,0.0
438,2.660753190164955,708.2000000000007,APPROACHING,66,0.0
439,2.660753190164955,708.2000000000007,APPROACHING,69,0.0
440,2.778213507625272,-500.2000000000007,MOVING AWAY,69,0.0
441,2.4095860566448803,-500.2000000000007,MOVING AWAY,67,0.0
442,2.4095860566448803,-500.2000000000007,MOVING AWAY,66,0.0
443,2.4095860566448803,-500.2000000000007,MOVING AWAY,65,0.0
444,2.4095860566448803,-500.2000000000007,MOVING AWAY,63,0.0
445,2.4095860566448803,-1184.3999999999996,MOVING AWAY,58,0.0
446,2.4095860566448803,-1184.3999999999996,MOVING AWAY,53,0.0
447,2.4095860566448803,-1184.3999999999996,MOVING AWAY,48,0.0
448,2.4095860566448803,-1184.3999999999996,MOVING AWAY,45,0.0
449,2.4095860566448803,-1184.3999999999996,MOVING AWAY,41,0.0
450,2.4095860566448803,0.0,MOVING AWAY,40,0.0
451,2.660753190164955,0.0,MOVING AWAY,40,0.0
452,2.4095860566448803,0.0,MOVING AWAY,40,0.0
453,2.4095860566448803,0.0,MOVING AWAY,40,0.0
454,2.4095860566448803,0.0,MOVING AWAY,40,0.0
455,2.459819483348895,161.39999999999964,APPROACHING,43,0.0
456,2.4095860566448803,161.39999999999964,APPROACHING,45,0.0
457,2.660753190164955,161.39999999999964,APPROACHING,49,0.0
458,2.4095860566448803,161.39999999999964,APPROACHING,51,0.0
459,2.4095860566448803,161.39999999999964,APPROACHING,53,0.0
460,2.459819483348895,0.0,MOVING AWAY,53,0.0
461,2.660753190164955,0.0,MOVING AWAY,53,0.0
462,2.4095860566448803,0.0,MOVING AWAY,53,0.0
463,2.4095860566448803,0.0,MOVING AWAY,53,0.0
464,2.1708683473389354,0.0,MOVING AWAY,53,0.0
465,2.3643323996265173,-306.7999999999993,MOVING AWAY,50,0.0
466,1.7777777777777777,-306.7999999999993,MOVING AWAY,45,0.0
467,1.9943977591036415,-306.7999999999993,MOVING AWAY,41,0.0
468,1.7777777777777777,-306.7999999999993,MOVING AWAY,36,0.0
469,1.6184251478369125,-306.7999999999993,MOVING AWAY,32,0.0
470,1.7308434484905073,-2035.4000000000005,MOVING AWAY,29,0.0
471,1.6184251478369125,-2035.4000000000005,MOVING AWAY,26,0.0
472,1.485838779956427,-2035.4000000000005,MOVING AWAY,25,0.0
473,1.6184251478369125,-2035.4000000000005,MOVING AWAY,22,0.0
474,1.6184251478369125,-2035.4000000000005,MOVING AWAY,20,0.0
475,1.5919078742608155,-446.39999999999964,MOVING AWAY,18,0.0
476,1.485838779956427,-446.39999999999964,MOVING AWAY,18,0.0
477,1.485838779956427,-446.39999999999964,MOVING AWAY,18,0.0
478,1.485838779956427,-446.39999999999964,MOVING AWAY,19,0.0
479,1.485838779956427,-446.39999999999964,MOVING AWAY,20,0.0
480,1.485838779956427,-340.8000000000002,MOVING AWAY,20,0.0
481,1.3404917522564581,-340.8000000000002,MOVING AWAY,20,0.0
482,1.3404917522564581,-340.8000000000002,MOVING AWAY,19,0.0
483,1.3404917522564581,-340.8000000000002,MOVING AWAY,20,0.0
484,1.485838779956427,-340.8000000000002,MOVING AWAY,21,0.0
485,1.3695611577964517,-373.60000000000036,MOVING AWAY,21,0.0
486,1.7777777777777777,-373.60000000000036,MOVING AWAY,20,0.0
487,1.6184251478369125,-373.60000000000036,MOVING AWAY,20,0.0
488,1.6184251478369125,-373.60000000000036,MOVING AWAY,19,0.0
489,1.7777777777777777,-373.60000000000036,MOVING AWAY,18,0.0
490,1.7140367258014317,1106.8000000000002,APPROACHING,21,0.0
491,1.485838779956427,1106.8000000000002,APPROACHING,24,0.0
492,1.485838779956427,1106.8000000000002,APPROACHING,28,0.0
493,1.3404917522564581,1106.8000000000002,APPROACHING,31,0.0
494,1.6184251478369125,1106.8000000000002,APPROACHING,33,0.0
495,1.4542172424525364,-834.8000000000002,MOVING AWAY,33,0.0
496,1.3404917522564581,-834.8000000000002,MOVING AWAY,33,0.0
497,1.3404917522564581,-834.8000000000002,MOVING AWAY,33,0.0
498,1.6184251478369125,-834.8000000000002,MOVING AWAY,33,0.0
499,1.485838779956427,-834.8000000000002,MOVING AWAY,34,0.0
500,1.4251478369125428,-93.39999999999964,MOVING AWAY,31,0.0
501,1.3404917522564581,-93.39999999999964,MOVING AWAY,27,0.0
502,1.3404917522564581,-93.39999999999964,MOVING AWAY,24,0.0
503,1.485838779956427,-93.39999999999964,MOVING AWAY,21,0.0
504,1.3404917522564581,-93.39999999999964,MOVING AWAY,19,0.0
505,1.3695611577964517,-178.60000000000036,MOVING AWAY,18,0.0
506,1.2026143790849673,-178.60000000000036,MOVING AWAY,18,0.0
507,1.2026143790849673,-178.60000000000036,MOVING AWAY,17,0.0
508,1.485838779956427,-178.60000000000036,MOVING AWAY,18,0.0
509,1.3404917522564581,-178.60000000000036,MOVING AWAY,17,0.0
510,1.3144102085278555,-177.19999999999982,MOVING AWAY,16,0.0
511,1.3404917522564581,-177.19999999999982,MOVING AWAY,16,0.0
512,1.485838779956427,-177.19999999999982,MOVING AWAY,17,0.0
513,1.6184251478369125,-177.19999999999982,MOVING AWAY,16,0.0
514,1.6184251478369125,-177.19999999999982,MOVING AWAY,16,0.0
515,1.5098039215686274,627.8000000000002,APPROACHING,18,0.0
516,1.485838779956427,627.8000000000002,APPROACHING,23,0.0
517,1.485838779956427,627.8000000000002,APPROACHING,27,0.0
518,1.485838779956427,627.8000000000002,APPROACHING,30,0.0
519,1.485838779956427,627.8000000000002,APPROACHING,34,0.0
520,1.485838779956427,-77.0,MOVING AWAY,35,0.0
521,1.3404917522564581,-77.0,MOVING AWAY,35,0.0
522,1.6184251478369125,-77.0,MOVING AWAY,34,0.0
523,1.6184251478369125,-77.0,MOVING AWAY,34,0.0
524,1.3404917522564581,-77.0,MOVING AWAY,34,0.0
525,1.5072517896047308,68.80000000000018,APPROACHING,32,0.0
526,1.485838779956427,68.80000000000018,APPROACHING,30,0.0
527,1.485838779956427,68.80000000000018,APPROACHING,28,0.0
528,1.485838779956427,68.80000000000018,APPROACHING,26,0.0
529,1.485838779956427,68.80000000000018,APPROACHING,24,0.0
530,1.485838779956427,-68.80000000000018,MOVING AWAY,24,0.0
531,1.485838779956427,-68.80000000000018,MOVING AWAY,25,0.0
532,1.485838779956427,-68.80000000000018,MOVING AWAY,26,0.0
533,1.3404917522564581,-68.80000000000018,MOVING AWAY,26,0.0
534,1.3404917522564581,-68.80000000000018,MOVING AWAY,26,0.0
535,1.3986305633364458,-280.1999999999998,MOVING AWAY,26,0.0
536,1.6184251478369125,-280.1999999999998,MOVING AWAY,24,0.0
537,1.6184251478369125,-280.1999999999998,MOVING AWAY,22,0.0
538,1.7777777777777777,-280.1999999999998,MOVING AWAY,20,0.0
539,1.9943977591036415,-280.1999999999998,MOVING AWAY,20,0.0
540,1.8006847183317773,1291.8000000000002,APPROACHING,22,0.0
541,1.9943977591036415,1291.8000000000002,APPROACHING,25,0.0
542,1.7777777777777777,1291.8000000000002,APPROACHING,28,0.0
543,1.7777777777777777,1291.8000000000002,APPROACHING,31,0.0
544,1.9943977591036415,1291.8000000000002,APPROACHING,35,0.0
545,1.9430438842203548,457.39999999999964,APPROACHING,39,0.0
546,1.9943977591036415,457.39999999999964,APPROACHING,43,0.0
547,1.9943977591036415,457.39999999999964,APPROACHING,47,0.0
548,1.9943977591036415,457.39999999999964,APPROACHING,50,0.0
549,1.7777777777777777,457.39999999999964,APPROACHING,53,0.0
550,1.907749766573296,-113.39999999999964,MOVING AWAY,50,0.0
551,1.6184251478369125,-113.39999999999964,MOVING AWAY,46,0.0
552,1.6184251478369125,-113.39999999999964,MOVING AWAY,42,0.0
553,1.485838779956427,-113.39999999999964,MOVING AWAY,40,0.0
554,1.485838779956427,-113.39999999999964,MOVING AWAY,37,0.0
555,1.538873327108621,-1185.2000000000007,MOVING AWAY,33,0.0
556,1.485838779956427,-1185.2000000000007,MOVING AWAY,30,0.0
557,1.3404917522564581,-1185.2000000000007,MOVING AWAY,26,0.0
558,1.485838779956427,-1185.2000000000007,MOVING AWAY,23,0.0
559,1.3404917522564581,-1185.2000000000007,MOVING AWAY,19,0.0
560,1.4542172424525364,-272.0,MOVING AWAY,19,0.0
561,1.485838779956427,-272.0,MOVING AWAY,20,0.0
562,1.3404917522564581,-272.0,MOVING AWAY,20,0.0
563,1.3404917522564581,-272.0,MOVING AWAY,20,0.0
564,1.2026143790849673,-272.0,MOVING AWAY,18,0.0
565,1.3144102085278555,-449.1999999999998,MOVING AWAY,18,0.0
566,1.3404917522564581,-449.1999999999998,MOVING AWAY,18,0.0
567,1.3404917522564581,-449.1999999999998,MOVING AWAY,18,0.0
568,1.3404917522564581,-449.1999999999998,MOVING AWAY,17,0.0
569,1.3404917522564581,-449.1999999999998,MOVING AWAY,17,0.0
570,1.31291627762216,-4.800000000000182,MOVING AWAY,16,0.0
571,1.2026143790849673,-4.800000000000182,MOVING AWAY,15,0.0
572,1.3404917522564581,-4.800000000000182,MOVING AWAY,15,0.0
573,1.3404917522564581,-4.800000000000182,MOVING AWAY,15,0.0
574,1.3404917522564581,-4.800000000000182,MOVING AWAY,15,0.0
575,1.31291627762216,0.0,MOVING AWAY,15,0.0
576,1.3404917522564581,0.0,MOVING AWAY,15,0.0
577,1.3404917522564581,0.0,MOVING AWAY,15,0.0
578,1.3404917522564581,0.0,MOVING AWAY,15,0.0
579,1.3404917522564581,0.0,MOVING AWAY,15,0.0
580,1.3404917522564581,88.60000000000036,APPROACHING,17,0.0
581,1.3404917522564581,88.60000000000036,APPROACHING,19,0.0
582,1.3404917522564581,88.60000000000036,APPROACHING,20,0.0
583,1.3404917522564581,88.60000000000036,APPROACHING,22,0.0
584,1.3404917522564581,88.60000000000036,APPROACHING,23,0.0
585,1.3404917522564581,0.0,MOVING AWAY,23,0.0
586,1.3404917522564581,0.0,MOVING AWAY,23,0.0
587,1.3404917522564581,0.0,MOVING AWAY,23,0.0
588,1.3404917522564581,0.0,MOVING AWAY,23,0.0
589,1.3404917522564581,0.0,MOVING AWAY,23,0.0
590,1.3404917522564581,0.0,MOVING AWAY,22,0.0
591,1.485838779956427,0.0,MOVING AWAY,21,0.0
592,1.3404917522564581,0.0,MOVING AWAY,20,0.0
593,1.485838779956427,0.0,MOVING AWAY,19,0.0
594,1.3404917522564581,0.0,MOVING AWAY,18,0.0
595,1.4276999688764394,280.1999999999998,APPROACHING,21,0.0
596,1.485838779956427,280.1999999999998,APPROACHING,25,0.0
597,1.485838779956427,280.1999999999998,APPROACHING,29,0.0
598,1.6184251478369125,280.1999999999998,APPROACHING,31,0.0
599,1.485838779956427,280.1999999999998,APPROACHING,35,0.0
600,1.512356053532524,272.0,APPROACHING,37,0.0
601,1.6184251478369125,272.0,APPROACHING,39,0.0
602,1.6184251478369125,272.0,APPROACHING,42,0.0
603,1.6184251478369125,272.0,APPROACHING,44,0.0
604,1.6184251478369125,272.0,APPROACHING,46,0.0
605,1.5919078742608155,255.60000000000036,APPROACHING,46,0.0
606,1.6184251478369125,255.60000000000036,APPROACHING,44,0.0
607,1.7777777777777777,255.60000000000036,APPROACHING,44,0.0
608,1.7777777777777777,255.60000000000036,APPROACHING,45,0.0
609,1.9943977591036415,255.60000000000036,APPROACHING,45,0.0
610,1.7892312480547776,634.0,APPROACHING,45,2.5
611,1.9943977591036415,634.0,APPROACHING,46,2.5
612,1.7777777777777777,634.0,APPROACHING,47,2.5
613,1.7777777777777777,634.0,APPROACHING,47,2.5
614,1.7777777777777777,634.0,APPROACHING,47,2.5
615,1.8211017740429505,102.39999999999964,APPROACHING,48,5.0
616,1.7777777777777777,102.39999999999964,APPROACHING,48,5.0
617,1.6184251478369125,102.39999999999964,APPROACHING,47,5.0
618,1.7777777777777777,102.39999999999964,APPROACHING,46,5.0
619,1.7777777777777777,102.39999999999964,APPROACHING,45,5.0
620,1.7892312480547776,-102.39999999999964,MOVING AWAY,42,0.0
621,1.7777777777777777,-102.39999999999964,MOVING AWAY,39,0.0
622,1.7777777777777777,-102.39999999999964,MOVING AWAY,36,0.0
623,1.9943977591036415,-102.39999999999964,MOVING AWAY,34,0.0
624,1.9943977591036415,-102.39999999999964,MOVING AWAY,32,0.0
625,1.907749766573296,380.8000000000002,APPROACHING,33,0.0
626,1.9943977591036415,380.8000000000002,APPROACHING,34,0.0
627,1.9943977591036415,380.8000000000002,APPROACHING,36,0.0
628,1.9943977591036415,380.8000000000002,APPROACHING,37,0.0
629,1.9943977591036415,380.8000000000002,APPROACHING,38,0.0
630,1.9943977591036415,278.39999999999964,APPROACHING,42,0.0
631,2.1708683473389354,278.39999999999964,APPROACHING,46,0.0
632,2.1708683473389354,278.39999999999964,APPROACHING,50,0.0
633,2.1708683473389354,278.39999999999964,APPROACHING,54,0.0
634,2.1708683473389354,278.39999999999964,APPROACHING,58,0.0
635,2.1708683473389354,567.0,APPROACHING,59,0.0
636,1.9943977591036415,567.0,APPROACHING,59,0.0
637,2.1708683473389354,567.0,APPROACHING,59,0.0
638,1.7777777777777777,567.0,APPROACHING,58,0.0
639,1.9943977591036415,567.0,APPROACHING,58,0.0
640,1.9430438842203548,-732.0,MOVING AWAY,55,0.0
641,1.9943977591036415,-732.0,MOVING AWAY,52,0.0
642,1.9943977591036415,-732.0,MOVING AWAY,48,0.0
643,1.7777777777777777,-732.0,MOVING AWAY,44,0.0
644,2.1708683473389354,-732.0,MOVING AWAY,41,0.0
645,1.9863678804855276,139.19999999999982,APPROACHING,39,0.0
646,1.9943977591036415,139.19999999999982,APPROACHING,38,0.0
647,1.9943977591036415,139.19999999999982,APPROACHING,37,0.0
648,1.9943977591036415,139.19999999999982,APPROACHING,37,0.0
649,2.1708683473389354,139.19999999999982,APPROACHING,36,0.0
650,2.0649859943977593,252.60000000000036,APPROACHING,40,0.0
651,1.9943977591036415,252.60000000000036,APPROACHING,43,0.0
652,1.9943977591036415,252.60000000000036,APPROACHING,46,0.0
653,1.9943977591036415,252.60000000000036,APPROACHING,49,0.0
654,1.9943977591036415,252.60000000000036,APPROACHING,52,0.0
655,1.9943977591036415,-226.80000000000018,MOVING AWAY,50,0.0
656,1.9943977591036415,-226.80000000000018,MOVING AWAY,48,0.0
657,1.9943977591036415,-226.80000000000018,MOVING AWAY,46,0.0
658,1.9943977591036415,-226.80000000000018,MOVING AWAY,43,0.0
659,1.9943977591036415,-226.80000000000018,MOVING AWAY,41,0.0
660,1.9943977591036415,0.0,MOVING AWAY,38,0.0
661,1.9943977591036415,0.0,MOVING AWAY,35,0.0
662,1.9943977591036415,0.0,MOVING AWAY,32,0.0
663,1.7777777777777777,0.0,MOVING AWAY,28,0.0
664,1.9943977591036415,0.0,MOVING AWAY,25,0.0
665,1.9510737628384687,-139.19999999999982,MOVING AWAY,25,0.0
666,1.7777777777777777,-139.19999999999982,MOVING AWAY,24,0.0
667,1.7777777777777777,-139.19999999999982,MOVING AWAY,24,0.0
668,1.7777777777777777,-139.19999999999982,MOVING AWAY,23,0.0
669,1.9943977591036415,-139.19999999999982,MOVING AWAY,23,0.0
670,1.8211017740429505,-417.60000000000036,MOVING AWAY,22,0.0
671,1.6184251478369125,-417.60000000000036,MOVING AWAY,21,0.0
672,1.485838779956427,-417.60000000000036,MOVING AWAY,21,0.0
673,1.485838779956427,-417.60000000000036,MOVING AWAY,22,0.0
674,1.485838779956427,-417.60000000000036,MOVING AWAY,21,0.0
675,1.538873327108621,-906.8000000000002,MOVING AWAY,20,0.0
676,1.485838779956427,-906.8000000000002,MOVING AWAY,21,0.0
677,1.6184251478369125,-906.8000000000002,MOVING AWAY,20,0.0
678,1.6184251478369125,-906.8000000000002,MOVING AWAY,20,0.0
679,1.485838779956427,-906.8000000000002,MOVING AWAY,20,0.0
680,1.538873327108621,0.0,MOVING AWAY,19,0.0
681,1.6184251478369125,0.0,MOVING AWAY,19,0.0
682,1.485838779956427,0.0,MOVING AWAY,19,0.0
683,1.485838779956427,0.0,MOVING AWAY,19,0.0
684,1.485838779956427,0.0,MOVING AWAY,19,0.0
685,1.512356053532524,-85.19999999999982,MOVING AWAY,19,0.0
686,1.485838779956427,-85.19999999999982,MOVING AWAY,19,0.0
687,1.7777777777777777,-85.19999999999982,MOVING AWAY,20,0.0
688,1.7777777777777777,-85.19999999999982,MOVING AWAY,20,0.0
689,1.7777777777777777,-85.19999999999982,MOVING AWAY,20,0.0
690,1.7193899782135076,665.1999999999998,APPROACHING,23,0.0
691,1.7777777777777777,665.1999999999998,APPROACHING,26,0.0
692,1.6184251478369125,665.1999999999998,APPROACHING,28,0.0
693,1.6184251478369125,665.1999999999998,APPROACHING,30,0.0
694,1.6184251478369125,665.1999999999998,APPROACHING,32,0.0
695,1.6237784002489883,-307.1999999999998,MOVING AWAY,32,0.0
696,1.485838779956427,-307.1999999999998,MOVING AWAY,32,0.0
697,1.485838779956427,-307.1999999999998,MOVING AWAY,32,0.0
698,1.3404917522564581,-307.1999999999998,MOVING AWAY,32,0.0
699,1.485838779956427,-307.1999999999998,MOVING AWAY,32,0.0
700,1.4276999688764394,-630.0,MOVING AWAY,30,0.0
701,1.6184251478369125,-630.0,MOVING AWAY,26,0.0
702,1.6184251478369125,-630.0,MOVING AWAY,24,0.0
703,1.6184251478369125,-630.0,MOVING AWAY,21,0.0
704,1.485838779956427,-630.0,MOVING AWAY,19,0.0
705,1.5363211951447244,349.0,APPROACHING,22,0.0
706,1.2026143790849673,349.0,APPROACHING,20,0.0
707,1.2026143790849673,349.0,APPROACHING,19,0.0
708,1.2026143790849673,349.0,APPROACHING,18,0.0
709,1.2026143790849673,349.0,APPROACHING,17,0.0
710,1.2026143790849673,-1072.1999999999998,MOVING AWAY,16,0.0
711,1.2026143790849673,-1072.1999999999998,MOVING AWAY,15,0.0
712,1.2026143790849673,-1072.1999999999998,MOVING AWAY,15,0.0
713,1.2026143790849673,-1072.1999999999998,MOVING AWAY,14,0.0
714,1.2026143790849673,-1072.1999999999998,MOVING AWAY,13,0.0
715,1.2026143790849673,0.0,MOVING AWAY,10,0.0
716,1.2026143790849673,0.0,MOVING AWAY,10,0.0
717,1.2026143790849673,0.0,MOVING AWAY,10,0.0
718,1.2026143790849673,0.0,MOVING AWAY,10,0.0
719,1.3404917522564581,0.0,MOVING AWAY,10,0.0
720,1.2301898537192655,88.59999999999991,APPROACHING,10,0.0
721,1.2026143790849673,88.59999999999991,APPROACHING,10,0.0
722,1.2026143790849673,88.59999999999991,APPROACHING,10,0.0
723,1.2026143790849673,88.59999999999991,APPROACHING,10,0.0
724,1.1092436974789917,88.59999999999991,APPROACHING,9,0.0
725,1.1839402427637722,-148.5999999999999,MOVING AWAY,8,0.0
726,1.2026143790849673,-148.5999999999999,MOVING AWAY,8,0.0
727,1.2026143790849673,-148.5999999999999,MOVING AWAY,8,0.0
728,1.1092436974789917,-148.5999999999999,MOVING AWAY,7,0.0
729,1.1092436974789917,-148.5999999999999,MOVING AWAY,6,0.0
730,1.1465919701213818,-120.0,MOVING AWAY,5,0.0
731,1.1092436974789917,-120.0,MOVING AWAY,4,0.0
732,1.0,-120.0,MOVING AWAY,3,0.0
733,0.9150326797385621,-120.0,MOVING AWAY,2,0.0
734,1.0,-120.0,MOVING AWAY,2,0.0
735,0.9878618113912232,-510.0,MOVING AWAY,2,0.0
736,1.0,-510.0,MOVING AWAY,1,0.0
737,0.9150326797385621,-510.0,MOVING AWAY,0,0.0
738,1.0,-510.0,MOVING AWAY,0,0.0
739,1.0,-510.0,MOVING AWAY,0,0.0
740,0.9660130718954248,-70.19999999999982,MOVING AWAY,0,0.0
741,1.0,-70.19999999999982,MOVING AWAY,0,0.0
742,0.9150326797385621,-70.19999999999982,MOVING AWAY,0,0.0
743,1.0,-70.19999999999982,MOVING AWAY,0,0.0
744,0.9150326797385621,-70.19999999999982,MOVING AWAY,0,0.0
745,0.9660130718954248,0.0,MOVING AWAY,0,0.0
746,0.9150326797385621,0.0,MOVING AWAY,0,0.0
747,1.0,0.0,MOVING AWAY,0,0.0
748,0.9150326797385621,0.0,MOVING AWAY,0,0.0
749,0.9150326797385621,0.0,MOVING AWAY,0,0.0
750,0.9490196078431372,-54.600000000000364,MOVING AWAY,0,0.0
751,1.0,-54.600000000000364,MOVING AWAY,0,0.0
752,1.0,-54.600000000000364,MOVING AWAY,0,0.0
753,0.9150326797385621,-54.600000000000364,MOVING AWAY,0,0.0
754,0.9150326797385621,-54.600000000000364,MOVING AWAY,0,0.0
755,0.9490196078431372,0.0,MOVING AWAY,0,0.0
756,1.0,0.0,MOVING AWAY,0,0.0
757,0.9150326797385621,0.0,MOVING AWAY,0,0.0
758,0.9150326797385621,0.0,MOVING AWAY,0,0.0
759,0.9150326797385621,0.0,MOVING AWAY,0,0.0
760,0.9320261437908497,-54.59999999999991,MOVING AWAY,0,0.0
761,0.9150326797385621,-54.59999999999991,MOVING AWAY,0,0.0
762,0.9150326797385621,-54.59999999999991,MOVING AWAY,0,0.0
763,0.9150326797385621,-54.59999999999991,MOVING AWAY,0,0.0
764,0.9150326797385621,-54.59999999999991,MOVING AWAY,0,0.0
765,0.9150326797385621,-54.59999999999991,MOVING AWAY,0,0.0
766,0.9150326797385621,-54.59999999999991,MOVING AWAY,0,0.0
767,0.9150326797385621,-54.59999999999991,MOVING AWAY,0,0.0
768,0.9150326797385621,-54.59999999999991,MOVING AWAY,0,0.0
769,0.9150326797385621,-54.59999999999991,MOVING AWAY,0,0.0
770,0.9150326797385621,0.0,MOVING AWAY,0,0.0
771,0.9150326797385621,0.0,MOVING AWAY,0,0.0
772,0.9150326797385621,0.0,MOVING AWAY,0,0.0
773,0.8160597572362278,0.0,MOVING AWAY,0,0.0
774,0.9150326797385621,0.0,MOVING AWAY,0,0.0
775,0.8952380952380953,-63.59999999999991,MOVING AWAY,0,0.0
776,0.9150326797385621,-63.59999999999991,MOVING AWAY,0,0.0
777,0.9150326797385621,-63.59999999999991,MOVING AWAY,0,0.0
778,0.9150326797385621,-63.59999999999991,MOVING AWAY,0,0.0
779,0.9150326797385621,-63.59999999999991,MOVING AWAY,0,0.0
780,0.8952380952380953,0.0,MOVING AWAY,0,0.0
781,0.7394957983193278,0.0,MOVING AWAY,0,0.0
782,0.8160597572362278,0.0,MOVING AWAY,0,0.0
783,0.7394957983193278,0.0,MOVING AWAY,0,0.0
784,0.7394957983193278,0.0,MOVING AWAY,0,0.0
785,0.7701213818860878,-402.0,MOVING AWAY,0,0.0
786,0.7394957983193278,-402.0,MOVING AWAY,0,0.0
787,0.8160597572362278,-402.0,MOVING AWAY,0,0.0
788,0.7394957983193278,-402.0,MOVING AWAY,0,0.0
789,0.7394957983193278,-402.0,MOVING AWAY,0,0.0
790,0.7701213818860878,0.0,MOVING AWAY,0,0.0
791,0.8160597572362278,0.0,MOVING AWAY,0,0.0
792,0.8160597572362278,0.0,MOVING AWAY,0,0.0
793,0.7394957983193278,0.0,MOVING AWAY,0,0.0
794,0.7394957983193278,0.0,MOVING AWAY,0,0.0
795,0.7701213818860878,0.0,MOVING AWAY,0,0.0
796,0.8160597572362278,0.0,MOVING AWAY,0,0.0
797,0.8160597572362278,0.0,MOVING AWAY,0,0.0
798,0.8160597572362278,0.0,MOVING AWAY,0,0.0
799,0.7394957983193278,0.0,MOVING AWAY,0,0.0
800,0.7854341736694678,49.19999999999982,APPROACHING,0,0.0
801,0.7394957983193278,49.19999999999982,APPROACHING,0,0.0
802,0.7394957983193278,49.19999999999982,APPROACHING,0,0.0
803,0.7394957983193278,49.19999999999982,APPROACHING,0,0.0
804,0.6797385620915033,49.19999999999982,APPROACHING,0,0.0
805,0.7275443510737628,-186.0,MOVING AWAY,0,0.0
806,0.7394957983193278,-186.0,MOVING AWAY,0,0.0
807,0.6797385620915033,-186.0,MOVING AWAY,0,0.0
808,0.6797385620915033,-186.0,MOVING AWAY,0,0.0
809,0.7394957983193278,-186.0,MOVING AWAY,0,0.0
810,0.7036414565826331,-76.79999999999973,MOVING AWAY,0,0.0
811,0.7394957983193278,-76.79999999999973,MOVING AWAY,0,0.0
812,0.6797385620915033,-76.79999999999973,MOVING AWAY,0,0.0
813,0.7394957983193278,-76.79999999999973,MOVING AWAY,0,0.0
814,0.7394957983193278,-76.79999999999973,MOVING AWAY,0,0.0
815,0.7428571428571429,126.0,APPROACHING,0,0.0
816,0.6797385620915033,126.0,APPROACHING,0,0.0
817,0.7394957983193278,126.0,APPROACHING,0,0.0
818,0.6797385620915033,126.0,APPROACHING,0,0.0
819,0.6797385620915033,126.0,APPROACHING,0,0.0
820,0.6916900093370681,-164.4000000000001,MOVING AWAY,0,0.0
821,0.7394957983193278,-164.4000000000001,MOVING AWAY,0,0.0
822,0.7394957983193278,-164.4000000000001,MOVING AWAY,0,0.0
823,0.6797385620915033,-164.4000000000001,MOVING AWAY,0,0.0
824,0.6797385620915033,-164.4000000000001,MOVING AWAY,0,0.0
825,0.7036414565826331,38.40000000000009,APPROACHING,0,0.0
826,0.6797385620915033,38.40000000000009,APPROACHING,0,0.0
827,0.7394957983193278,38.40000000000009,APPROACHING,0,0.0
828,0.6797385620915033,38.40000000000009,APPROACHING,0,0.0
829,0.6797385620915033,38.40000000000009,APPROACHING,0,0.0
830,0.6916900093370681,-38.40000000000009,MOVING AWAY,0,0.0
831,0.7394957983193278,-38.40000000000009,MOVING AWAY,0,0.0
832,0.7394957983193278,-38.40000000000009,MOVING AWAY,0,0.0
833,0.7394957983193278,-38.40000000000009,MOVING AWAY,0,0.0
834,0.7394957983193278,-38.40000000000009,MOVING AWAY,0,0.0
835,0.7394957983193278,153.5999999999999,APPROACHING,0,0.0
836,0.7394957983193278,153.5999999999999,APPROACHING,0,0.0
837,0.7394957983193278,153.5999999999999,APPROACHING,0,0.0
838,0.7394957983193278,153.5999999999999,APPROACHING,0,0.0
839,0.7394957983193278,153.5999999999999,APPROACHING,0,0.0
840,0.7394957983193278,0.0,MOVING AWAY,0,0.0
841,0.7394957983193278,0.0,MOVING AWAY,0,0.0
842,0.8160597572362278,0.0,MOVING AWAY,0,0.0
843,0.8160597572362278,0.0,MOVING AWAY,0,0.0
844,0.7394957983193278,0.0,MOVING AWAY,0,0.0
845,0.7701213818860878,98.40000000000009,APPROACHING,0,0.0
846,0.8160597572362278,98.40000000000009,APPROACHING,0,0.0
847,0.7394957983193278,98.40000000000009,APPROACHING,0,0.0
848,0.7394957983193278,98.40000000000009,APPROACHING,0,0.0
849,0.8160597572362278,98.40000000000009,APPROACHING,0,0.0
850,0.7854341736694678,49.19999999999982,APPROACHING,0,0.0
851,0.7394957983193278,49.19999999999982,APPROACHING,0,0.0
852,0.8160597572362278,49.19999999999982,APPROACHING,0,0.0
853,0.7394957983193278,49.19999999999982,APPROACHING,0,0.0
854,0.9150326797385621,49.19999999999982,APPROACHING,0,0.0
855,0.8250233426704016,127.20000000000027,APPROACHING,0,0.0
856,0.9150326797385621,127.20000000000027,APPROACHING,0,0.0
857,1.0,127.20000000000027,APPROACHING,0,0.0
858,0.8160597572362278,127.20000000000027,APPROACHING,0,0.0
859,0.8160597572362278,127.20000000000027,APPROACHING,0,0.0
860,0.8726423902894491,153.0,APPROACHING,0,0.0
861,0.8160597572362278,153.0,APPROACHING,0,0.0
862,0.8160597572362278,153.0,APPROACHING,0,0.0
863,0.8160597572362278,153.0,APPROACHING,0,0.0
864,0.8160597572362278,153.0,APPROACHING,0,0.0
865,0.8160597572362278,-181.80000000000018,MOVING AWAY,0,0.0
866,0.8160597572362278,-181.80000000000018,MOVING AWAY,0,0.0
867,0.8160597572362278,-181.80000000000018,MOVING AWAY,0,0.0
868,0.8160597572362278,-181.80000000000018,MOVING AWAY,0,0.0
869,0.8160597572362278,-181.80000000000018,MOVING AWAY,0,0.0
870,0.8358543417366946,63.59999999999991,APPROACHING,0,0.0
871,0.9150326797385621,63.59999999999991,APPROACHING,0,0.0
872,1.0,63.59999999999991,APPROACHING,0,0.0
873,0.8160597572362278,63.59999999999991,APPROACHING,0,0.0
874,0.8160597572362278,63.59999999999991,APPROACHING,0,0.0
875,0.8726423902894491,118.20000000000027,APPROACHING,0,0.0
876,0.9150326797385621,118.20000000000027,APPROACHING,0,0.0
877,0.8160597572362278,118.20000000000027,APPROACHING,0,0.0
878,0.7394957983193278,118.20000000000027,APPROACHING,0,0.0
879,0.8160597572362278,118.20000000000027,APPROACHING,0,0.0
880,0.8052287581699346,-216.60000000000036,MOVING AWAY,0,0.0
881,0.9150326797385621,-216.60000000000036,MOVING AWAY,0,0.0
882,0.8160597572362278,-216.60000000000036,MOVING AWAY,0,0.0
883,0.8160597572362278,-216.60000000000036,MOVING AWAY,0,0.0
884,0.8160597572362278,-216.60000000000036,MOVING AWAY,0,0.0
885,0.8358543417366946,98.40000000000009,APPROACHING,0,0.0
886,0.8160597572362278,98.40000000000009,APPROACHING,0,0.0
887,0.8160597572362278,98.40000000000009,APPROACHING,0,0.0
888,0.8160597572362278,98.40000000000009,APPROACHING,0,0.0
889,0.8160597572362278,98.40000000000009,APPROACHING,0,0.0
890,0.8160597572362278,-63.59999999999991,MOVING AWAY,0,0.0
891,0.8160597572362278,-63.59999999999991,MOVING AWAY,0,0.0
892,0.8160597572362278,-63.59999999999991,MOVING AWAY,0,0.0
893,0.8160597572362278,-63.59999999999991,MOVING AWAY,0,0.0
894,0.8160597572362278,-63.59999999999991,MOVING AWAY,0,0.0
895,0.8007469654528478,-49.19999999999982,MOVING AWAY,0,0.0
896,0.8160597572362278,-49.19999999999982,MOVING AWAY,0,0.0
897,0.8160597572362278,-49.19999999999982,MOVING AWAY,0,0.0
898,0.7394957983193278,-49.19999999999982,MOVING AWAY,0,0.0
899,0.8160597572362278,-49.19999999999982,MOVING AWAY,0,0.0
900,0.8007469654528478,0.0,MOVING AWAY,0,0.0
901,0.8160597572362278,0.0,MOVING AWAY,0,0.0
902,0.8160597572362278,0.0,MOVING AWAY,0,0.0
903,0.8160597572362278,0.0,MOVING AWAY,0,0.0
904,0.8160597572362278,0.0,MOVING AWAY,0,0.0
905,0.8160597572362278,49.19999999999982,APPROACHING,0,0.0
906,0.8160597572362278,49.19999999999982,APPROACHING,0,0.0
907,0.8160597572362278,49.19999999999982,APPROACHING,0,0.0
908,0.8160597572362278,49.19999999999982,APPROACHING,0,0.0
909,0.8160597572362278,49.19999999999982,APPROACHING,0,0.0
910,0.8160597572362278,0.0,MOVING AWAY,0,0.0
911,0.8160597572362278,0.0,MOVING AWAY,0,0.0
912,0.8160597572362278,0.0,MOVING AWAY,0,0.0
913,0.9150326797385621,0.0,MOVING AWAY,0,0.0
914,0.8160597572362278,0.0,MOVING AWAY,0,0.0
915,0.8358543417366946,63.59999999999991,APPROACHING,0,0.0
916,0.9150326797385621,63.59999999999991,APPROACHING,0,0.0
917,0.9150326797385621,63.59999999999991,APPROACHING,0,0.0
918,1.0,63.59999999999991,APPROACHING,0,0.0
919,1.0,63.59999999999991,APPROACHING,0,0.0
920,0.9660130718954248,418.2000000000003,APPROACHING,0,0.0
921,1.0,418.2000000000003,APPROACHING,0,0.0
922,0.9150326797385621,418.2000000000003,APPROACHING,0,0.0
923,1.0,418.2000000000003,APPROACHING,0,0.0
924,1.0,418.2000000000003,APPROACHING,0,0.0
925,0.9660130718954248,0.0,MOVING AWAY,0,0.0
926,1.0,0.0,MOVING AWAY,0,0.0
927,0.9150326797385621,0.0,MOVING AWAY,0,0.0
928,0.9150326797385621,0.0,MOVING AWAY,0,0.0
929,0.9150326797385621,0.0,MOVING AWAY,0,0.0
930,0.9320261437908497,-109.20000000000027,MOVING AWAY,0,0.0
931,0.9150326797385621,-109.20000000000027,MOVING AWAY,0,0.0
932,0.9150326797385621,-109.20000000000027,MOVING AWAY,0,0.0
933,0.9150326797385621,-109.20000000000027,MOVING AWAY,0,0.0
934,0.9150326797385621,-109.20000000000027,MOVING AWAY,0,0.0
935,0.8952380952380953,-118.19999999999982,MOVING AWAY,0,0.0
936,0.8160597572362278,-118.19999999999982,MOVING AWAY,0,0.0
937,0.8160597572362278,-118.19999999999982,MOVING AWAY,0,0.0
938,0.8160597572362278,-118.19999999999982,MOVING AWAY,0,0.0
939,0.8160597572362278,-118.19999999999982,MOVING AWAY,0,0.0
940,0.8160597572362278,-254.4000000000001,MOVING AWAY,0,0.0
941,0.8160597572362278,-254.4000000000001,MOVING AWAY,0,0.0
942,0.8160597572362278,-254.4000000000001,MOVING AWAY,0,0.0
943,0.8160597572362278,-254.4000000000001,MOVING AWAY,0,0.0
944,0.8160597572362278,-254.4000000000001,MOVING AWAY,0,0.0
945,0.8160597572362278,0.0,MOVING AWAY,0,0.0
946,0.8160597572362278,0.0,MOVING AWAY,0,0.0
947,0.8160597572362278,0.0,MOVING AWAY,0,0.0
948,0.8160597572362278,0.0,MOVING AWAY,0,0.0
949,0.8160597572362278,0.0,MOVING AWAY,0,0.0
950,0.8160597572362278,0.0,MOVING AWAY,0,0.0
951,0.8160597572362278,0.0,MOVING AWAY,0,0.0
952,0.9150326797385621,0.0,MOVING AWAY,0,0.0
953,1.0,0.0,MOVING AWAY,0,0.0
954,0.9150326797385621,0.0,MOVING AWAY,0,0.0
955,0.9122315592903828,309.0,APPROACHING,0,0.0
956,1.0,309.0,APPROACHING,0,0.0
957,1.0,309.0,APPROACHING,0,0.0
958,0.9150326797385621,309.0,APPROACHING,0,0.0
959,0.9150326797385621,309.0,APPROACHING,0,0.0
960,0.9660130718954248,172.80000000000018,APPROACHING,0,0.0
961,0.9150326797385621,172.80000000000018,APPROACHING,0,0.0
962,0.9150326797385621,172.80000000000018,APPROACHING,0,0.0
963,1.0,172.80000000000018,APPROACHING,0,0.0
964,0.9150326797385621,172.80000000000018,APPROACHING,0,0.0
965,0.9320261437908497,-109.20000000000027,MOVING AWAY,0,0.0
966,1.0,-109.20000000000027,MOVING AWAY,0,0.0
967,0.9150326797385621,-109.20000000000027,MOVING AWAY,0,0.0
968,0.9150326797385621,-109.20000000000027,MOVING AWAY,0,0.0
969,1.0,-109.20000000000027,MOVING AWAY,0,0.0
970,0.9490196078431372,54.59999999999991,APPROACHING,0,0.0
971,1.0,54.59999999999991,APPROACHING,0,0.0
972,0.9150326797385621,54.59999999999991,APPROACHING,0,0.0
973,1.0,54.59999999999991,APPROACHING,0,0.0
974,0.9150326797385621,54.59999999999991,APPROACHING,0,0.0
975,0.9490196078431372,0.0,MOVING AWAY,0,0.0
976,0.9150326797385621,0.0,MOVING AWAY,0,0.0
977,1.0,0.0,MOVING AWAY,0,0.0
978,0.9150326797385621,0.0,MOVING AWAY,0,0.0
979,0.9150326797385621,0.0,MOVING AWAY,0,0.0
980,0.9320261437908497,-54.59999999999991,MOVING AWAY,0,0.0
981,1.0,-54.59999999999991,MOVING AWAY,0,0.0
982,1.0,-54.59999999999991,MOVING AWAY,0,0.0
983,0.9150326797385621,-54.59999999999991,MOVING AWAY,0,0.0
984,0.9150326797385621,-54.59999999999991,MOVING AWAY,0,0.0
985,0.9490196078431372,54.59999999999991,APPROACHING,0,0.0
986,0.9150326797385621,54.59999999999991,APPROACHING,0,0.0
987,0.8160597572362278,54.59999999999991,APPROACHING,0,0.0
988,0.8160597572362278,54.59999999999991,APPROACHING,0,0.0
989,0.8160597572362278,54.59999999999991,APPROACHING,0,0.0
990,0.8358543417366946,-363.5999999999999,MOVING AWAY,0,0.0
991,0.8160597572362278,-363.5999999999999,MOVING AWAY,0,0.0
992,0.8160597572362278,-363.5999999999999,MOVING AWAY,0,0.0
993,0.8160597572362278,-363.5999999999999,MOVING AWAY,0,0.0
994,0.9150326797385621,-363.5999999999999,MOVING AWAY,0,0.0
995,0.8726423902894491,118.20000000000027,APPROACHING,0,0.0
996,0.9150326797385621,118.20000000000027,APPROACHING,0,0.0
997,1.0,118.20000000000027,APPROACHING,0,0.0
998,1.0,118.20000000000027,APPROACHING,0,0.0
999,1.0,118.20000000000027,APPROACHING,0,0.0
1000,0.9830065359477125,354.5999999999999,APPROACHING,0,0.0
1001,1.0,354.5999999999999,APPROACHING,0,0.0
1002,1.0,354.5999999999999,APPROACHING,0,0.0
1003,1.0,354.5999999999999,APPROACHING,0,0.0
1004,0.9150326797385621,354.5999999999999,APPROACHING,0,0.0
1005,0.9830065359477125,0.0,MOVING AWAY,0,0.0
1006,1.0,0.0,MOVING AWAY,0,0.0
1007,0.9150326797385621,0.0,MOVING AWAY,0,0.0
1008,0.9150326797385621,0.0,MOVING AWAY,0,0.0
1009,1.0,0.0,MOVING AWAY,0,0.0
1010,0.9490196078431372,-109.20000000000027,MOVING AWAY,0,0.0
1011,1.0,-109.20000000000027,MOVING AWAY,0,0.0
1012,1.0,-109.20000000000027,MOVING AWAY,0,0.0
1013,0.9150326797385621,-109.20000000000027,MOVING AWAY,0,0.0
1014,0.9150326797385621,-109.20000000000027,MOVING AWAY,0,0.0
1015,0.9660130718954248,54.600000000000364,APPROACHING,0,0.0
1016,0.9150326797385621,54.600000000000364,APPROACHING,0,0.0
1017,1.0,54.600000000000364,APPROACHING,0,0.0
1018,0.9150326797385621,54.600000000000364,APPROACHING,0,0.0
1019,0.9150326797385621,54.600000000000364,APPROACHING,0,0.0
1020,0.9490196078431372,-54.600000000000364,MOVING AWAY,0,0.0
1021,1.0,-54.600000000000364,MOVING AWAY,0,0.0
1022,0.9150326797385621,-54.600000000000364,MOVING AWAY,0,0.0
1023,1.0,-54.600000000000364,MOVING AWAY,0,0.0
1024,1.0,-54.600000000000364,MOVING AWAY,0,0.0
1025,0.9830065359477125,109.20000000000027,APPROACHING,0,0.0
1026,1.0,109.20000000000027,APPROACHING,0,0.0
1027,1.1092436974789917,109.20000000000027,APPROACHING,0,0.0
1028,1.0,109.20000000000027,APPROACHING,0,0.0
1029,1.0,109.20000000000027,APPROACHING,0,0.0
1030,1.0218487394957982,124.79999999999973,APPROACHING,0,0.0
1031,1.0,124.79999999999973,APPROACHING,0,0.0
1032,1.0,124.79999999999973,APPROACHING,0,0.0
1033,1.0,124.79999999999973,APPROACHING,0,0.0
1034,0.9150326797385621,124.79999999999973,APPROACHING,0,0.0
1035,0.9830065359477125,-124.79999999999973,MOVING AWAY,0,0.0
1036,0.9150326797385621,-124.79999999999973,MOVING AWAY,0,0.0
1037,1.0,-124.79999999999973,MOVING AWAY,0,0.0
1038,1.0,-124.79999999999973,MOVING AWAY,0,0.0
1039,1.0,-124.79999999999973,MOVING AWAY,0,0.0
1040,0.9830065359477125,0.0,MOVING AWAY,0,0.0
1041,1.1092436974789917,0.0,MOVING AWAY,0,0.0
1042,1.1092436974789917,0.0,MOVING AWAY,0,0.0
1043,1.2026143790849673,0.0,MOVING AWAY,1,0.0
1044,1.2026143790849673,0.0,MOVING AWAY,2,0.0
1045,1.165266106442577,585.5999999999999,APPROACHING,2,0.0
1046,1.3404917522564581,585.5999999999999,APPROACHING,6,0.0
1047,1.2026143790849673,585.5999999999999,APPROACHING,7,0.0
1048,1.2026143790849673,585.5999999999999,APPROACHING,8,0.0
1049,1.1092436974789917,585.5999999999999,APPROACHING,8,0.0
1050,1.2115157173980704,148.5999999999999,APPROACHING,9,0.0
1051,1.3404917522564581,148.5999999999999,APPROACHING,14,0.0
1052,1.485838779956427,148.5999999999999,APPROACHING,19,0.0
1053,1.3404917522564581,148.5999999999999,APPROACHING,23,0.0
1054,1.485838779956427,148.5999999999999,APPROACHING,27,0.0
1055,1.3986305633364458,601.2000000000003,APPROACHING,32,0.0
1056,1.485838779956427,601.2000000000003,APPROACHING,33,0.0
1057,1.485838779956427,601.2000000000003,APPROACHING,37,0.0
1058,1.3404917522564581,601.2000000000003,APPROACHING,41,0.0
1059,1.2026143790849673,601.2000000000003,APPROACHING,42,0.0
1060,1.4001244942421414,4.800000000000182,APPROACHING,46,2.5
1061,1.485838779956427,4.800000000000182,APPROACHING,46,2.5
1062,1.2026143790849673,4.800000000000182,APPROACHING,42,0.0
1063,1.3404917522564581,4.800000000000182,APPROACHING,42,2.5
1064,1.3404917522564581,4.800000000000182,APPROACHING,41,2.5
1065,1.3419856831621537,-186.80000000000018,MOVING AWAY,37,0.0
1066,1.2026143790849673,-186.80000000000018,MOVING AWAY,33,0.0
1067,1.3404917522564581,-186.80000000000018,MOVING AWAY,29,0.0
1068,1.485838779956427,-186.80000000000018,MOVING AWAY,27,0.0
1069,1.2026143790849673,-186.80000000000018,MOVING AWAY,27,0.0
1070,1.3144102085278555,-88.60000000000036,MOVING AWAY,24,0.0
1071,1.3404917522564581,-88.60000000000036,MOVING AWAY,20,0.0
1072,1.2026143790849673,-88.60000000000036,MOVING AWAY,20,0.0
1073,1.2026143790849673,-88.60000000000036,MOVING AWAY,17,0.0
1074,1.3404917522564581,-88.60000000000036,MOVING AWAY,14,0.0
1075,1.285340802987862,-93.39999999999964,MOVING AWAY,14,0.0
1076,1.485838779956427,-93.39999999999964,MOVING AWAY,15,0.0
1077,1.3404917522564581,-93.39999999999964,MOVING AWAY,15,0.0
1078,1.3404917522564581,-93.39999999999964,MOVING AWAY,15,0.0
1079,1.3404917522564581,-93.39999999999964,MOVING AWAY,15,0.0
1080,1.3986305633364458,364.0,APPROACHING,19,0.0
1081,1.3404917522564581,364.0,APPROACHING,22,0.0
1082,1.3404917522564581,364.0,APPROACHING,25,0.0
1083,1.3404917522564581,364.0,APPROACHING,29,0.0
1084,1.485838779956427,364.0,APPROACHING,33,0.0
1085,1.3986305633364458,0.0,MOVING AWAY,33,0.0
1086,1.485838779956427,0.0,MOVING AWAY,33,0.0
1087,1.3404917522564581,0.0,MOVING AWAY,33,0.0
1088,1.485838779956427,0.0,MOVING AWAY,34,0.0
1089,1.6184251478369125,0.0,MOVING AWAY,34,0.0
1090,1.5416744475568003,459.59999999999945,APPROACHING,33,0.0
1091,1.7777777777777777,459.59999999999945,APPROACHING,33,0.0
1092,1.9943977591036415,459.59999999999945,APPROACHING,34,0.0
1093,2.1708683473389354,459.59999999999945,APPROACHING,36,0.0
1094,2.1708683473389354,459.59999999999945,APPROACHING,36,0.0
1095,2.0216619981325863,1542.2000000000007,APPROACHING,40,0.0
1096,1.9943977591036415,1542.2000000000007,APPROACHING,43,0.0
1097,2.1708683473389354,1542.2000000000007,APPROACHING,48,0.0
1098,2.1708683473389354,1542.2000000000007,APPROACHING,52,0.0
1099,2.1708683473389354,1542.2000000000007,APPROACHING,56,0.0
1100,2.1355742296918767,366.0,APPROACHING,58,0.0
1101,2.1708683473389354,366.0,APPROACHING,60,0.0
1102,1.9943977591036415,366.0,APPROACHING,60,0.0
1103,1.9943977591036415,366.0,APPROACHING,59,0.0
1104,2.1708683473389354,366.0,APPROACHING,59,0.0
1105,2.100280112044818,-113.40000000000055,MOVING AWAY,56,0.0
1106,2.4095860566448803,-113.40000000000055,MOVING AWAY,55,0.0
1107,2.4095860566448803,-113.40000000000055,MOVING AWAY,53,0.0
1108,2.660753190164955,-113.40000000000055,MOVING AWAY,51,0.0
1109,2.660753190164955,-113.40000000000055,MOVING AWAY,50,0.0
1110,2.560286336756925,1478.000000000001,APPROACHING,51,0.0
1111,2.660753190164955,1478.000000000001,APPROACHING,53,0.0
1112,2.660753190164955,1478.000000000001,APPROACHING,55,0.0
1113,2.660753190164955,1478.000000000001,APPROACHING,57,0.0
1114,2.4095860566448803,1478.000000000001,APPROACHING,58,0.0
1115,2.560286336756925,0.0,MOVING AWAY,60,0.0
1116,2.660753190164955,0.0,MOVING AWAY,60,0.0
1117,2.660753190164955,0.0,MOVING AWAY,61,0.0
1118,2.660753190164955,0.0,MOVING AWAY,61,0.0
1119,2.660753190164955,0.0,MOVING AWAY,61,0.0
1120,2.660753190164955,322.7999999999993,APPROACHING,61,0.0
1121,2.660753190164955,322.7999999999993,APPROACHING,61,0.0
1122,2.4095860566448803,322.7999999999993,APPROACHING,61,0.0
1123,2.4095860566448803,322.7999999999993,APPROACHING,60,0.0
1124,2.4095860566448803,322.7999999999993,APPROACHING,60,0.0
1125,2.459819483348895,-645.6000000000004,MOVING AWAY,59,0.0
1126,2.4095860566448803,-645.6000000000004,MOVING AWAY,59,0.0
1127,2.4095860566448803,-645.6000000000004,MOVING AWAY,58,0.0
1128,2.660753190164955,-645.6000000000004,MOVING AWAY,58,0.0
1129,2.660753190164955,-645.6000000000004,MOVING AWAY,58,0.0
1130,2.560286336756925,322.8000000000011,APPROACHING,58,0.0
1131,2.660753190164955,322.8000000000011,APPROACHING,58,0.0
1132,2.660753190164955,322.8000000000011,APPROACHING,58,0.0
1133,2.660753190164955,322.8000000000011,APPROACHING,59,0.0
1134,2.660753190164955,322.8000000000011,APPROACHING,60,0.0
1135,2.660753190164955,322.7999999999993,APPROACHING,64,0.0
1136,2.660753190164955,322.7999999999993,APPROACHING,67,0.0
1137,2.9243697478991595,322.7999999999993,APPROACHING,72,0.0
1138,2.9243697478991595,322.7999999999993,APPROACHING,76,0.0
1139,3.2356053532524123,322.7999999999993,APPROACHING,80,0.0
1140,2.99614067849362,1077.6000000000004,APPROACHING,82,0.0
1141,3.2356053532524123,1077.6000000000004,APPROACHING,83,0.0
1142,3.2356053532524123,1077.6000000000004,APPROACHING,84,0.0
1143,3.5555555555555554,1077.6000000000004,APPROACHING,85,0.0
1144,3.5555555555555554,1077.6000000000004,APPROACHING,86,0.0
1145,3.427575474634298,1386.199999999999,APPROACHING,87,2.5
1146,3.5555555555555554,1386.199999999999,APPROACHING,88,2.5
1147,3.9293495175848117,1386.199999999999,APPROACHING,88,2.5
1148,3.9293495175848117,1386.199999999999,APPROACHING,88,2.5
1149,3.9293495175848117,1386.199999999999,APPROACHING,88,2.5
1150,3.8545907251789604,1372.0,APPROACHING,88,5.0
1151,3.9293495175848117,1372.0,APPROACHING,87,5.0
1152,3.9293495175848117,1372.0,APPROACHING,87,5.0
1153,4.321817615935263,1372.0,APPROACHING,86,5.0
1154,4.321817615935263,1372.0,APPROACHING,86,5.0
1155,4.1648303765950825,996.8000000000011,APPROACHING,85,7.5
1156,4.321817615935263,996.8000000000011,APPROACHING,85,7.5
1157,4.321817615935263,996.8000000000011,APPROACHING,84,7.5
1158,4.76750700280112,996.8000000000011,APPROACHING,84,7.5
1159,4.76750700280112,996.8000000000011,APPROACHING,83,7.5
1160,4.5892312480547774,1363.6000000000004,APPROACHING,83,10.0
1161,4.76750700280112,1363.6000000000004,APPROACHING,82,10.0
1162,4.76750700280112,1363.6000000000004,APPROACHING,82,10.0
1163,4.76750700280112,1363.6000000000004,APPROACHING,81,10.0
1164,4.76750700280112,1363.6000000000004,APPROACHING,81,10.0
1165,4.76750700280112,572.7999999999993,APPROACHING,80,12.5
1166,4.76750700280112,572.7999999999993,APPROACHING,80,12.5
1167,4.76750700280112,572.7999999999993,APPROACHING,79,12.5
1168,4.76750700280112,572.7999999999993,APPROACHING,79,12.5
1169,4.76750700280112,572.7999999999993,APPROACHING,78,12.5
1170,4.76750700280112,0.0,MOVING AWAY,76,0.0
1171,4.76750700280112,0.0,MOVING AWAY,74,0.0
1172,4.76750700280112,0.0,MOVING AWAY,72,0.0
1173,4.76750700280112,0.0,MOVING AWAY,70,0.0
1174,4.76750700280112,0.0,MOVING AWAY,68,0.0
1175,4.76750700280112,0.0,MOVING AWAY,66,0.0
1176,4.76750700280112,0.0,MOVING AWAY,65,0.0
1177,4.76750700280112,0.0,MOVING AWAY,63,0.0
1178,4.76750700280112,0.0,MOVING AWAY,61,0.0
1179,4.76750700280112,0.0,MOVING AWAY,60,0.0
1180,4.76750700280112,0.0,MOVING AWAY,60,0.0
1181,4.76750700280112,0.0,MOVING AWAY,60,0.0
1182,4.76750700280112,0.0,MOVING AWAY,60,0.0
1183,4.76750700280112,0.0,MOVING AWAY,60,0.0
1184,4.76750700280112,0.0,MOVING AWAY,60,0.0
1185,4.76750700280112,0.0,MOVING AWAY,60,0.0
1186,4.76750700280112,0.0,MOVING AWAY,60,0.0
1187,4.76750700280112,0.0,MOVING AWAY,60,0.0
1188,5.243697478991597,0.0,MOVING AWAY,60,0.0
1189,5.243697478991597,0.0,MOVING AWAY,60,0.0
1190,5.053221288515406,918.0,APPROACHING,63,0.0
1191,5.818860877684407,918.0,APPROACHING,66,0.0
1192,5.818860877684407,918.0,APPROACHING,69,0.0
1193,5.818860877684407,918.0,APPROACHING,72,0.0
1194,6.383753501400561,918.0,APPROACHING,75,0.0
1195,5.931839402427638,2823.0,APPROACHING,78,0.0
1196,5.818860877684407,2823.0,APPROACHING,81,0.0
1197,6.383753501400561,2823.0,APPROACHING,84,0.0
1198,6.383753501400561,2823.0,APPROACHING,87,0.0
1199,5.818860877684407,2823.0,APPROACHING,90,0.0
1200,6.044817927170868,363.0,APPROACHING,90,0.0
1201,6.383753501400561,363.0,APPROACHING,90,0.0
1202,6.383753501400561,363.0,APPROACHING,90,0.0
1203,5.818860877684407,363.0,APPROACHING,90,0.0
1204,5.818860877684407,363.0,APPROACHING,90,0.0
1205,6.044817927170868,0.0,MOVING AWAY,87,0.0
1206,5.818860877684407,0.0,MOVING AWAY,84,0.0
1207,5.818860877684407,0.0,MOVING AWAY,81,0.0
1208,5.243697478991597,0.0,MOVING AWAY,78,0.0
1209,4.76750700280112,0.0,MOVING AWAY,75,0.0
1210,5.194148770619359,-2733.2000000000007,MOVING AWAY,72,0.0
1211,4.321817615935263,-2733.2000000000007,MOVING AWAY,69,0.0
1212,4.321817615935263,-2733.2000000000007,MOVING AWAY,66,0.0
1213,4.321817615935263,-2733.2000000000007,MOVING AWAY,63,0.0
1214,4.321817615935263,-2733.2000000000007,MOVING AWAY,60,0.0
1215,4.321817615935263,-2802.7999999999993,MOVING AWAY,60,0.0
1216,4.76750700280112,-2802.7999999999993,MOVING AWAY,60,0.0
1217,4.76750700280112,-2802.7999999999993,MOVING AWAY,60,0.0
1218,5.243697478991597,-2802.7999999999993,MOVING AWAY,60,0.0
1219,5.243697478991597,-2802.7999999999993,MOVING AWAY,60,0.0
1220,5.168253968253968,2719.5999999999985,APPROACHING,63,0.0
1221,6.383753501400561,2719.5999999999985,APPROACHING,66,0.0
1222,6.383753501400561,2719.5999999999985,APPROACHING,69,0.0
1223,6.383753501400561,2719.5999999999985,APPROACHING,72,0.0
1224,6.383753501400561,2719.5999999999985,APPROACHING,75,0.0
1225,6.383753501400561,3905.4000000000015,APPROACHING,78,0.0
1226,6.383753501400561,3905.4000000000015,APPROACHING,81,0.0
1227,6.383753501400561,3905.4000000000015,APPROACHING,84,0.0
1228,6.383753501400561,3905.4000000000015,APPROACHING,87,0.0
1229,6.383753501400561,3905.4000000000015,APPROACHING,90,0.0
1230,6.383753501400561,0.0,MOVING AWAY,87,0.0
1231,6.383753501400561,0.0,MOVING AWAY,84,0.0
1232,7.016806722689076,0.0,MOVING AWAY,81,0.0
1233,7.016806722689076,0.0,MOVING AWAY,78,0.0
1234,7.016806722689076,0.0,MOVING AWAY,75,0.0
1235,6.890196078431373,1627.2000000000007,APPROACHING,75,0.0
1236,8.532835356364767,1627.2000000000007,APPROACHING,75,0.0
1237,8.532835356364767,1627.2000000000007,APPROACHING,75,0.0
1238,9.479614067849361,1627.2000000000007,APPROACHING,75,0.0
1239,8.532835356364767,1627.2000000000007,APPROACHING,75,0.0
1240,8.911546840958605,6494.5999999999985,APPROACHING,78,0.0
1241,9.479614067849361,6494.5999999999985,APPROACHING,81,0.0
1242,9.479614067849361,6494.5999999999985,APPROACHING,84,0.0
1243,9.479614067849361,6494.5999999999985,APPROACHING,87,0.0
1244,8.532835356364767,6494.5999999999985,APPROACHING,90,0.0
1245,9.290258325552443,1216.7999999999993,APPROACHING,90,0.0
1246,9.479614067849361,1216.7999999999993,APPROACHING,90,0.0
1247,9.479614067849361,1216.7999999999993,APPROACHING,90,0.0
1248,9.479614067849361,1216.7999999999993,APPROACHING,90,0.0
1249,8.532835356364767,1216.7999999999993,APPROACHING,90,0.0
1250,9.290258325552443,0.0,MOVING AWAY,87,0.0
1251,9.479614067849361,0.0,MOVING AWAY,84,0.0
1252,9.479614067849361,0.0,MOVING AWAY,81,0.0
1253,9.479614067849361,0.0,MOVING AWAY,78,0.0
1254,8.532835356364767,0.0,MOVING AWAY,75,0.0
1255,9.100902583255525,-608.3999999999978,MOVING AWAY,72,0.0
1256,8.532835356364767,-608.3999999999978,MOVING AWAY,69,0.0
1257,8.532835356364767,-608.3999999999978,MOVING AWAY,66,0.0
1258,8.532835356364767,-608.3999999999978,MOVING AWAY,63,0.0
1259,8.532835356364767,-608.3999999999978,MOVING AWAY,60,0.0
1260,8.532835356364767,-1825.2000000000007,MOVING AWAY,60,0.0
1261,7.7784002489884845,-1825.2000000000007,MOVING AWAY,60,0.0
1262,7.7784002489884845,-1825.2000000000007,MOVING AWAY,60,0.0
1263,8.532835356364767,-1825.2000000000007,MOVING AWAY,60,0.0
1264,8.532835356364767,-1825.2000000000007,MOVING AWAY,60,0.0
1265,8.231061313414255,-969.5999999999985,MOVING AWAY,60,0.0
1266,8.532835356364767,-969.5999999999985,MOVING AWAY,60,0.0
1267,8.532835356364767,-969.5999999999985,MOVING AWAY,60,0.0
1268,7.7784002489884845,-969.5999999999985,MOVING AWAY,60,0.0
1269,8.532835356364767,-969.5999999999985,MOVING AWAY,60,0.0
1270,8.381948334889511,484.7999999999993,APPROACHING,63,0.0
1271,8.532835356364767,484.7999999999993,APPROACHING,66,0.0
1272,9.479614067849361,484.7999999999993,APPROACHING,69,0.0
1273,9.479614067849361,484.7999999999993,APPROACHING,72,0.0
1274,8.532835356364767,484.7999999999993,APPROACHING,75,0.0
1275,9.100902583255525,2310.0,APPROACHING,78,0.0
1276,7.7784002489884845,2310.0,APPROACHING,81,0.0
1277,7.7784002489884845,2310.0,APPROACHING,84,0.0
1278,7.7784002489884845,2310.0,APPROACHING,87,0.0
1279,7.7784002489884845,2310.0,APPROACHING,90,0.0
1280,7.7784002489884845,-4249.200000000001,MOVING AWAY,87,0.0
1281,7.7784002489884845,-4249.200000000001,MOVING AWAY,84,0.0
1282,7.7784002489884845,-4249.200000000001,MOVING AWAY,81,0.0
1283,7.7784002489884845,-4249.200000000001,MOVING AWAY,78,0.0
1284,7.7784002489884845,-4249.200000000001,MOVING AWAY,75,0.0
1285,7.7784002489884845,0.0,MOVING AWAY,72,0.0
1286,7.016806722689076,0.0,MOVING AWAY,69,0.0
1287,7.016806722689076,0.0,MOVING AWAY,66,0.0
1288,7.016806722689076,0.0,MOVING AWAY,63,0.0
1289,6.383753501400561,0.0,MOVING AWAY,60,0.0
1290,6.890196078431373,-2853.7999999999993,MOVING AWAY,60,0.0
1291,7.016806722689076,-2853.7999999999993,MOVING AWAY,60,0.0
1292,7.016806722689076,-2853.7999999999993,MOVING AWAY,60,0.0
1293,6.383753501400561,-2853.7999999999993,MOVING AWAY,60,0.0
1294,6.383753501400561,-2853.7999999999993,MOVING AWAY,60,0.0
1295,6.636974789915966,-813.6000000000022,MOVING AWAY,60,0.0
1296,6.383753501400561,-813.6000000000022,MOVING AWAY,60,0.0
1297,6.383753501400561,-813.6000000000022,MOVING AWAY,60,0.0
1298,6.383753501400561,-813.6000000000022,MOVING AWAY,60,0.0
1299,6.383753501400561,-813.6000000000022,MOVING AWAY,60,0.0
1300,6.383753501400561,-813.5999999999985,MOVING AWAY,60,0.0
1301,5.818860877684407,-813.5999999999985,MOVING AWAY,60,0.0
1302,5.818860877684407,-813.5999999999985,MOVING AWAY,60,0.0
1303,5.818860877684407,-813.5999999999985,MOVING AWAY,60,0.0
1304,5.243697478991597,-813.5999999999985,MOVING AWAY,60,0.0
1305,5.703828197945845,-2184.5999999999985,MOVING AWAY,60,0.0
1306,5.243697478991597,-2184.5999999999985,MOVING AWAY,60,0.0
1307,5.243697478991597,-2184.5999999999985,MOVING AWAY,60,0.0
1308,4.76750700280112,-2184.5999999999985,MOVING AWAY,60,0.0
1309,4.76750700280112,-2184.5999999999985,MOVING AWAY,60,0.0
1310,4.957983193277311,-2396.4000000000015,MOVING AWAY,60,0.0
1311,4.76750700280112,-2396.4000000000015,MOVING AWAY,60,0.0
1312,4.321817615935263,-2396.4000000000015,MOVING AWAY,60,0.0
1313,4.321817615935263,-2396.4000000000015,MOVING AWAY,60,0.0
1314,3.9293495175848117,-2396.4000000000015,MOVING AWAY,60,0.0
1315,4.332461873638344,-2009.7999999999993,MOVING AWAY,60,0.0
1316,4.76750700280112,-2009.7999999999993,MOVING AWAY,60,0.0
1317,4.321817615935263,-2009.7999999999993,MOVING AWAY,60,0.0
1318,3.9293495175848117,-2009.7999999999993,MOVING AWAY,60,0.0
1319,3.9293495175848117,-2009.7999999999993,MOVING AWAY,60,0.0
1320,4.100715841892312,-744.6000000000004,MOVING AWAY,60,0.0
1321,3.9293495175848117,-744.6000000000004,MOVING AWAY,60,0.0
1322,3.5555555555555554,-744.6000000000004,MOVING AWAY,60,0.0
1323,3.9293495175848117,-744.6000000000004,MOVING AWAY,60,0.0
1324,3.2356053532524123,-744.6000000000004,MOVING AWAY,60,0.0
1325,3.6410830999066293,-1476.800000000001,MOVING AWAY,60,0.0
1326,3.5555555555555554,-1476.800000000001,MOVING AWAY,60,0.0
1327,3.5555555555555554,-1476.800000000001,MOVING AWAY,60,0.0
1328,3.2356053532524123,-1476.800000000001,MOVING AWAY,60,0.0
1329,3.5555555555555554,-1476.800000000001,MOVING AWAY,60,0.0
1330,3.427575474634298,-686.0,MOVING AWAY,60,0.0
1331,2.9243697478991595,-686.0,MOVING AWAY,59,0.0
1332,2.9243697478991595,-686.0,MOVING AWAY,59,0.0
1333,2.9243697478991595,-686.0,MOVING AWAY,59,0.0
1334,3.2356053532524123,-686.0,MOVING AWAY,59,0.0
1335,3.0488639900404606,-1216.7999999999993,MOVING AWAY,59,0.0
1336,3.2356053532524123,-1216.7999999999993,MOVING AWAY,59,0.0
1337,3.2356053532524123,-1216.7999999999993,MOVING AWAY,59,0.0
1338,3.2356053532524123,-1216.7999999999993,MOVING AWAY,59,0.0
1339,2.9243697478991595,-1216.7999999999993,MOVING AWAY,58,0.0
1340,3.2373482726423903,605.6000000000004,APPROACHING,61,0.0
1341,3.2356053532524123,605.6000000000004,APPROACHING,65,0.0
1342,3.2356053532524123,605.6000000000004,APPROACHING,68,0.0
1343,2.9243697478991595,605.6000000000004,APPROACHING,71,0.0
1344,3.2356053532524123,605.6000000000004,APPROACHING,74,0.0
1345,3.111111111111111,-405.60000000000036,MOVING AWAY,74,0.0
1346,3.2356053532524123,-405.60000000000036,MOVING AWAY,74,0.0
1347,3.2356053532524123,-405.60000000000036,MOVING AWAY,74,0.0
1348,3.9293495175848117,-405.60000000000036,MOVING AWAY,74,0.0
1349,3.9293495175848117,-405.60000000000036,MOVING AWAY,74,0.0
1350,3.5770930594460006,1497.2000000000007,APPROACHING,74,0.0
1351,4.321817615935263,1497.2000000000007,APPROACHING,74,0.0
1352,3.9293495175848117,1497.2000000000007,APPROACHING,74,0.0
1353,4.321817615935263,1497.2000000000007,APPROACHING,75,0.0
1354,4.321817615935263,1497.2000000000007,APPROACHING,75,0.0
1355,4.243323996265173,2140.5999999999985,APPROACHING,78,0.0
1356,4.321817615935263,2140.5999999999985,APPROACHING,81,0.0
1357,4.321817615935263,2140.5999999999985,APPROACHING,84,0.0
1358,4.321817615935263,2140.5999999999985,APPROACHING,87,0.0
1359,3.9293495175848117,2140.5999999999985,APPROACHING,90,0.0
1360,4.243323996265173,0.0,MOVING AWAY,87,0.0
1361,4.321817615935263,0.0,MOVING AWAY,84,0.0
1362,4.321817615935263,0.0,MOVING AWAY,81,0.0
1363,3.9293495175848117,0.0,MOVING AWAY,78,0.0
1364,4.321817615935263,0.0,MOVING AWAY,75,0.0
1365,4.243323996265173,0.0,MOVING AWAY,72,0.0
1366,4.76750700280112,0.0,MOVING AWAY,69,0.0
1367,4.321817615935263,0.0,MOVING AWAY,66,0.0
1368,4.76750700280112,0.0,MOVING AWAY,63,0.0
1369,4.321817615935263,0.0,MOVING AWAY,60,0.0
1370,4.684469343292873,1417.4000000000015,APPROACHING,63,0.0
1371,5.243697478991597,1417.4000000000015,APPROACHING,66,0.0
1372,5.818860877684407,1417.4000000000015,APPROACHING,69,0.0
1373,5.818860877684407,1417.4000000000015,APPROACHING,72,0.0
1374,5.818860877684407,1417.4000000000015,APPROACHING,75,0.0
1375,5.703828197945845,3275.2000000000007,APPROACHING,78,0.0
1376,6.383753501400561,3275.2000000000007,APPROACHING,81,0.0
1377,5.818860877684407,3275.2000000000007,APPROACHING,84,0.0
1378,6.383753501400561,3275.2000000000007,APPROACHING,87,0.0
1379,6.383753501400561,3275.2000000000007,APPROACHING,90,0.0
1380,6.2707749766573295,1821.5999999999985,APPROACHING,90,0.0
1381,6.383753501400561,1821.5999999999985,APPROACHING,90,0.0
1382,6.383753501400561,1821.5999999999985,APPROACHING,90,0.0
1383,7.016806722689076,1821.5999999999985,APPROACHING,90,0.0
1384,7.016806722689076,1821.5999999999985,APPROACHING,90,0.0
1385,6.915904139433551,2072.7999999999993,APPROACHING,89,2.5
1386,7.7784002489884845,2072.7999999999993,APPROACHING,89,2.5
1387,7.7784002489884845,2072.7999999999993,APPROACHING,89,2.5
1388,8.532835356364767,2072.7999999999993,APPROACHING,88,2.5
1389,8.532835356364767,2072.7999999999993,APPROACHING,88,2.5
1390,8.080174291938997,3740.7999999999993,APPROACHING,88,5.0
1391,8.532835356364767,3740.7999999999993,APPROACHING,87,5.0
1392,8.532835356364767,3740.7999999999993,APPROACHING,87,5.0
1393,8.532835356364767,3740.7999999999993,APPROACHING,86,5.0
1394,9.479614067849361,3740.7999999999993,APPROACHING,86,5.0
1395,8.722191098661687,2062.800000000003,APPROACHING,85,7.5
1396,9.479614067849361,2062.800000000003,APPROACHING,85,7.5
1397,9.479614067849361,2062.800000000003,APPROACHING,84,7.5
1398,9.479614067849361,2062.800000000003,APPROACHING,84,7.5
1399,9.479614067849361,2062.800000000003,APPROACHING,83,7.5
1400,9.479614067849361,2433.5999999999985,APPROACHING,83,10.0
1401,9.479614067849361,2433.5999999999985,APPROACHING,82,10.0
1402,9.479614067849361,2433.5999999999985,APPROACHING,82,10.0
1403,9.479614067849361,2433.5999999999985,APPROACHING,81,10.0
1404,9.479614067849361,2433.5999999999985,APPROACHING,81,10.0
1405,9.290258325552443,-608.4000000000015,MOVING AWAY,78,0.0
1406,8.532835356364767,-608.4000000000015,MOVING AWAY,76,0.0
1407,8.532835356364767,-608.4000000000015,MOVING AWAY,74,0.0
1408,7.7784002489884845,-608.4000000000015,MOVING AWAY,72,0.0
1409,7.7784002489884845,-608.4000000000015,MOVING AWAY,70,0.0
1410,8.080174291938997,-3888.0,MOVING AWAY,68,0.0
1411,7.7784002489884845,-3888.0,MOVING AWAY,66,0.0
1412,7.7784002489884845,-3888.0,MOVING AWAY,64,0.0
1413,7.016806722689076,-3888.0,MOVING AWAY,62,0.0
1414,7.016806722689076,-3888.0,MOVING AWAY,60,0.0
1415,7.321444133208839,-2437.7999999999993,MOVING AWAY,60,0.0
1416,7.016806722689076,-2437.7999999999993,MOVING AWAY,60,0.0
1417,7.016806722689076,-2437.7999999999993,MOVING AWAY,60,0.0
1418,7.016806722689076,-2437.7999999999993,MOVING AWAY,60,0.0
1419,7.016806722689076,-2437.7999999999993,MOVING AWAY,60,0.0
1420,7.169125427948958,-489.3999999999978,MOVING AWAY,60,0.0
1421,7.7784002489884845,-489.3999999999978,MOVING AWAY,60,0.0
1422,7.7784002489884845,-489.3999999999978,MOVING AWAY,60,0.0
1423,7.7784002489884845,-489.3999999999978,MOVING AWAY,60,0.0
1424,7.7784002489884845,-489.3999999999978,MOVING AWAY,60,0.0
1425,7.7784002489884845,1957.5999999999985,APPROACHING,63,0.0
1426,8.532835356364767,1957.5999999999985,APPROACHING,66,0.0
1427,8.532835356364767,1957.5999999999985,APPROACHING,69,0.0
1428,8.532835356364767,1957.5999999999985,APPROACHING,72,0.0
1429,8.532835356364767,1957.5999999999985,APPROACHING,75,0.0
1430,8.532835356364767,2424.0,APPROACHING,78,0.0
1431,8.532835356364767,2424.0,APPROACHING,81,0.0
1432,9.479614067849361,2424.0,APPROACHING,84,0.0
1433,9.479614067849361,2424.0,APPROACHING,87,0.0
1434,9.479614067849361,2424.0,APPROACHING,90,0.0
1435,9.290258325552443,2433.5999999999985,APPROACHING,90,0.0
1436,9.479614067849361,2433.5999999999985,APPROACHING,90,0.0
1437,9.479614067849361,2433.5999999999985,APPROACHING,90,0.0
1438,9.479614067849361,2433.5999999999985,APPROACHING,90,0.0
1439,9.479614067849361,2433.5999999999985,APPROACHING,90,0.0
1440,9.479614067849361,608.4000000000015,APPROACHING,89,2.5
1441,9.479614067849361,608.4000000000015,APPROACHING,89,2.5
1442,9.479614067849361,608.4000000000015,APPROACHING,89,2.5
1443,9.479614067849361,608.4000000000015,APPROACHING,88,2.5
1444,9.479614067849361,608.4000000000015,APPROACHING,88,2.5
1445,9.479614067849361,0.0,MOVING AWAY,85,0.0
1446,10.361655773420479,0.0,MOVING AWAY,82,0.0
1447,9.479614067849361,0.0,MOVING AWAY,79,0.0
1448,9.479614067849361,0.0,MOVING AWAY,76,0.0
1449,9.479614067849361,0.0,MOVING AWAY,73,0.0
1450,9.656022408963585,566.7999999999993,APPROACHING,73,0.0
1451,9.479614067849361,566.7999999999993,APPROACHING,74,0.0
1452,9.479614067849361,566.7999999999993,APPROACHING,74,0.0
1453,9.479614067849361,566.7999999999993,APPROACHING,74,0.0
1454,9.479614067849361,566.7999999999993,APPROACHING,75,0.0
1455,9.479614067849361,-566.7999999999993,MOVING AWAY,75,0.0
1456,9.479614067849361,-566.7999999999993,MOVING AWAY,75,0.0
1457,9.479614067849361,-566.7999999999993,MOVING AWAY,75,0.0
1458,9.479614067849361,-566.7999999999993,MOVING AWAY,75,0.0
1459,9.479614067849361,-566.7999999999993,MOVING AWAY,75,0.0
1460,9.656022408963585,566.7999999999993,APPROACHING,75,0.0
1461,8.532835356364767,566.7999999999993,APPROACHING,75,0.0
1462,8.532835356364767,566.7999999999993,APPROACHING,75,0.0
1463,8.532835356364767,566.7999999999993,APPROACHING,75,0.0
1464,8.532835356364767,566.7999999999993,APPROACHING,75,0.0
1465,8.532835356364767,-3608.7999999999993,MOVING AWAY,75,0.0
1466,8.532835356364767,-3608.7999999999993,MOVING AWAY,75,0.0
1467,8.532835356364767,-3608.7999999999993,MOVING AWAY,75,0.0
1468,8.532835356364767,-3608.7999999999993,MOVING AWAY,75,0.0
1469,8.532835356364767,-3608.7999999999993,MOVING AWAY,75,0.0
1470,8.532835356364767,0.0,MOVING AWAY,72,0.0
1471,8.532835356364767,0.0,MOVING AWAY,69,0.0
1472,8.532835356364767,0.0,MOVING AWAY,66,0.0
1473,8.532835356364767,0.0,MOVING AWAY,63,0.0
1474,8.532835356364767,0.0,MOVING AWAY,60,0.0
1475,8.532835356364767,0.0,MOVING AWAY,60,0.0
1476,8.532835356364767,0.0,MOVING AWAY,60,0.0
1477,8.532835356364767,0.0,MOVING AWAY,60,0.0
1478,8.532835356364767,0.0,MOVING AWAY,60,0.0
1479,8.532835356364767,0.0,MOVING AWAY,60,0.0
1480,8.381948334889511,-484.7999999999993,MOVING AWAY,60,0.0
1481,7.7784002489884845,-484.7999999999993,MOVING AWAY,60,0.0
1482,7.7784002489884845,-484.7999999999993,MOVING AWAY,60,0.0
1483,7.7784002489884845,-484.7999999999993,MOVING AWAY,60,0.0
1484,7.7784002489884845,-484.7999999999993,MOVING AWAY,60,0.0
1485,7.7784002489884845,-1939.2000000000007,MOVING AWAY,60,0.0
1486,7.7784002489884845,-1939.2000000000007,MOVING AWAY,60,0.0
1487,7.7784002489884845,-1939.2000000000007,MOVING AWAY,60,0.0
1488,7.7784002489884845,-1939.2000000000007,MOVING AWAY,60,0.0
1489,7.7784002489884845,-1939.2000000000007,MOVING AWAY,60,0.0
1490,7.7784002489884845,0.0,MOVING AWAY,60,0.0
1491,7.016806722689076,0.0,MOVING AWAY,60,0.0
1492,7.016806722689076,0.0,MOVING AWAY,60,0.0
1493,7.016806722689076,0.0,MOVING AWAY,60,0.0
1494,7.016806722689076,0.0,MOVING AWAY,60,0.0
1495,7.016806722689076,-2447.0,MOVING AWAY,60,0.0
1496,7.016806722689076,-2447.0,MOVING AWAY,60,0.0
1497,7.016806722689076,-2447.0,MOVING AWAY,60,0.0
1498,7.016806722689076,-2447.0,MOVING AWAY,60,0.0
1499,7.016806722689076,-2447.0,MOVING AWAY,60,0.0
1500,7.016806722689076,0.0,MOVING AWAY,60,0.0
1501,7.016806722689076,0.0,MOVING AWAY,60,0.0
1502,7.016806722689076,0.0,MOVING AWAY,60,0.0
1503,7.016806722689076,0.0,MOVING AWAY,60,0.0
1504,7.016806722689076,0.0,MOVING AWAY,60,0.0
1505,7.016806722689076,0.0,MOVING AWAY,60,0.0
1506,7.016806722689076,0.0,MOVING AWAY,60,0.0
1507,7.016806722689076,0.0,MOVING AWAY,60,0.0
1508,7.016806722689076,0.0,MOVING AWAY,60,0.0
1509,7.016806722689076,0.0,MOVING AWAY,60,0.0
1510,7.016806722689076,0.0,MOVING AWAY,60,0.0
1511,7.016806722689076,0.0,MOVING AWAY,60,0.0
1512,7.016806722689076,0.0,MOVING AWAY,60,0.0
1513,7.016806722689076,0.0,MOVING AWAY,60,0.0
1514,7.016806722689076,0.0,MOVING AWAY,60,0.0
1515,7.016806722689076,0.0,MOVING AWAY,60,0.0
1516,7.016806722689076,0.0,MOVING AWAY,60,0.0
1517,7.016806722689076,0.0,MOVING AWAY,60,0.0
1518,7.016806722689076,0.0,MOVING AWAY,60,0.0
1519,7.016806722689076,0.0,MOVING AWAY,60,0.0
1520,7.016806722689076,0.0,MOVING AWAY,60,0.0
1521,7.016806722689076,0.0,MOVING AWAY,60,0.0
1522,7.016806722689076,0.0,MOVING AWAY,60,0.0
1523,7.016806722689076,0.0,MOVING AWAY,60,0.0
1524,7.016806722689076,0.0,MOVING AWAY,60,0.0
1525,7.016806722689076,0.0,MOVING AWAY,60,0.0
1526,7.016806722689076,0.0,MOVING AWAY,60,0.0
1527,7.016806722689076,0.0,MOVING AWAY,60,0.0
1528,7.016806722689076,0.0,MOVING AWAY,60,0.0
1529,7.016806722689076,0.0,MOVING AWAY,60,0.0
1530,7.016806722689076,0.0,MOVING AWAY,60,0.0
1531,7.016806722689076,0.0,MOVING AWAY,60,0.0
1532,7.016806722689076,0.0,MOVING AWAY,60,0.0
1533,7.016806722689076,0.0,MOVING AWAY,60,0.0
1534,7.7784002489884845,0.0,MOVING AWAY,60,0.0
1535,7.321444133208839,978.7999999999993,APPROACHING,63,0.0
1536,7.7784002489884845,978.7999999999993,APPROACHING,66,0.0
1537,7.7784002489884845,978.7999999999993,APPROACHING,69,0.0
1538,7.7784002489884845,978.7999999999993,APPROACHING,72,0.0
1539,7.7784002489884845,978.7999999999993,APPROACHING,75,0.0
1540,7.7784002489884845,1468.2000000000007,APPROACHING,78,0.0
1541,7.7784002489884845,1468.2000000000007,APPROACHING,81,0.0
1542,7.7784002489884845,1468.2000000000007,APPROACHING,84,0.0
1543,7.7784002489884845,1468.2000000000007,APPROACHING,87,0.0
1544,7.7784002489884845,1468.2000000000007,APPROACHING,90,0.0
1545,7.7784002489884845,0.0,MOVING AWAY,87,0.0
1546,7.7784002489884845,0.0,MOVING AWAY,84,0.0
1547,7.016806722689076,0.0,MOVING AWAY,81,0.0
1548,7.7784002489884845,0.0,MOVING AWAY,78,0.0
1549,7.7784002489884845,0.0,MOVING AWAY,75,0.0
1550,7.473762838468721,-978.7999999999993,MOVING AWAY,72,0.0
1551,7.7784002489884845,-978.7999999999993,MOVING AWAY,69,0.0
1552,7.7784002489884845,-978.7999999999993,MOVING AWAY,66,0.0
1553,8.532835356364767,-978.7999999999993,MOVING AWAY,63,0.0
1554,8.532835356364767,-978.7999999999993,MOVING AWAY,60,0.0
1555,8.080174291938997,1948.3999999999978,APPROACHING,63,0.0
1556,8.532835356364767,1948.3999999999978,APPROACHING,66,0.0
1557,8.532835356364767,1948.3999999999978,APPROACHING,69,0.0
1558,8.532835356364767,1948.3999999999978,APPROACHING,72,0.0
1559,8.532835356364767,1948.3999999999978,APPROACHING,75,0.0
1560,8.532835356364767,1454.4000000000015,APPROACHING,78,0.0
1561,8.532835356364767,1454.4000000000015,APPROACHING,81,0.0
1562,8.532835356364767,1454.4000000000015,APPROACHING,84,0.0
1563,8.532835356364767,1454.4000000000015,APPROACHING,87,0.0
1564,8.532835356364767,1454.4000000000015,APPROACHING,90,0.0
1565,8.532835356364767,0.0,MOVING AWAY,87,0.0
1566,7.7784002489884845,0.0,MOVING AWAY,84,0.0
1567,7.7784002489884845,0.0,MOVING AWAY,81,0.0
1568,7.7784002489884845,0.0,MOVING AWAY,78,0.0
1569,7.016806722689076,0.0,MOVING AWAY,75,0.0
1570,7.473762838468721,-3402.7999999999993,MOVING AWAY,72,0.0
1571,7.016806722689076,-3402.7999999999993,MOVING AWAY,69,0.0
1572,7.016806722689076,-3402.7999999999993,MOVING AWAY,66,0.0
1573,7.016806722689076,-3402.7999999999993,MOVING AWAY,63,0.0
1574,7.016806722689076,-3402.7999999999993,MOVING AWAY,60,0.0
1575,7.3200124494242145,-494.0,MOVING AWAY,60,0.0
1576,9.479614067849361,-494.0,MOVING AWAY,60,0.0
1577,9.479614067849361,-494.0,MOVING AWAY,60,0.0
1578,9.479614067849361,-494.0,MOVING AWAY,60,0.0
1579,9.479614067849361,-494.0,MOVING AWAY,60,0.0
1580,9.479614067849361,6938.799999999999,APPROACHING,63,0.0
1581,8.532835356364767,6938.799999999999,APPROACHING,66,0.0
1582,8.532835356364767,6938.799999999999,APPROACHING,69,0.0
1583,8.532835356364767,6938.799999999999,APPROACHING,72,0.0
1584,8.532835356364767,6938.799999999999,APPROACHING,75,0.0
1585,8.381948334889511,-3526.7999999999993,MOVING AWAY,75,0.0
1586,7.7784002489884845,-3526.7999999999993,MOVING AWAY,75,0.0
1587,8.532835356364767,-3526.7999999999993,MOVING AWAY,75,0.0
1588,8.532835356364767,-3526.7999999999993,MOVING AWAY,75,0.0
1589,8.532835356364767,-3526.7999999999993,MOVING AWAY,75,0.0
1590,8.57130407718643,608.3999999999978,APPROACHING,75,0.0
1591,9.479614067849361,608.3999999999978,APPROACHING,75,0.0
1592,9.479614067849361,608.3999999999978,APPROACHING,75,0.0
1593,9.479614067849361,608.3999999999978,APPROACHING,75,0.0
1594,9.479614067849361,608.3999999999978,APPROACHING,75,0.0
1595,9.290258325552443,2310.0,APPROACHING,78,0.0
1596,7.7784002489884845,2310.0,APPROACHING,81,0.0
1597,7.7784002489884845,2310.0,APPROACHING,84,0.0
1598,7.7784002489884845,2310.0,APPROACHING,87,0.0
1599,7.016806722689076,2310.0,APPROACHING,90,0.0
1600,7.473762838468721,-5836.399999999998,MOVING AWAY,87,0.0
1601,7.016806722689076,-5836.399999999998,MOVING AWAY,84,0.0
1602,6.383753501400561,-5836.399999999998,MOVING AWAY,81,0.0
1603,6.383753501400561,-5836.399999999998,MOVING AWAY,78,0.0
1604,6.383753501400561,-5836.399999999998,MOVING AWAY,75,0.0
1605,6.510364145658263,-3095.4000000000015,MOVING AWAY,72,0.0
1606,6.383753501400561,-3095.4000000000015,MOVING AWAY,69,0.0
1607,6.383753501400561,-3095.4000000000015,MOVING AWAY,66,0.0
1608,6.383753501400561,-3095.4000000000015,MOVING AWAY,63,0.0
1609,6.383753501400561,-3095.4000000000015,MOVING AWAY,60,0.0
1610,6.383753501400561,-406.7999999999993,MOVING AWAY,60,0.0
1611,6.383753501400561,-406.7999999999993,MOVING AWAY,60,0.0
1612,7.016806722689076,-406.7999999999993,MOVING AWAY,60,0.0
1613,7.016806722689076,-406.7999999999993,MOVING AWAY,60,0.0
1614,7.016806722689076,-406.7999999999993,MOVING AWAY,60,0.0
1615,6.890196078431373,1627.2000000000007,APPROACHING,63,0.0
1616,7.7784002489884845,1627.2000000000007,APPROACHING,66,0.0
1617,7.7784002489884845,1627.2000000000007,APPROACHING,69,0.0
1618,7.7784002489884845,1627.2000000000007,APPROACHING,72,0.0
1619,7.7784002489884845,1627.2000000000007,APPROACHING,75,0.0
1620,7.7784002489884845,2853.7999999999993,APPROACHING,78,0.0
1621,7.7784002489884845,2853.7999999999993,APPROACHING,81,0.0
1622,7.7784002489884845,2853.7999999999993,APPROACHING,84,0.0
1623,7.7784002489884845,2853.7999999999993,APPROACHING,87,0.0
1624,8.532835356364767,2853.7999999999993,APPROACHING,90,0.0
1625,8.080174291938997,969.5999999999985,APPROACHING,90,0.0
1626,8.532835356364767,969.5999999999985,APPROACHING,90,0.0
1627,8.532835356364767,969.5999999999985,APPROACHING,90,0.0
1628,8.532835356364767,969.5999999999985,APPROACHING,90,0.0
1629,8.532835356364767,969.5999999999985,APPROACHING,90,0.0
1630,8.532835356364767,1454.4000000000015,APPROACHING,89,2.5
1631,8.532835356364767,1454.4000000000015,APPROACHING,89,2.5
1632,8.532835356364767,1454.4000000000015,APPROACHING,89,2.5
1633,8.532835356364767,1454.4000000000015,APPROACHING,88,2.5
1634,8.532835356364767,1454.4000000000015,APPROACHING,88,2.5
1635,8.532835356364767,0.0,MOVING AWAY,85,0.0
1636,8.532835356364767,0.0,MOVING AWAY,82,0.0
1637,8.532835356364767,0.0,MOVING AWAY,79,0.0
1638,8.532835356364767,0.0,MOVING AWAY,76,0.0
1639,8.532835356364767,0.0,MOVING AWAY,73,0.0
1640,8.532835356364767,0.0,MOVING AWAY,70,0.0
1641,8.532835356364767,0.0,MOVING AWAY,68,0.0
1642,8.532835356364767,0.0,MOVING AWAY,65,0.0
1643,8.532835356364767,0.0,MOVING AWAY,62,0.0
1644,8.532835356364767,0.0,MOVING AWAY,60,0.0
1645,8.532835356364767,0.0,MOVING AWAY,60,0.0
1646,8.532835356364767,0.0,MOVING AWAY,60,0.0
1647,8.532835356364767,0.0,MOVING AWAY,60,0.0
1648,8.532835356364767,0.0,MOVING AWAY,60,0.0
1649,8.532835356364767,0.0,MOVING AWAY,60,0.0
1650,8.532835356364767,0.0,MOVING AWAY,60,0.0
1651,7.7784002489884845,0.0,MOVING AWAY,60,0.0
1652,8.532835356364767,0.0,MOVING AWAY,60,0.0
1653,8.532835356364767,0.0,MOVING AWAY,60,0.0
1654,8.532835356364767,0.0,MOVING AWAY,60,0.0
1655,8.381948334889511,-484.7999999999993,MOVING AWAY,60,0.0
1656,7.7784002489884845,-484.7999999999993,MOVING AWAY,60,0.0
1657,7.7784002489884845,-484.7999999999993,MOVING AWAY,60,0.0
1658,7.7784002489884845,-484.7999999999993,MOVING AWAY,60,0.0
1659,7.7784002489884845,-484.7999999999993,MOVING AWAY,60,0.0
1660,7.7784002489884845,-1939.2000000000007,MOVING AWAY,60,0.0
1661,7.7784002489884845,-1939.2000000000007,MOVING AWAY,60,0.0
1662,8.532835356364767,-1939.2000000000007,MOVING AWAY,60,0.0
1663,7.7784002489884845,-1939.2000000000007,MOVING AWAY,60,0.0
1664,7.7784002489884845,-1939.2000000000007,MOVING AWAY,60,0.0
1665,8.080174291938997,969.5999999999985,APPROACHING,63,0.0
1666,7.7784002489884845,969.5999999999985,APPROACHING,66,0.0
1667,7.7784002489884845,969.5999999999985,APPROACHING,69,0.0
1668,7.7784002489884845,969.5999999999985,APPROACHING,72,0.0
1669,7.7784002489884845,969.5999999999985,APPROACHING,75,0.0
1670,7.7784002489884845,-969.5999999999985,MOVING AWAY,75,0.0
1671,7.7784002489884845,-969.5999999999985,MOVING AWAY,75,0.0
1672,7.7784002489884845,-969.5999999999985,MOVING AWAY,75,0.0
1673,7.7784002489884845,-969.5999999999985,MOVING AWAY,75,0.0
1674,7.7784002489884845,-969.5999999999985,MOVING AWAY,75,0.0
1675,7.7784002489884845,0.0,MOVING AWAY,72,0.0
1676,7.7784002489884845,0.0,MOVING AWAY,69,0.0
1677,7.7784002489884845,0.0,MOVING AWAY,66,0.0
1678,7.7784002489884845,0.0,MOVING AWAY,63,0.0
1679,7.7784002489884845,0.0,MOVING AWAY,60,0.0
1680,7.626081543728602,-489.40000000000146,MOVING AWAY,60,0.0
1681,6.383753501400561,-489.40000000000146,MOVING AWAY,60,0.0
1682,5.818860877684407,-489.40000000000146,MOVING AWAY,60,0.0
1683,5.818860877684407,-489.40000000000146,MOVING AWAY,60,0.0
1684,5.818860877684407,-489.40000000000146,MOVING AWAY,60,0.0
1685,5.931839402427638,-5443.5999999999985,MOVING AWAY,60,0.0
1686,5.818860877684407,-5443.5999999999985,MOVING AWAY,60,0.0
1687,5.818860877684407,-5443.5999999999985,MOVING AWAY,60,0.0
1688,5.818860877684407,-5443.5999999999985,MOVING AWAY,60,0.0
1689,6.383753501400561,-5443.5999999999985,MOVING AWAY,60,0.0
1690,5.931839402427638,0.0,MOVING AWAY,60,0.0
1691,5.818860877684407,0.0,MOVING AWAY,60,0.0
1692,5.818860877684407,0.0,MOVING AWAY,60,0.0
1693,5.818860877684407,0.0,MOVING AWAY,60,0.0
1694,6.383753501400561,0.0,MOVING AWAY,60,0.0
1695,6.044817927170868,363.0,APPROACHING,63,0.0
1696,6.383753501400561,363.0,APPROACHING,66,0.0
1697,6.383753501400561,363.0,APPROACHING,69,0.0
1698,6.383753501400561,363.0,APPROACHING,72,0.0
1699,6.383753501400561,363.0,APPROACHING,75,0.0
1700,6.383753501400561,1089.0,APPROACHING,78,0.0
1701,6.383753501400561,1089.0,APPROACHING,81,0.0
1702,6.383753501400561,1089.0,APPROACHING,84,0.0
1703,6.383753501400561,1089.0,APPROACHING,87,0.0
1704,6.383753501400561,1089.0,APPROACHING,90,0.0
1705,6.383753501400561,0.0,MOVING AWAY,87,0.0
1706,6.383753501400561,0.0,MOVING AWAY,84,0.0
1707,6.383753501400561,0.0,MOVING AWAY,81,0.0
1708,6.383753501400561,0.0,MOVING AWAY,78,0.0
1709,6.383753501400561,0.0,MOVING AWAY,75,0.0
1710,6.383753501400561,0.0,MOVING AWAY,72,0.0
1711,5.818860877684407,0.0,MOVING AWAY,69,0.0
1712,5.818860877684407,0.0,MOVING AWAY,66,0.0
1713,5.818860877684407,0.0,MOVING AWAY,63,0.0
1714,5.818860877684407,0.0,MOVING AWAY,60,0.0
1715,5.818860877684407,-1815.0,MOVING AWAY,60,0.0
1716,5.818860877684407,-1815.0,MOVING AWAY,60,0.0
1717,5.818860877684407,-1815.0,MOVING AWAY,60,0.0
1718,5.818860877684407,-1815.0,MOVING AWAY,60,0.0
1719,5.818860877684407,-1815.0,MOVING AWAY,60,0.0
1720,5.703828197945845,-369.59999999999854,MOVING AWAY,60,0.0
1721,5.818860877684407,-369.59999999999854,MOVING AWAY,60,0.0
1722,5.818860877684407,-369.59999999999854,MOVING AWAY,60,0.0
1723,5.243697478991597,-369.59999999999854,MOVING AWAY,60,0.0
1724,5.818860877684407,-369.59999999999854,MOVING AWAY,60,0.0
1725,5.703828197945845,0.0,MOVING AWAY,60,0.0
1726,5.818860877684407,0.0,MOVING AWAY,60,0.0
1727,5.818860877684407,0.0,MOVING AWAY,60,0.0
1728,6.383753501400561,0.0,MOVING AWAY,60,0.0
1729,6.383753501400561,0.0,MOVING AWAY,60,0.0
1730,6.157796451914099,1458.5999999999985,APPROACHING,63,0.0
1731,7.016806722689076,1458.5999999999985,APPROACHING,66,0.0
1732,7.016806722689076,1458.5999999999985,APPROACHING,69,0.0
1733,7.016806722689076,1458.5999999999985,APPROACHING,72,0.0
1734,7.016806722689076,1458.5999999999985,APPROACHING,75,0.0
1735,7.016806722689076,2760.0,APPROACHING,78,0.0
1736,7.7784002489884845,2760.0,APPROACHING,81,0.0
1737,7.016806722689076,2760.0,APPROACHING,84,0.0
1738,7.7784002489884845,2760.0,APPROACHING,87,0.0
1739,7.7784002489884845,2760.0,APPROACHING,90,0.0
1740,7.626081543728602,1957.5999999999985,APPROACHING,90,0.0
1741,7.7784002489884845,1957.5999999999985,APPROACHING,90,0.0
1742,7.7784002489884845,1957.5999999999985,APPROACHING,90,0.0
1743,7.7784002489884845,1957.5999999999985,APPROACHING,90,0.0
1744,7.7784002489884845,1957.5999999999985,APPROACHING,90,0.0
1745,7.7784002489884845,489.40000000000146,APPROACHING,89,2.5
1746,7.7784002489884845,489.40000000000146,APPROACHING,89,2.5
1747,7.7784002489884845,489.40000000000146,APPROACHING,89,2.5
1748,7.7784002489884845,489.40000000000146,APPROACHING,88,2.5
1749,7.7784002489884845,489.40000000000146,APPROACHING,88,2.5
1750,7.7784002489884845,0.0,MOVING AWAY,85,0.0
1751,7.7784002489884845,0.0,MOVING AWAY,82,0.0
1752,7.7784002489884845,0.0,MOVING AWAY,79,0.0
1753,7.7784002489884845,0.0,MOVING AWAY,76,0.0
1754,7.7784002489884845,0.0,MOVING AWAY,73,0.0
1755,7.7784002489884845,0.0,MOVING AWAY,70,0.0
1756,7.7784002489884845,0.0,MOVING AWAY,68,0.0
1757,7.7784002489884845,0.0,MOVING AWAY,65,0.0
1758,7.7784002489884845,0.0,MOVING AWAY,62,0.0
1759,7.7784002489884845,0.0,MOVING AWAY,60,0.0
1760,7.7784002489884845,0.0,MOVING AWAY,60,0.0
1761,7.7784002489884845,0.0,MOVING AWAY,60,0.0
1762,7.7784002489884845,0.0,MOVING AWAY,60,0.0
1763,7.7784002489884845,0.0,MOVING AWAY,60,0.0
1764,7.7784002489884845,0.0,MOVING AWAY,60,0.0
1765,7.7784002489884845,0.0,MOVING AWAY,60,0.0
1766,7.7784002489884845,0.0,MOVING AWAY,60,0.0
1767,7.7784002489884845,0.0,MOVING AWAY,60,0.0
1768,7.7784002489884845,0.0,MOVING AWAY,60,0.0
1769,7.7784002489884845,0.0,MOVING AWAY,60,0.0
1770,7.7784002489884845,0.0,MOVING AWAY,60,0.0
1771,7.016806722689076,0.0,MOVING AWAY,60,0.0
1772,7.7784002489884845,0.0,MOVING AWAY,60,0.0
1773,7.7784002489884845,0.0,MOVING AWAY,60,0.0
1774,7.016806722689076,0.0,MOVING AWAY,60,0.0
1775,7.473762838468721,-978.7999999999993,MOVING AWAY,60,0.0
1776,7.016806722689076,-978.7999999999993,MOVING AWAY,60,0.0
1777,7.016806722689076,-978.7999999999993,MOVING AWAY,60,0.0
1778,7.016806722689076,-978.7999999999993,MOVING AWAY,60,0.0
1779,7.016806722689076,-978.7999999999993,MOVING AWAY,60,0.0
1780,7.016806722689076,-1468.2000000000007,MOVING AWAY,60,0.0
1781,7.016806722689076,-1468.2000000000007,MOVING AWAY,60,0.0
1782,7.016806722689076,-1468.2000000000007,MOVING AWAY,60,0.0
1783,7.016806722689076,-1468.2000000000007,MOVING AWAY,60,0.0
1784,7.016806722689076,-1468.2000000000007,MOVING AWAY,60,0.0
1785,7.016806722689076,0.0,MOVING AWAY,60,0.0
1786,7.016806722689076,0.0,MOVING AWAY,60,0.0
1787,7.016806722689076,0.0,MOVING AWAY,60,0.0
1788,7.016806722689076,0.0,MOVING AWAY,60,0.0
1789,7.016806722689076,0.0,MOVING AWAY,60,0.0
1790,6.890196078431373,-406.7999999999993,MOVING AWAY,60,0.0
1791,6.383753501400561,-406.7999999999993,MOVING AWAY,60,0.0
1792,6.383753501400561,-406.7999999999993,MOVING AWAY,60,0.0
1793,6.383753501400561,-406.7999999999993,MOVING AWAY,60,0.0
1794,6.383753501400561,-406.7999999999993,MOVING AWAY,60,0.0
1795,6.383753501400561,-1627.2000000000007,MOVING AWAY,60,0.0
1796,5.818860877684407,-1627.2000000000007,MOVING AWAY,60,0.0
1797,5.818860877684407,-1627.2000000000007,MOVING AWAY,60,0.0
1798,5.818860877684407,-1627.2000000000007,MOVING AWAY,60,0.0
1799,5.818860877684407,-1627.2000000000007,MOVING AWAY,60,0.0
1800,5.818860877684407,-1815.0,MOVING AWAY,60,0.0
1801,5.818860877684407,-1815.0,MOVING AWAY,60,0.0
1802,5.818860877684407,-1815.0,MOVING AWAY,60,0.0
1803,5.818860877684407,-1815.0,MOVING AWAY,60,0.0
1804,5.818860877684407,-1815.0,MOVING AWAY,60,0.0
1805,5.818860877684407,0.0,MOVING AWAY,60,0.0
1806,5.818860877684407,0.0,MOVING AWAY,60,0.0
1807,5.243697478991597,0.0,MOVING AWAY,60,0.0
1808,5.243697478991597,0.0,MOVING AWAY,60,0.0
1809,5.243697478991597,0.0,MOVING AWAY,60,0.0
1810,5.358730158730158,-1478.4000000000015,MOVING AWAY,60,0.0
1811,5.243697478991597,-1478.4000000000015,MOVING AWAY,60,0.0
1812,5.243697478991597,-1478.4000000000015,MOVING AWAY,60,0.0
1813,5.243697478991597,-1478.4000000000015,MOVING AWAY,60,0.0
1814,5.243697478991597,-1478.4000000000015,MOVING AWAY,60,0.0
1815,5.243697478991597,-369.59999999999854,MOVING AWAY,60,0.0
1816,5.243697478991597,-369.59999999999854,MOVING AWAY,60,0.0
1817,5.243697478991597,-369.59999999999854,MOVING AWAY,60,0.0
1818,4.76750700280112,-369.59999999999854,MOVING AWAY,60,0.0
1819,5.243697478991597,-369.59999999999854,MOVING AWAY,60,0.0
1820,5.148459383753502,-306.0,MOVING AWAY,60,0.0
1821,4.76750700280112,-306.0,MOVING AWAY,60,0.0
1822,4.321817615935263,-306.0,MOVING AWAY,60,0.0
1823,4.321817615935263,-306.0,MOVING AWAY,60,0.0
1824,3.9293495175848117,-306.0,MOVING AWAY,60,0.0
1825,4.253968253968254,-2874.0,MOVING AWAY,60,0.0
1826,3.9293495175848117,-2874.0,MOVING AWAY,60,0.0
1827,3.5555555555555554,-2874.0,MOVING AWAY,60,0.0
1828,3.9293495175848117,-2874.0,MOVING AWAY,60,0.0
1829,3.9293495175848117,-2874.0,MOVING AWAY,60,0.0
1830,3.779831932773109,-1523.3999999999996,MOVING AWAY,60,0.0
1831,3.5555555555555554,-1523.3999999999996,MOVING AWAY,60,0.0
1832,3.5555555555555554,-1523.3999999999996,MOVING AWAY,60,0.0
1833,3.5555555555555554,-1523.3999999999996,MOVING AWAY,60,0.0
1834,3.5555555555555554,-1523.3999999999996,MOVING AWAY,60,0.0
1835,3.5555555555555554,-720.6000000000004,MOVING AWAY,60,0.0
1836,3.5555555555555554,-720.6000000000004,MOVING AWAY,60,0.0
1837,3.5555555555555554,-720.6000000000004,MOVING AWAY,60,0.0
1838,3.2356053532524123,-720.6000000000004,MOVING AWAY,60,0.0
1839,3.5555555555555554,-720.6000000000004,MOVING AWAY,60,0.0
1840,3.4915655150949267,-205.60000000000036,MOVING AWAY,60,0.0
1841,3.9293495175848117,-205.60000000000036,MOVING AWAY,60,0.0
1842,3.5555555555555554,-205.60000000000036,MOVING AWAY,60,0.0
1843,3.5555555555555554,-205.60000000000036,MOVING AWAY,60,0.0
1844,3.2356053532524123,-205.60000000000036,MOVING AWAY,60,0.0
1845,3.5023342670401494,34.600000000000364,APPROACHING,60,0.0
1846,2.9243697478991595,34.600000000000364,APPROACHING,60,0.0
1847,3.2356053532524123,34.600000000000364,APPROACHING,61,0.0
1848,3.2356053532524123,34.600000000000364,APPROACHING,61,0.0
1849,3.2356053532524123,34.600000000000364,APPROACHING,62,0.0
1850,3.111111111111111,-1257.0,MOVING AWAY,62,0.0
1851,3.2356053532524123,-1257.0,MOVING AWAY,62,0.0
1852,3.2356053532524123,-1257.0,MOVING AWAY,62,0.0
1853,3.2356053532524123,-1257.0,MOVING AWAY,62,0.0
1854,3.2356053532524123,-1257.0,MOVING AWAY,62,0.0
1855,3.2356053532524123,400.0,APPROACHING,64,0.0
1856,3.2356053532524123,400.0,APPROACHING,67,0.0
1857,2.9243697478991595,400.0,APPROACHING,69,0.0
1858,3.2356053532524123,400.0,APPROACHING,72,0.0
1859,2.9243697478991595,400.0,APPROACHING,74,0.0
1860,3.0488639900404606,-600.0,MOVING AWAY,74,0.0
1861,2.9243697478991595,-600.0,MOVING AWAY,74,0.0
1862,2.9243697478991595,-600.0,MOVING AWAY,73,0.0
1863,2.9243697478991595,-600.0,MOVING AWAY,73,0.0
1864,2.9243697478991595,-600.0,MOVING AWAY,73,0.0
1865,2.9243697478991595,-400.0,MOVING AWAY,69,0.0
1866,3.2356053532524123,-400.0,MOVING AWAY,66,0.0
1867,2.9243697478991595,-400.0,MOVING AWAY,63,0.0
1868,3.2356053532524123,-400.0,MOVING AWAY,60,0.0
1869,3.2356053532524123,-400.0,MOVING AWAY,58,0.0
1870,3.1733582321817617,800.0,APPROACHING,61,0.0
1871,2.9243697478991595,800.0,APPROACHING,64,0.0
1872,2.9243697478991595,800.0,APPROACHING,67,0.0
1873,2.9243697478991595,800.0,APPROACHING,70,0.0
1874,3.2356053532524123,800.0,APPROACHING,73,0.0
1875,3.0488639900404606,-400.0,MOVING AWAY,73,0.0
1876,2.660753190164955,-400.0,MOVING AWAY,72,0.0
1877,2.660753190164955,-400.0,MOVING AWAY,71,0.0
1878,2.660753190164955,-400.0,MOVING AWAY,70,0.0
1879,2.660753190164955,-400.0,MOVING AWAY,69,0.0
1880,2.61051976346094,-1408.3999999999996,MOVING AWAY,65,0.0
1881,2.4095860566448803,-1408.3999999999996,MOVING AWAY,60,0.0
1882,2.660753190164955,-1408.3999999999996,MOVING AWAY,56,0.0
1883,2.660753190164955,-1408.3999999999996,MOVING AWAY,52,0.0
1884,2.4095860566448803,-1408.3999999999996,MOVING AWAY,47,0.0
1885,2.560286336756925,-161.39999999999964,MOVING AWAY,46,0.0
1886,2.4095860566448803,-161.39999999999964,MOVING AWAY,45,0.0
1887,2.660753190164955,-161.39999999999964,MOVING AWAY,45,0.0
1888,2.4095860566448803,-161.39999999999964,MOVING AWAY,44,0.0
1889,2.4095860566448803,-161.39999999999964,MOVING AWAY,43,0.0
1890,2.5100529100529103,-161.40000000000055,MOVING AWAY,43,0.0
1891,2.4095860566448803,-161.40000000000055,MOVING AWAY,43,0.0
1892,2.4095860566448803,-161.40000000000055,MOVING AWAY,42,0.0
1893,2.4095860566448803,-161.40000000000055,MOVING AWAY,41,0.0
1894,2.4095860566448803,-161.40000000000055,MOVING AWAY,41,0.0
1895,2.459819483348895,-161.40000000000055,MOVING AWAY,41,0.0
1896,2.4095860566448803,-161.40000000000055,MOVING AWAY,41,0.0
1897,2.4095860566448803,-161.40000000000055,MOVING AWAY,40,0.0
1898,2.660753190164955,-161.40000000000055,MOVING AWAY,41,0.0
1899,2.1708683473389354,-161.40000000000055,MOVING AWAY,40,0.0
1900,2.3290382819794586,-420.1999999999998,MOVING AWAY,39,0.0
1901,1.9943977591036415,-420.1999999999998,MOVING AWAY,38,0.0
1902,1.6184251478369125,-420.1999999999998,MOVING AWAY,35,0.0
1903,1.9943977591036415,-420.1999999999998,MOVING AWAY,34,0.0
1904,1.9943977591036415,-420.1999999999998,MOVING AWAY,33,0.0
1905,1.8758792405851228,-1456.0,MOVING AWAY,31,0.0
1906,1.9943977591036415,-1456.0,MOVING AWAY,29,0.0
1907,1.9943977591036415,-1456.0,MOVING AWAY,28,0.0
1908,1.9943977591036415,-1456.0,MOVING AWAY,26,0.0
1909,2.1708683473389354,-1456.0,MOVING AWAY,26,0.0
1910,2.0649859943977593,607.6000000000004,APPROACHING,28,0.0
1911,2.1708683473389354,607.6000000000004,APPROACHING,31,0.0
1912,1.9943977591036415,607.6000000000004,APPROACHING,36,0.0
1913,1.9943977591036415,607.6000000000004,APPROACHING,39,0.0
1914,1.7777777777777777,607.6000000000004,APPROACHING,41,0.0
1915,1.911173358232182,-494.1999999999998,MOVING AWAY,41,0.0
1916,1.485838779956427,-494.1999999999998,MOVING AWAY,41,0.0
1917,1.485838779956427,-494.1999999999998,MOVING AWAY,41,0.0
1918,1.6184251478369125,-494.1999999999998,MOVING AWAY,39,0.0
1919,1.6184251478369125,-494.1999999999998,MOVING AWAY,38,0.0
1920,1.5972611266728913,-1008.6000000000004,MOVING AWAY,33,0.0
1921,1.7777777777777777,-1008.6000000000004,MOVING AWAY,29,0.0
1922,2.1708683473389354,-1008.6000000000004,MOVING AWAY,27,0.0
1923,1.9943977591036415,-1008.6000000000004,MOVING AWAY,24,0.0
1924,2.4095860566448803,-1008.6000000000004,MOVING AWAY,23,0.0
1925,2.1524431995020232,1783.8000000000002,APPROACHING,27,0.0
1926,2.4095860566448803,1783.8000000000002,APPROACHING,31,0.0
1927,2.1708683473389354,1783.8000000000002,APPROACHING,35,0.0
1928,2.4095860566448803,1783.8000000000002,APPROACHING,41,0.0
1929,2.1708683473389354,1783.8000000000002,APPROACHING,45,0.0
1930,2.2663554310613137,366.0,APPROACHING,50,0.0
1931,1.9943977591036415,366.0,APPROACHING,54,0.0
1932,1.9943977591036415,366.0,APPROACHING,56,0.0
1933,2.1708683473389354,366.0,APPROACHING,60,0.0
1934,1.7777777777777777,366.0,APPROACHING,61,0.0
1935,1.9863678804855276,-899.6000000000004,MOVING AWAY,57,0.0
1936,1.9943977591036415,-899.6000000000004,MOVING AWAY,53,0.0
1937,1.9943977591036415,-899.6000000000004,MOVING AWAY,49,0.0
1938,1.7777777777777777,-899.6000000000004,MOVING AWAY,44,0.0
1939,2.1708683473389354,-899.6000000000004,MOVING AWAY,41,0.0
1940,1.9863678804855276,0.0,MOVING AWAY,37,0.0
1941,1.9943977591036415,0.0,MOVING AWAY,34,0.0
1942,1.9943977591036415,0.0,MOVING AWAY,31,0.0
1943,1.9943977591036415,0.0,MOVING AWAY,28,0.0
1944,1.9943977591036415,0.0,MOVING AWAY,26,0.0
1945,1.9943977591036415,25.800000000000182,APPROACHING,26,0.0
1946,1.9943977591036415,25.800000000000182,APPROACHING,26,0.0
1947,1.9943977591036415,25.800000000000182,APPROACHING,27,0.0
1948,1.9943977591036415,25.800000000000182,APPROACHING,28,0.0
1949,2.1708683473389354,25.800000000000182,APPROACHING,28,0.0
1950,2.0296918767507,113.39999999999964,APPROACHING,30,0.0
1951,1.9943977591036415,113.39999999999964,APPROACHING,32,0.0
1952,1.9943977591036415,113.39999999999964,APPROACHING,33,0.0
1953,1.9943977591036415,113.39999999999964,APPROACHING,35,0.0
1954,1.9943977591036415,113.39999999999964,APPROACHING,37,0.0
1955,1.9510737628384687,-252.59999999999945,MOVING AWAY,36,0.0
1956,1.9943977591036415,-252.59999999999945,MOVING AWAY,36,0.0
1957,1.9943977591036415,-252.59999999999945,MOVING AWAY,35,0.0
1958,1.9943977591036415,-252.59999999999945,MOVING AWAY,35,0.0
1959,1.9943977591036415,-252.59999999999945,MOVING AWAY,34,0.0
1960,1.9510737628384687,0.0,MOVING AWAY,32,0.0
1961,1.9943977591036415,0.0,MOVING AWAY,30,0.0
1962,1.7777777777777777,0.0,MOVING AWAY,28,0.0
1963,1.7777777777777777,0.0,MOVING AWAY,26,0.0
1964,1.9943977591036415,0.0,MOVING AWAY,24,0.0
1965,1.864425770308123,-278.40000000000055,MOVING AWAY,24,0.0
1966,1.7777777777777777,-278.40000000000055,MOVING AWAY,23,0.0
1967,1.9943977591036415,-278.40000000000055,MOVING AWAY,23,0.0
1968,1.7777777777777777,-278.40000000000055,MOVING AWAY,23,0.0
1969,2.1708683473389354,-278.40000000000055,MOVING AWAY,23,0.0
1970,1.9430438842203548,252.60000000000036,APPROACHING,26,0.0
1971,1.9943977591036415,252.60000000000036,APPROACHING,29,0.0
1972,1.9943977591036415,252.60000000000036,APPROACHING,33,0.0
1973,1.9943977591036415,252.60000000000036,APPROACHING,36,0.0
1974,1.9943977591036415,252.60000000000036,APPROACHING,39,0.0
1975,2.0296918767507,278.39999999999964,APPROACHING,43,0.0
1976,1.9943977591036415,278.39999999999964,APPROACHING,46,0.0
1977,1.9943977591036415,278.39999999999964,APPROACHING,49,0.0
1978,2.1708683473389354,278.39999999999964,APPROACHING,54,0.0
1979,1.9943977591036415,278.39999999999964,APPROACHING,56,0.0
1980,2.0296918767507,0.0,MOVING AWAY,53,0.0
1981,1.9943977591036415,0.0,MOVING AWAY,50,0.0
1982,1.9943977591036415,0.0,MOVING AWAY,47,0.0
1983,2.1708683473389354,0.0,MOVING AWAY,45,0.0
1984,1.7777777777777777,0.0,MOVING AWAY,41,0.0
1985,2.0216619981325863,-25.799999999999272,MOVING AWAY,38,0.0
1986,2.1708683473389354,-25.799999999999272,MOVING AWAY,36,0.0
1987,2.1708683473389354,-25.799999999999272,MOVING AWAY,34,0.0
1988,2.1708683473389354,-25.799999999999272,MOVING AWAY,31,0.0
1989,1.9943977591036415,-25.799999999999272,MOVING AWAY,28,0.0
1990,2.100280112044818,252.59999999999945,APPROACHING,31,0.0
1991,2.1708683473389354,252.59999999999945,APPROACHING,34,0.0
1992,2.1708683473389354,252.59999999999945,APPROACHING,38,0.0
