frame,x,y,width,height,box_area,smoothed_area,area_ratio,speed,max_approach_speed,approach_duration,status,is_approaching,overtake_chance,overtake_status,duration_penalty,size_score,speed_score,tracking
1,910,464,101,70,7070,7070.0,1.0,0.0,0.0,0,MOVING AWAY,False,0,🔒 NO OVERTAKE OPPORTUNITY,0,0.0,0,success
2,914,465,96,67,6432,6432.0,0.9097595473833098,-638.0,0.0,0,MOVING AWAY,False,0,🔒 NO OVERTAKE OPPORTUNITY,0,0.0,0,success
3,919,468,87,60,5220,5220.0,0.7383309759547383,-925.0,0.0,0,MOVING AWAY,False,0,🔒 NO OVERTAKE OPPORTUNITY,0,0.0,0,success
4,916,467,87,60,5220,5220.0,0.7383309759547383,-606.0,0.0,0,MOVING AWAY,False,0,🔒 NO OVERTAKE OPPORTUNITY,0,0.0,0,success
5,914,464,96,67,6432,6074.8,0.8592362093352193,606.0,606.0,0,APPROACHING,True,0,🔒 NO OVERTAKE OPPORTUNITY,0,0.0,0,success
6,919,465,92,63,5796,5820.0,0.8231966053748232,288.0,606.0,1,APPROACHING,True,0,🔒 NO OVERTAKE OPPORTUNITY,0,0.0,0,success
7,920,466,92,63,5796,5692.8,0.8052050919377652,-318.0,0.0,0,MOVING AWAY,False,0,🔒 NO OVERTAKE OPPORTUNITY,0,0.0,0,success
8,918,464,96,67,6432,5935.2,0.8394908062234795,318.0,318.0,0,APPROACHING,True,0,🔒 NO OVERTAKE OPPORTUNITY,0,0.0,0,success
9,919,465,96,67,6432,6177.6,0.8737765205091939,318.0,318.0,1,APPROACHING,True,0,🔒 NO OVERTAKE OPPORTUNITY,0,0.0,0,success
10,922,466,92,63,5796,6050.4,0.8557850070721358,-318.0,0.0,0,MOVING AWAY,False,0,🔒 NO OVERTAKE OPPORTUNITY,0,0.0,0,success
11,919,465,96,67,6432,6177.6,0.8737765205091939,0.0,0.0,0,MOVING AWAY,False,0,🔒 NO OVERTAKE OPPORTUNITY,0,0.0,0,success
12,919,465,96,67,6432,6304.8,0.8917680339462518,318.0,318.0,0,APPROACHING,True,0,🔒 NO OVERTAKE OPPORTUNITY,0,0.0,0,success
13,916,464,101,70,7070,6432.4,0.9098161244695898,319.0,319.0,1,APPROACHING,True,0,🔒 NO OVERTAKE OPPORTUNITY,0,0.0,0,success
14,917,464,101,70,7070,6560.0,0.9278642149929278,319.0,319.0,2,APPROACHING,True,0,🔒 NO OVERTAKE OPPORTUNITY,0,0.0,0,success
15,917,464,101,70,7070,6814.8,0.9639038189533239,0.0,0.0,0,MOVING AWAY,False,0,🔒 NO OVERTAKE OPPORTUNITY,0,0.0,0,success
16,922,467,92,63,5796,6687.6,0.9459123055162659,-637.0,0.0,0,MOVING AWAY,False,0,🔒 NO OVERTAKE OPPORTUNITY,0,0.0,0,success
17,920,467,92,63,5796,6560.4,0.9279207920792079,-637.0,0.0,0,MOVING AWAY,False,0,🔒 NO OVERTAKE OPPORTUNITY,0,0.0,0,success
18,917,466,96,67,6432,6432.8,0.9098727015558699,318.0,318.0,0,APPROACHING,True,0,🔒 NO OVERTAKE OPPORTUNITY,0,0.0,0,success
19,918,466,96,67,6432,6305.2,0.8918246110325317,318.0,318.0,1,APPROACHING,True,0,🔒 NO OVERTAKE OPPORTUNITY,0,0.0,0,success
20,913,462,106,74,7844,6460.0,0.9137199434229137,706.0,706.0,2,APPROACHING,True,0,🔒 NO OVERTAKE OPPORTUNITY,0,0.0,0,success
21,917,462,106,74,7844,6869.6,0.9716548797736917,706.0,706.0,3,APPROACHING,True,0,🔒 NO OVERTAKE OPPORTUNITY,0,0.0,0,success
22,922,466,96,67,6432,6996.8,0.9896463932107497,-706.0,0.0,0,MOVING AWAY,False,0,🔒 NO OVERTAKE OPPORTUNITY,0,0.0,0,success
23,918,466,96,67,6432,6996.8,0.9896463932107497,-706.0,0.0,0,MOVING AWAY,False,0,🔒 NO OVERTAKE OPPORTUNITY,0,0.0,0,success
24,918,466,96,67,6432,6996.8,0.9896463932107497,0.0,0.0,0,MOVING AWAY,False,0,🔒 NO OVERTAKE OPPORTUNITY,0,0.0,0,success
25,918,466,96,67,6432,6714.4,0.9497029702970297,0.0,0.0,0,MOVING AWAY,False,0,🔒 NO OVERTAKE OPPORTUNITY,0,0.0,0,success
26,916,465,101,70,7070,6559.6,0.9278076379066479,319.0,319.0,0,APPROACHING,True,0,🔒 NO OVERTAKE OPPORTUNITY,0,0.0,0,success
27,915,465,101,70,7070,6687.2,0.9458557284299858,319.0,319.0,1,APPROACHING,True,0,🔒 NO OVERTAKE OPPORTUNITY,0,0.0,0,success
28,917,467,96,67,6432,6687.2,0.9458557284299858,-319.0,0.0,0,MOVING AWAY,False,0,🔒 NO OVERTAKE OPPORTUNITY,0,0.0,0,success
29,912,465,101,70,7070,6814.8,0.9639038189533239,0.0,0.0,0,MOVING AWAY,False,0,🔒 NO OVERTAKE OPPORTUNITY,0,0.0,0,success
30,913,466,101,70,7070,6942.4,0.9819519094766619,319.0,319.0,0,APPROACHING,True,0,🔒 NO OVERTAKE OPPORTUNITY,0,0.0,0,success
31,914,468,96,67,6432,6814.8,0.9639038189533239,-319.0,0.0,0,MOVING AWAY,False,0,🔒 NO OVERTAKE OPPORTUNITY,0,0.0,0,success
32,913,468,96,67,6432,6687.2,0.9458557284299858,-319.0,0.0,0,MOVING AWAY,False,0,🔒 NO OVERTAKE OPPORTUNITY,0,0.0,0,success
33,910,466,101,70,7070,6814.8,0.9639038189533239,319.0,319.0,0,APPROACHING,True,0,🔒 NO OVERTAKE OPPORTUNITY,0,0.0,0,success
34,911,466,101,70,7070,6814.8,0.9639038189533239,319.0,319.0,1,APPROACHING,True,0,🔒 NO OVERTAKE OPPORTUNITY,0,0.0,0,success
35,914,467,96,67,6432,6687.2,0.9458557284299858,-319.0,0.0,0,MOVING AWAY,False,0,🔒 NO OVERTAKE OPPORTUNITY,0,0.0,0,success
36,911,465,101,70,7070,6814.8,0.9639038189533239,0.0,0.0,0,MOVING AWAY,False,0,🔒 NO OVERTAKE OPPORTUNITY,0,0.0,0,success
37,914,467,96,67,6432,6814.8,0.9639038189533239,0.0,0.0,0,MOVING AWAY,False,0,🔒 NO OVERTAKE OPPORTUNITY,0,0.0,0,success
38,910,465,101,70,7070,6814.8,0.9639038189533239,0.0,0.0,0,MOVING AWAY,False,0,🔒 NO OVERTAKE OPPORTUNITY,0,0.0,0,success
39,907,464,106,74,7844,6969.6,0.9857991513437059,706.0,706.0,0,APPROACHING,True,0,🔒 NO OVERTAKE OPPORTUNITY,0,0.0,0,success
40,910,466,101,70,7070,7097.2,1.0038472418670439,0.0,0.0,0,MOVING AWAY,False,0,🔒 NO OVERTAKE OPPORTUNITY,0,0.0,0,success
41,908,466,101,70,7070,7097.2,1.0038472418670439,-387.0,0.0,0,MOVING AWAY,False,0,🔒 NO OVERTAKE OPPORTUNITY,0,0.0,0,success
42,905,465,106,74,7844,7379.6,1.0437906647807638,387.0,387.0,0,APPROACHING,True,0,🔒 NO OVERTAKE OPPORTUNITY,0,0.0,0,success
43,905,466,106,74,7844,7534.4,1.0656859971711456,387.0,387.0,1,APPROACHING,True,0,🔒 NO OVERTAKE OPPORTUNITY,0,0.0,0,success
44,902,465,111,77,8547,7675.0,1.0855728429985856,351.5,387.0,2,APPROACHING,True,0,🔒 NO OVERTAKE OPPORTUNITY,0,0.0,0,success
45,904,469,106,74,7844,7829.8,1.1074681753889675,0.0,0.0,0,MOVING AWAY,False,0,🔒 NO OVERTAKE OPPORTUNITY,0,0.0,0,success
46,902,470,106,74,7844,7984.6,1.1293635077793494,-351.5,0.0,0,MOVING AWAY,False,0,🔒 NO OVERTAKE OPPORTUNITY,0,0.0,0,success
47,900,470,106,74,7844,7984.6,1.1293635077793494,0.0,0.0,0,MOVING AWAY,False,0,🔒 NO OVERTAKE OPPORTUNITY,0,0.0,0,success
48,898,471,106,74,7844,7984.6,1.1293635077793494,0.0,0.0,0,MOVING AWAY,False,0,🔒 NO OVERTAKE OPPORTUNITY,0,0.0,0,success
49,890,468,117,81,9477,8170.6,1.1556718528995757,816.5,816.5,0,APPROACHING,True,0,🔒 NO OVERTAKE OPPORTUNITY,0,0.0,0,success
50,894,471,111,77,8547,8311.2,1.1755586987270157,351.5,816.5,1,APPROACHING,True,0,🔒 NO OVERTAKE OPPORTUNITY,0,0.0,0,success
51,896,473,106,74,7844,8311.2,1.1755586987270157,-816.5,0.0,0,MOVING AWAY,False,0,🔒 NO OVERTAKE OPPORTUNITY,0,0.0,0,success
52,888,472,111,77,8547,8451.8,1.1954455445544554,0.0,0.0,0,MOVING AWAY,False,0,🔒 NO OVERTAKE OPPORTUNITY,0,0.0,0,success
53,888,473,111,77,8547,8592.4,1.2153323903818953,351.5,351.5,0,APPROACHING,True,1,🔒 NO OVERTAKE OPPORTUNITY,0,0.7666195190947688,0,success
54,884,472,117,81,9477,8592.4,1.2153323903818953,465.0,465.0,1,APPROACHING,True,2,🔒 NO OVERTAKE OPPORTUNITY,0,0.7666195190947688,0,success
55,880,470,123,85,10455,8974.0,1.2693069306930693,954.0,954.0,2,APPROACHING,True,3,🔒 NO OVERTAKE OPPORTUNITY,0,3.4653465346534675,0,success
56,882,473,117,81,9477,9300.6,1.3155021216407357,0.0,0.0,0,MOVING AWAY,False,4,🔒 NO OVERTAKE OPPORTUNITY,0,5.7751060820367845,0,success
57,878,474,117,81,9477,9486.6,1.3418104667609618,-489.0,0.0,0,MOVING AWAY,False,6,🔒 NO OVERTAKE OPPORTUNITY,0,7.090523338048093,0,success
58,878,474,117,81,9477,9672.6,1.3681188118811882,0.0,0.0,0,MOVING AWAY,False,8,🔒 NO OVERTAKE OPPORTUNITY,0,8.405940594059413,0,success
59,876,475,117,81,9477,9672.6,1.3681188118811882,0.0,0.0,0,MOVING AWAY,False,10,👀 WATCHING FOR OVERTAKE,0,8.405940594059413,0,success
60,880,479,106,74,7844,9150.4,1.2942574257425743,-816.5,0.0,0,MOVING AWAY,False,11,👀 WATCHING FOR OVERTAKE,0,4.712871287128716,0,success
61,870,475,117,81,9477,9150.4,1.2942574257425743,0.0,0.0,0,MOVING AWAY,False,12,👀 WATCHING FOR OVERTAKE,0,4.712871287128716,0,success
62,870,476,117,81,9477,9150.4,1.2942574257425743,816.5,816.5,0,APPROACHING,True,14,👀 WATCHING FOR OVERTAKE,0,4.712871287128716,0,success
63,868,476,117,81,9477,9150.4,1.2942574257425743,0.0,0.0,0,MOVING AWAY,False,14,👀 WATCHING FOR OVERTAKE,0,4.712871287128716,0,success
64,866,476,117,81,9477,9150.4,1.2942574257425743,0.0,0.0,0,MOVING AWAY,False,15,👀 WATCHING FOR OVERTAKE,0,4.712871287128716,0,success
65,865,479,111,77,8547,9291.0,1.3141442715700142,-465.0,0.0,0,MOVING AWAY,False,15,👀 WATCHING FOR OVERTAKE,0,5.7072135785007125,0,success
66,859,474,123,85,10455,9486.6,1.3418104667609618,489.0,489.0,0,APPROACHING,True,18,👀 WATCHING FOR OVERTAKE,0,7.090523338048093,30,success
67,857,476,117,81,9477,9486.6,1.3418104667609618,465.0,489.0,1,APPROACHING,True,21,👀 WATCHING FOR OVERTAKE,0,7.090523338048093,30,success
68,853,475,123,85,10455,9682.2,1.3694766619519096,0.0,0.0,0,MOVING AWAY,False,21,👀 WATCHING FOR OVERTAKE,0,8.473833097595485,0,success
69,849,475,123,85,10455,9877.8,1.397142857142857,489.0,489.0,0,APPROACHING,True,24,👀 WATCHING FOR OVERTAKE,0,9.857142857142852,30,success
70,845,473,129,89,11481,10464.6,1.4801414427157003,513.0,513.0,1,APPROACHING,True,28,📉 LOW OVERTAKE CHANCE,0,14.007072135785013,30,success
71,847,476,123,85,10455,10464.6,1.4801414427157003,0.0,0.0,0,MOVING AWAY,False,29,📉 LOW OVERTAKE CHANCE,0,14.007072135785013,0,success
72,840,476,123,85,10455,10660.2,1.5078076379066478,-513.0,0.0,0,MOVING AWAY,False,29,📉 LOW OVERTAKE CHANCE,0,0.2602545968882616,0,success
73,836,475,129,89,11481,10865.4,1.5368316831683169,513.0,513.0,0,APPROACHING,True,32,📉 LOW OVERTAKE CHANCE,0,1.2277227722772288,30,success
74,831,475,129,89,11481,11070.6,1.5658557284299859,513.0,513.0,1,APPROACHING,True,35,📉 LOW OVERTAKE CHANCE,0,2.1951909476661964,30,success
75,830,475,129,89,11481,11070.6,1.5658557284299859,0.0,0.0,0,MOVING AWAY,False,35,📉 LOW OVERTAKE CHANCE,0,2.1951909476661964,0,success
76,825,473,135,94,12690,11517.6,1.629080622347949,604.5,604.5,0,APPROACHING,True,34,📉 LOW OVERTAKE CHANCE,0,4.302687411598302,30,success
77,820,474,135,94,12690,11964.6,1.6923055162659124,604.5,604.5,1,APPROACHING,True,34,📉 LOW OVERTAKE CHANCE,0,6.4101838755304135,30,success
78,819,474,135,94,12690,12206.4,1.7265063649222065,0.0,0.0,0,MOVING AWAY,False,35,📉 LOW OVERTAKE CHANCE,0,7.550212164073551,0,success
79,812,474,135,94,12690,12448.2,1.760707213578501,0.0,0.0,0,MOVING AWAY,False,32,📉 LOW OVERTAKE CHANCE,0,8.690240452616697,0,success
80,812,474,135,94,12690,12690.0,1.7949080622347948,0.0,0.0,0,MOVING AWAY,False,28,📉 LOW OVERTAKE CHANCE,0,9.830268741159827,0,success
81,806,472,142,98,13916,12935.2,1.8295898161244697,613.0,613.0,0,APPROACHING,True,31,📉 LOW OVERTAKE CHANCE,0,10.986327204148989,30,success
82,807,474,135,94,12690,12935.2,1.8295898161244697,0.0,0.0,0,MOVING AWAY,False,31,📉 LOW OVERTAKE CHANCE,0,10.986327204148989,0,success
83,801,472,142,98,13916,13180.4,1.8642715700141441,0.0,0.0,0,MOVING AWAY,False,29,📉 LOW OVERTAKE CHANCE,0,12.142385667138138,0,success
84,798,472,142,98,13916,13425.6,1.898953323903819,613.0,613.0,0,APPROACHING,True,31,📉 LOW OVERTAKE CHANCE,0,13.298444130127299,30,success
85,797,472,142,98,13916,13670.8,1.9336350777934936,0.0,0.0,0,MOVING AWAY,False,31,📉 LOW OVERTAKE CHANCE,0,14.454502593116455,0,success
86,796,472,142,98,13916,13670.8,1.9336350777934936,0.0,0.0,0,MOVING AWAY,False,29,📉 LOW OVERTAKE CHANCE,0,14.454502593116455,0,success
87,792,472,142,98,13916,13916.0,1.9683168316831683,0.0,0.0,0,MOVING AWAY,False,27,📉 LOW OVERTAKE CHANCE,0,15.61056105610561,0,success
88,787,470,149,103,15347,14202.2,2.008797736916549,715.5,715.5,0,APPROACHING,True,31,📉 LOW OVERTAKE CHANCE,0,16.959924563884968,30,success
89,786,470,149,103,15347,14488.4,2.0492786421499294,715.5,715.5,1,APPROACHING,True,35,📉 LOW OVERTAKE CHANCE,0,18.309288071664312,30,success
90,785,470,149,103,15347,14774.6,2.0897595473833097,0.0,0.0,0,MOVING AWAY,False,36,📉 LOW OVERTAKE CHANCE,0,19.658651579443656,0,success
91,782,471,149,103,15347,15060.8,2.13024045261669,0.0,0.0,0,MOVING AWAY,False,34,📉 LOW OVERTAKE CHANCE,0,21.008015087223,0,success
92,781,471,149,103,15347,15347.0,2.170721357850071,0.0,0.0,0,MOVING AWAY,False,35,📉 LOW OVERTAKE CHANCE,0,22.357378595002363,0,success
93,780,472,149,103,15347,15347.0,2.170721357850071,0.0,0.0,0,MOVING AWAY,False,36,📉 LOW OVERTAKE CHANCE,0,22.357378595002363,0,success
94,776,469,157,109,17113,15700.2,2.2206789250353607,883.0,883.0,0,APPROACHING,True,37,📉 LOW OVERTAKE CHANCE,0,24.022630834512025,30,success
95,774,469,157,109,17113,16053.4,2.2706364922206506,883.0,883.0,1,APPROACHING,True,41,📉 LOW OVERTAKE CHANCE,0,25.687883074021684,30,success
96,773,469,157,109,17113,16406.6,2.3205940594059404,0.0,0.0,0,MOVING AWAY,False,42,📉 LOW OVERTAKE CHANCE,0,27.353135313531347,0,success
97,773,470,157,109,17113,16759.8,2.3705516265912303,0.0,0.0,0,MOVING AWAY,False,44,📉 LOW OVERTAKE CHANCE,0,29.01838755304101,0,success
98,772,471,157,109,17113,17113.0,2.4205091937765206,0.0,0.0,0,MOVING AWAY,False,42,📉 LOW OVERTAKE CHANCE,0,30.683639792550686,0,success
99,772,471,157,109,17113,17113.0,2.4205091937765206,0.0,0.0,0,MOVING AWAY,False,40,📉 LOW OVERTAKE CHANCE,0,30.683639792550686,0,success
100,772,472,157,109,17113,17113.0,2.4205091937765206,0.0,0.0,0,MOVING AWAY,False,42,📉 LOW OVERTAKE CHANCE,0,30.683639792550686,0,success
101,768,470,165,114,18810,17452.4,2.468514851485149,848.5,848.5,0,APPROACHING,True,46,⚡ MEDIUM OVERTAKE CHANCE,0,32.283828382838294,30,success
102,770,470,165,114,18810,17791.8,2.5165205091937763,848.5,848.5,1,APPROACHING,True,50,⚡ MEDIUM OVERTAKE CHANCE,0,33.88401697312588,30,success
103,771,470,165,114,18810,18131.2,2.5645261669024046,0.0,0.0,0,MOVING AWAY,False,51,⚡ MEDIUM OVERTAKE CHANCE,0,35.48420556341349,0,success
104,771,470,165,114,18810,18470.6,2.6125318246110325,0.0,0.0,0,MOVING AWAY,False,49,⚡ MEDIUM OVERTAKE CHANCE,0,37.08439415370108,0,success
105,771,470,165,114,18810,18810.0,2.6605374823196604,0.0,0.0,0,MOVING AWAY,False,48,⚡ MEDIUM OVERTAKE CHANCE,0,38.68458274398868,0,success
106,772,470,165,114,18810,18810.0,2.6605374823196604,0.0,0.0,0,MOVING AWAY,False,49,⚡ MEDIUM OVERTAKE CHANCE,0,38.68458274398868,0,success
107,774,470,165,114,18810,18810.0,2.6605374823196604,0.0,0.0,0,MOVING AWAY,False,50,⚡ MEDIUM OVERTAKE CHANCE,0,38.68458274398868,0,success
108,775,470,165,114,18810,18810.0,2.6605374823196604,0.0,0.0,0,MOVING AWAY,False,50,⚡ MEDIUM OVERTAKE CHANCE,0,38.68458274398868,0,success
109,777,470,165,114,18810,18810.0,2.6605374823196604,0.0,0.0,0,MOVING AWAY,False,51,⚡ MEDIUM OVERTAKE CHANCE,0,38.68458274398868,0,success
110,778,470,165,114,18810,18810.0,2.6605374823196604,0.0,0.0,0,MOVING AWAY,False,52,⚡ MEDIUM OVERTAKE CHANCE,0,38.68458274398868,0,success
111,779,470,165,114,18810,18810.0,2.6605374823196604,0.0,0.0,0,MOVING AWAY,False,50,⚡ MEDIUM OVERTAKE CHANCE,0,38.68458274398868,0,success
112,780,470,165,114,18810,18810.0,2.6605374823196604,0.0,0.0,0,MOVING AWAY,False,47,⚡ MEDIUM OVERTAKE CHANCE,0,38.68458274398868,0,success
113,782,469,165,114,18810,18810.0,2.6605374823196604,0.0,0.0,0,MOVING AWAY,False,47,⚡ MEDIUM OVERTAKE CHANCE,0,38.68458274398868,0,success
114,784,469,165,114,18810,18810.0,2.6605374823196604,0.0,0.0,0,MOVING AWAY,False,48,⚡ MEDIUM OVERTAKE CHANCE,0,38.68458274398868,0,success
115,785,469,165,114,18810,18810.0,2.6605374823196604,0.0,0.0,0,MOVING AWAY,False,48,⚡ MEDIUM OVERTAKE CHANCE,0,38.68458274398868,0,success
116,786,469,165,114,18810,18810.0,2.6605374823196604,0.0,0.0,0,MOVING AWAY,False,48,⚡ MEDIUM OVERTAKE CHANCE,0,38.68458274398868,0,success
117,788,469,165,114,18810,18810.0,2.6605374823196604,0.0,0.0,0,MOVING AWAY,False,48,⚡ MEDIUM OVERTAKE CHANCE,0,38.68458274398868,0,success
118,789,469,165,114,18810,18810.0,2.6605374823196604,0.0,0.0,0,MOVING AWAY,False,48,⚡ MEDIUM OVERTAKE CHANCE,0,38.68458274398868,0,success
119,789,469,165,114,18810,18810.0,2.6605374823196604,0.0,0.0,0,MOVING AWAY,False,48,⚡ MEDIUM OVERTAKE CHANCE,0,38.68458274398868,0,success
120,789,469,165,114,18810,18810.0,2.6605374823196604,0.0,0.0,0,MOVING AWAY,False,48,⚡ MEDIUM OVERTAKE CHANCE,0,38.68458274398868,0,success
121,790,469,165,114,18810,18810.0,2.6605374823196604,0.0,0.0,0,MOVING AWAY,False,48,⚡ MEDIUM OVERTAKE CHANCE,0,38.68458274398868,0,success
122,790,470,165,114,18810,18810.0,2.6605374823196604,0.0,0.0,0,MOVING AWAY,False,48,⚡ MEDIUM OVERTAKE CHANCE,0,38.68458274398868,0,success
123,790,471,165,114,18810,18810.0,2.6605374823196604,0.0,0.0,0,MOVING AWAY,False,48,⚡ MEDIUM OVERTAKE CHANCE,0,38.68458274398868,0,success
124,790,472,165,114,18810,18810.0,2.6605374823196604,0.0,0.0,0,MOVING AWAY,False,48,⚡ MEDIUM OVERTAKE CHANCE,0,38.68458274398868,0,success
125,790,473,165,114,18810,18810.0,2.6605374823196604,0.0,0.0,0,MOVING AWAY,False,48,⚡ MEDIUM OVERTAKE CHANCE,0,38.68458274398868,0,success
126,785,471,173,120,20760,19200.0,2.7157001414427158,975.0,975.0,0,APPROACHING,True,51,⚡ MEDIUM OVERTAKE CHANCE,0,40.52333804809052,30,success
127,791,476,165,114,18810,19200.0,2.7157001414427158,0.0,0.0,0,MOVING AWAY,False,51,⚡ MEDIUM OVERTAKE CHANCE,0,40.52333804809052,0,success
128,788,477,165,114,18810,19200.0,2.7157001414427158,-975.0,0.0,0,MOVING AWAY,False,51,⚡ MEDIUM OVERTAKE CHANCE,0,40.52333804809052,0,success
129,788,478,165,114,18810,19200.0,2.7157001414427158,0.0,0.0,0,MOVING AWAY,False,51,⚡ MEDIUM OVERTAKE CHANCE,0,40.52333804809052,0,success
130,791,482,157,109,17113,18860.6,2.6676944837340875,-848.5,0.0,0,MOVING AWAY,False,51,⚡ MEDIUM OVERTAKE CHANCE,0,38.923149457802914,0,success
131,791,482,157,109,17113,18131.2,2.5645261669024046,-848.5,0.0,0,MOVING AWAY,False,51,⚡ MEDIUM OVERTAKE CHANCE,0,35.48420556341349,0,success
132,790,483,157,109,17113,17791.8,2.5165205091937763,0.0,0.0,0,MOVING AWAY,False,51,⚡ MEDIUM OVERTAKE CHANCE,0,33.88401697312588,0,success
133,790,483,157,109,17113,17452.4,2.468514851485149,0.0,0.0,0,MOVING AWAY,False,50,⚡ MEDIUM OVERTAKE CHANCE,0,32.283828382838294,0,success
134,789,484,157,109,17113,17113.0,2.4205091937765206,0.0,0.0,0,MOVING AWAY,False,49,⚡ MEDIUM OVERTAKE CHANCE,0,30.683639792550686,0,success
135,789,484,157,109,17113,17113.0,2.4205091937765206,0.0,0.0,0,MOVING AWAY,False,48,⚡ MEDIUM OVERTAKE CHANCE,0,30.683639792550686,0,success
136,790,484,157,109,17113,17113.0,2.4205091937765206,0.0,0.0,0,MOVING AWAY,False,44,📉 LOW OVERTAKE CHANCE,0,30.683639792550686,0,success
137,790,485,157,109,17113,17113.0,2.4205091937765206,0.0,0.0,0,MOVING AWAY,False,43,📉 LOW OVERTAKE CHANCE,0,30.683639792550686,0,success
138,790,484,157,109,17113,17113.0,2.4205091937765206,0.0,0.0,0,MOVING AWAY,False,42,📉 LOW OVERTAKE CHANCE,0,30.683639792550686,0,success
139,790,484,157,109,17113,17113.0,2.4205091937765206,0.0,0.0,0,MOVING AWAY,False,41,📉 LOW OVERTAKE CHANCE,0,30.683639792550686,0,success
140,790,484,157,109,17113,17113.0,2.4205091937765206,0.0,0.0,0,MOVING AWAY,False,41,📉 LOW OVERTAKE CHANCE,0,30.683639792550686,0,success
141,791,484,157,109,17113,17113.0,2.4205091937765206,0.0,0.0,0,MOVING AWAY,False,40,📉 LOW OVERTAKE CHANCE,0,30.683639792550686,0,success
142,791,484,157,109,17113,17113.0,2.4205091937765206,0.0,0.0,0,MOVING AWAY,False,40,📉 LOW OVERTAKE CHANCE,0,30.683639792550686,0,success
143,792,483,157,109,17113,17113.0,2.4205091937765206,0.0,0.0,0,MOVING AWAY,False,40,📉 LOW OVERTAKE CHANCE,0,30.683639792550686,0,success
144,793,482,157,109,17113,17113.0,2.4205091937765206,0.0,0.0,0,MOVING AWAY,False,40,📉 LOW OVERTAKE CHANCE,0,30.683639792550686,0,success
145,793,482,157,109,17113,17113.0,2.4205091937765206,0.0,0.0,0,MOVING AWAY,False,40,📉 LOW OVERTAKE CHANCE,0,30.683639792550686,0,success
146,793,482,157,109,17113,17113.0,2.4205091937765206,0.0,0.0,0,MOVING AWAY,False,40,📉 LOW OVERTAKE CHANCE,0,30.683639792550686,0,success
147,799,483,149,103,15347,16759.8,2.3705516265912303,-883.0,0.0,0,MOVING AWAY,False,39,📉 LOW OVERTAKE CHANCE,0,29.01838755304101,0,success
148,799,483,149,103,15347,16406.6,2.3205940594059404,-883.0,0.0,0,MOVING AWAY,False,39,📉 LOW OVERTAKE CHANCE,0,27.353135313531347,0,success
149,800,482,149,103,15347,16053.4,2.2706364922206506,0.0,0.0,0,MOVING AWAY,False,39,📉 LOW OVERTAKE CHANCE,0,25.687883074021684,0,success
150,801,481,149,103,15347,15700.2,2.2206789250353607,0.0,0.0,0,MOVING AWAY,False,38,📉 LOW OVERTAKE CHANCE,0,24.022630834512025,0,success
151,801,480,149,103,15347,15347.0,2.170721357850071,0.0,0.0,0,MOVING AWAY,False,37,📉 LOW OVERTAKE CHANCE,0,22.357378595002363,0,success
152,801,480,149,103,15347,15347.0,2.170721357850071,0.0,0.0,0,MOVING AWAY,False,36,📉 LOW OVERTAKE CHANCE,0,22.357378595002363,0,success
153,802,479,149,103,15347,15347.0,2.170721357850071,0.0,0.0,0,MOVING AWAY,False,36,📉 LOW OVERTAKE CHANCE,0,22.357378595002363,0,success
154,799,476,157,109,17113,15700.2,2.2206789250353607,883.0,883.0,0,APPROACHING,True,38,📉 LOW OVERTAKE CHANCE,0,24.022630834512025,30,success
155,803,477,149,103,15347,15700.2,2.2206789250353607,0.0,0.0,0,MOVING AWAY,False,37,📉 LOW OVERTAKE CHANCE,0,24.022630834512025,0,success
156,803,477,149,103,15347,15700.2,2.2206789250353607,-883.0,0.0,0,MOVING AWAY,False,37,📉 LOW OVERTAKE CHANCE,0,24.022630834512025,0,success
157,802,477,149,103,15347,15700.2,2.2206789250353607,0.0,0.0,0,MOVING AWAY,False,36,📉 LOW OVERTAKE CHANCE,0,24.022630834512025,0,success
158,802,477,149,103,15347,15700.2,2.2206789250353607,0.0,0.0,0,MOVING AWAY,False,36,📉 LOW OVERTAKE CHANCE,0,24.022630834512025,0,success
159,803,477,149,103,15347,15347.0,2.170721357850071,0.0,0.0,0,MOVING AWAY,False,36,📉 LOW OVERTAKE CHANCE,0,22.357378595002363,0,success
160,802,477,149,103,15347,15347.0,2.170721357850071,0.0,0.0,0,MOVING AWAY,False,36,📉 LOW OVERTAKE CHANCE,0,22.357378595002363,0,success
161,801,477,149,103,15347,15347.0,2.170721357850071,0.0,0.0,0,MOVING AWAY,False,36,📉 LOW OVERTAKE CHANCE,0,22.357378595002363,0,success
162,804,480,142,98,13916,15060.8,2.13024045261669,-715.5,0.0,0,MOVING AWAY,False,35,📉 LOW OVERTAKE CHANCE,0,21.008015087223,0,success
163,800,477,149,103,15347,15060.8,2.13024045261669,0.0,0.0,0,MOVING AWAY,False,35,📉 LOW OVERTAKE CHANCE,0,21.008015087223,0,success
164,803,480,142,98,13916,14774.6,2.0897595473833097,0.0,0.0,0,MOVING AWAY,False,32,📉 LOW OVERTAKE CHANCE,0,19.658651579443656,0,success
165,802,480,142,98,13916,14488.4,2.0492786421499294,-715.5,0.0,0,MOVING AWAY,False,31,📉 LOW OVERTAKE CHANCE,0,18.309288071664312,0,success
166,802,480,142,98,13916,14202.2,2.008797736916549,0.0,0.0,0,MOVING AWAY,False,30,📉 LOW OVERTAKE CHANCE,0,16.959924563884968,0,success
167,801,480,142,98,13916,14202.2,2.008797736916549,0.0,0.0,0,MOVING AWAY,False,30,📉 LOW OVERTAKE CHANCE,0,16.959924563884968,0,success
168,800,481,142,98,13916,13916.0,1.9683168316831683,0.0,0.0,0,MOVING AWAY,False,29,📉 LOW OVERTAKE CHANCE,0,15.61056105610561,0,success
169,800,481,142,98,13916,13916.0,1.9683168316831683,0.0,0.0,0,MOVING AWAY,False,28,📉 LOW OVERTAKE CHANCE,0,15.61056105610561,0,success
170,800,481,142,98,13916,13916.0,1.9683168316831683,0.0,0.0,0,MOVING AWAY,False,27,📉 LOW OVERTAKE CHANCE,0,15.61056105610561,0,success
171,799,481,142,98,13916,13916.0,1.9683168316831683,0.0,0.0,0,MOVING AWAY,False,27,📉 LOW OVERTAKE CHANCE,0,15.61056105610561,0,success
172,798,481,142,98,13916,13916.0,1.9683168316831683,0.0,0.0,0,MOVING AWAY,False,26,📉 LOW OVERTAKE CHANCE,0,15.61056105610561,0,success
173,798,481,142,98,13916,13916.0,1.9683168316831683,0.0,0.0,0,MOVING AWAY,False,25,📉 LOW OVERTAKE CHANCE,0,15.61056105610561,0,success
174,798,481,142,98,13916,13916.0,1.9683168316831683,0.0,0.0,0,MOVING AWAY,False,25,📉 LOW OVERTAKE CHANCE,0,15.61056105610561,0,success
175,797,481,142,98,13916,13916.0,1.9683168316831683,0.0,0.0,0,MOVING AWAY,False,25,📉 LOW OVERTAKE CHANCE,0,15.61056105610561,0,success
176,797,481,142,98,13916,13916.0,1.9683168316831683,0.0,0.0,0,MOVING AWAY,False,25,📉 LOW OVERTAKE CHANCE,0,15.61056105610561,0,success
177,799,483,135,94,12690,13670.8,1.9336350777934936,-613.0,0.0,0,MOVING AWAY,False,24,👀 WATCHING FOR OVERTAKE,0,14.454502593116455,0,success
178,798,483,135,94,12690,13425.6,1.898953323903819,-613.0,0.0,0,MOVING AWAY,False,24,👀 WATCHING FOR OVERTAKE,0,13.298444130127299,0,success
179,794,481,142,98,13916,13425.6,1.898953323903819,613.0,613.0,0,APPROACHING,True,27,📉 LOW OVERTAKE CHANCE,0,13.298444130127299,30,success
180,797,483,135,94,12690,13180.4,1.8642715700141441,0.0,0.0,0,MOVING AWAY,False,27,📉 LOW OVERTAKE CHANCE,0,12.142385667138138,0,success
181,793,481,142,98,13916,13180.4,1.8642715700141441,0.0,0.0,0,MOVING AWAY,False,26,📉 LOW OVERTAKE CHANCE,0,12.142385667138138,0,success
182,796,483,135,94,12690,13180.4,1.8642715700141441,0.0,0.0,0,MOVING AWAY,False,26,📉 LOW OVERTAKE CHANCE,0,12.142385667138138,0,success
183,794,483,135,94,12690,13180.4,1.8642715700141441,-613.0,0.0,0,MOVING AWAY,False,26,📉 LOW OVERTAKE CHANCE,0,12.142385667138138,0,success
184,790,481,142,98,13916,13180.4,1.8642715700141441,613.0,613.0,0,APPROACHING,True,29,📉 LOW OVERTAKE CHANCE,0,12.142385667138138,30,success
185,793,483,135,94,12690,13180.4,1.8642715700141441,0.0,0.0,0,MOVING AWAY,False,28,📉 LOW OVERTAKE CHANCE,0,12.142385667138138,0,success
186,791,483,135,94,12690,12935.2,1.8295898161244697,-613.0,0.0,0,MOVING AWAY,False,28,📉 LOW OVERTAKE CHANCE,0,10.986327204148989,0,success
187,790,483,135,94,12690,12935.2,1.8295898161244697,0.0,0.0,0,MOVING AWAY,False,27,📉 LOW OVERTAKE CHANCE,0,10.986327204148989,0,success
188,790,483,135,94,12690,12935.2,1.8295898161244697,0.0,0.0,0,MOVING AWAY,False,27,📉 LOW OVERTAKE CHANCE,0,10.986327204148989,0,success
189,789,484,135,94,12690,12690.0,1.7949080622347948,0.0,0.0,0,MOVING AWAY,False,24,👀 WATCHING FOR OVERTAKE,0,9.830268741159827,0,success
190,789,484,135,94,12690,12690.0,1.7949080622347948,0.0,0.0,0,MOVING AWAY,False,24,👀 WATCHING FOR OVERTAKE,0,9.830268741159827,0,success
191,788,484,135,94,12690,12690.0,1.7949080622347948,0.0,0.0,0,MOVING AWAY,False,23,👀 WATCHING FOR OVERTAKE,0,9.830268741159827,0,success
192,788,484,135,94,12690,12690.0,1.7949080622347948,0.0,0.0,0,MOVING AWAY,False,23,👀 WATCHING FOR OVERTAKE,0,9.830268741159827,0,success
193,788,484,135,94,12690,12690.0,1.7949080622347948,0.0,0.0,0,MOVING AWAY,False,23,👀 WATCHING FOR OVERTAKE,0,9.830268741159827,0,success
194,789,485,135,94,12690,12690.0,1.7949080622347948,0.0,0.0,0,MOVING AWAY,False,20,👀 WATCHING FOR OVERTAKE,0,9.830268741159827,0,success
195,789,485,135,94,12690,12690.0,1.7949080622347948,0.0,0.0,0,MOVING AWAY,False,20,👀 WATCHING FOR OVERTAKE,0,9.830268741159827,0,success
196,791,485,135,94,12690,12690.0,1.7949080622347948,0.0,0.0,0,MOVING AWAY,False,20,👀 WATCHING FOR OVERTAKE,0,9.830268741159827,0,success
197,792,485,135,94,12690,12690.0,1.7949080622347948,0.0,0.0,0,MOVING AWAY,False,20,👀 WATCHING FOR OVERTAKE,0,9.830268741159827,0,success
198,793,485,135,94,12690,12690.0,1.7949080622347948,0.0,0.0,0,MOVING AWAY,False,20,👀 WATCHING FOR OVERTAKE,0,9.830268741159827,0,success
199,795,485,135,94,12690,12690.0,1.7949080622347948,0.0,0.0,0,MOVING AWAY,False,20,👀 WATCHING FOR OVERTAKE,0,9.830268741159827,0,success
200,796,485,135,94,12690,12690.0,1.7949080622347948,0.0,0.0,0,MOVING AWAY,False,20,👀 WATCHING FOR OVERTAKE,0,9.830268741159827,0,success
201,800,487,129,89,11481,12448.2,1.760707213578501,-604.5,0.0,0,MOVING AWAY,False,20,👀 WATCHING FOR OVERTAKE,0,8.690240452616697,0,success
202,800,488,129,89,11481,12206.4,1.7265063649222065,-604.5,0.0,0,MOVING AWAY,False,20,👀 WATCHING FOR OVERTAKE,0,7.550212164073551,0,success
203,800,488,129,89,11481,11964.6,1.6923055162659124,0.0,0.0,0,MOVING AWAY,False,19,👀 WATCHING FOR OVERTAKE,0,6.4101838755304135,0,success
204,801,488,129,89,11481,11722.8,1.658104667609618,0.0,0.0,0,MOVING AWAY,False,19,👀 WATCHING FOR OVERTAKE,0,5.2701555869872685,0,success
205,801,489,129,89,11481,11481.0,1.623903818953324,0.0,0.0,0,MOVING AWAY,False,18,👀 WATCHING FOR OVERTAKE,0,4.130127298444131,0,success
206,803,489,129,89,11481,11481.0,1.623903818953324,0.0,0.0,0,MOVING AWAY,False,18,👀 WATCHING FOR OVERTAKE,0,4.130127298444131,0,success
207,805,489,129,89,11481,11481.0,1.623903818953324,0.0,0.0,0,MOVING AWAY,False,17,👀 WATCHING FOR OVERTAKE,0,4.130127298444131,0,success
208,807,490,129,89,11481,11481.0,1.623903818953324,0.0,0.0,0,MOVING AWAY,False,17,👀 WATCHING FOR OVERTAKE,0,4.130127298444131,0,success
209,811,490,129,89,11481,11481.0,1.623903818953324,0.0,0.0,0,MOVING AWAY,False,16,👀 WATCHING FOR OVERTAKE,0,4.130127298444131,0,success
210,813,490,129,89,11481,11481.0,1.623903818953324,0.0,0.0,0,MOVING AWAY,False,16,👀 WATCHING FOR OVERTAKE,0,4.130127298444131,0,success
211,814,490,129,89,11481,11481.0,1.623903818953324,0.0,0.0,0,MOVING AWAY,False,15,👀 WATCHING FOR OVERTAKE,0,4.130127298444131,0,success
212,819,491,129,89,11481,11481.0,1.623903818953324,0.0,0.0,0,MOVING AWAY,False,15,👀 WATCHING FOR OVERTAKE,0,4.130127298444131,0,success
213,822,491,129,89,11481,11481.0,1.623903818953324,0.0,0.0,0,MOVING AWAY,False,15,👀 WATCHING FOR OVERTAKE,0,4.130127298444131,0,success
214,826,491,129,89,11481,11481.0,1.623903818953324,0.0,0.0,0,MOVING AWAY,False,15,👀 WATCHING FOR OVERTAKE,0,4.130127298444131,0,success
215,828,491,129,89,11481,11481.0,1.623903818953324,0.0,0.0,0,MOVING AWAY,False,15,👀 WATCHING FOR OVERTAKE,0,4.130127298444131,0,success
216,832,491,129,89,11481,11481.0,1.623903818953324,0.0,0.0,0,MOVING AWAY,False,15,👀 WATCHING FOR OVERTAKE,0,4.130127298444131,0,success
217,836,493,123,85,10455,11275.8,1.5948797736916547,-513.0,0.0,0,MOVING AWAY,False,15,👀 WATCHING FOR OVERTAKE,0,3.162659123055156,0,success
218,839,493,123,85,10455,11070.6,1.5658557284299859,-513.0,0.0,0,MOVING AWAY,False,15,👀 WATCHING FOR OVERTAKE,0,2.1951909476661964,0,success
219,843,493,123,85,10455,10865.4,1.5368316831683169,0.0,0.0,0,MOVING AWAY,False,15,👀 WATCHING FOR OVERTAKE,0,1.2277227722772288,0,success
220,843,493,123,85,10455,10660.2,1.5078076379066478,0.0,0.0,0,MOVING AWAY,False,15,👀 WATCHING FOR OVERTAKE,0,0.2602545968882616,0,success
221,845,492,123,85,10455,10455.0,1.4787835926449788,0.0,0.0,0,MOVING AWAY,False,15,👀 WATCHING FOR OVERTAKE,0,13.93917963224894,0,success
222,849,493,123,85,10455,10455.0,1.4787835926449788,0.0,0.0,0,MOVING AWAY,False,16,👀 WATCHING FOR OVERTAKE,0,13.93917963224894,0,success
223,849,492,123,85,10455,10455.0,1.4787835926449788,0.0,0.0,0,MOVING AWAY,False,17,👀 WATCHING FOR OVERTAKE,0,13.93917963224894,0,success
224,852,493,123,85,10455,10455.0,1.4787835926449788,0.0,0.0,0,MOVING AWAY,False,18,👀 WATCHING FOR OVERTAKE,0,13.93917963224894,0,success
225,853,493,123,85,10455,10455.0,1.4787835926449788,0.0,0.0,0,MOVING AWAY,False,19,👀 WATCHING FOR OVERTAKE,0,13.93917963224894,0,success
226,853,493,123,85,10455,10455.0,1.4787835926449788,0.0,0.0,0,MOVING AWAY,False,19,👀 WATCHING FOR OVERTAKE,0,13.93917963224894,0,success
227,857,493,123,85,10455,10455.0,1.4787835926449788,0.0,0.0,0,MOVING AWAY,False,20,👀 WATCHING FOR OVERTAKE,0,13.93917963224894,0,success
228,856,493,123,85,10455,10455.0,1.4787835926449788,0.0,0.0,0,MOVING AWAY,False,21,👀 WATCHING FOR OVERTAKE,0,13.93917963224894,0,success
229,858,493,123,85,10455,10455.0,1.4787835926449788,0.0,0.0,0,MOVING AWAY,False,22,👀 WATCHING FOR OVERTAKE,0,13.93917963224894,0,success
230,859,493,123,85,10455,10455.0,1.4787835926449788,0.0,0.0,0,MOVING AWAY,False,23,👀 WATCHING FOR OVERTAKE,0,13.93917963224894,0,success
231,858,493,123,85,10455,10455.0,1.4787835926449788,0.0,0.0,0,MOVING AWAY,False,23,👀 WATCHING FOR OVERTAKE,0,13.93917963224894,0,success
232,859,493,123,85,10455,10455.0,1.4787835926449788,0.0,0.0,0,MOVING AWAY,False,23,👀 WATCHING FOR OVERTAKE,0,13.93917963224894,0,success
233,860,493,123,85,10455,10455.0,1.4787835926449788,0.0,0.0,0,MOVING AWAY,False,23,👀 WATCHING FOR OVERTAKE,0,13.93917963224894,0,success
234,859,493,123,85,10455,10455.0,1.4787835926449788,0.0,0.0,0,MOVING AWAY,False,23,👀 WATCHING FOR OVERTAKE,0,13.93917963224894,0,success
235,857,493,123,85,10455,10455.0,1.4787835926449788,0.0,0.0,0,MOVING AWAY,False,23,👀 WATCHING FOR OVERTAKE,0,13.93917963224894,0,success
236,857,493,123,85,10455,10455.0,1.4787835926449788,0.0,0.0,0,MOVING AWAY,False,23,👀 WATCHING FOR OVERTAKE,0,13.93917963224894,0,success
237,855,493,123,85,10455,10455.0,1.4787835926449788,0.0,0.0,0,MOVING AWAY,False,23,👀 WATCHING FOR OVERTAKE,0,13.93917963224894,0,success
238,855,493,123,85,10455,10455.0,1.4787835926449788,0.0,0.0,0,MOVING AWAY,False,23,👀 WATCHING FOR OVERTAKE,0,13.93917963224894,0,success
239,853,493,123,85,10455,10455.0,1.4787835926449788,0.0,0.0,0,MOVING AWAY,False,23,👀 WATCHING FOR OVERTAKE,0,13.93917963224894,0,success
240,851,493,123,85,10455,10455.0,1.4787835926449788,0.0,0.0,0,MOVING AWAY,False,23,👀 WATCHING FOR OVERTAKE,0,13.93917963224894,0,success
241,850,493,123,85,10455,10455.0,1.4787835926449788,0.0,0.0,0,MOVING AWAY,False,23,👀 WATCHING FOR OVERTAKE,0,13.93917963224894,0,success
242,848,493,123,85,10455,10455.0,1.4787835926449788,0.0,0.0,0,MOVING AWAY,False,23,👀 WATCHING FOR OVERTAKE,0,13.93917963224894,0,success
243,847,492,123,85,10455,10455.0,1.4787835926449788,0.0,0.0,0,MOVING AWAY,False,23,👀 WATCHING FOR OVERTAKE,0,13.93917963224894,0,success
244,845,493,123,85,10455,10455.0,1.4787835926449788,0.0,0.0,0,MOVING AWAY,False,23,👀 WATCHING FOR OVERTAKE,0,13.93917963224894,0,success
245,843,492,123,85,10455,10455.0,1.4787835926449788,0.0,0.0,0,MOVING AWAY,False,23,👀 WATCHING FOR OVERTAKE,0,13.93917963224894,0,success
246,842,492,123,85,10455,10455.0,1.4787835926449788,0.0,0.0,0,MOVING AWAY,False,23,👀 WATCHING FOR OVERTAKE,0,13.93917963224894,0,success
247,840,492,123,85,10455,10455.0,1.4787835926449788,0.0,0.0,0,MOVING AWAY,False,23,👀 WATCHING FOR OVERTAKE,0,13.93917963224894,0,success
248,837,492,123,85,10455,10455.0,1.4787835926449788,0.0,0.0,0,MOVING AWAY,False,23,👀 WATCHING FOR OVERTAKE,0,13.93917963224894,0,success
249,836,492,123,85,10455,10455.0,1.4787835926449788,0.0,0.0,0,MOVING AWAY,False,23,👀 WATCHING FOR OVERTAKE,0,13.93917963224894,0,success
250,834,491,123,85,10455,10455.0,1.4787835926449788,0.0,0.0,0,MOVING AWAY,False,23,👀 WATCHING FOR OVERTAKE,0,13.93917963224894,0,success
251,833,491,123,85,10455,10455.0,1.4787835926449788,0.0,0.0,0,MOVING AWAY,False,23,👀 WATCHING FOR OVERTAKE,0,13.93917963224894,0,success
252,830,491,123,85,10455,10455.0,1.4787835926449788,0.0,0.0,0,MOVING AWAY,False,23,👀 WATCHING FOR OVERTAKE,0,13.93917963224894,0,success
253,829,490,123,85,10455,10455.0,1.4787835926449788,0.0,0.0,0,MOVING AWAY,False,23,👀 WATCHING FOR OVERTAKE,0,13.93917963224894,0,success
254,827,490,123,85,10455,10455.0,1.4787835926449788,0.0,0.0,0,MOVING AWAY,False,23,👀 WATCHING FOR OVERTAKE,0,13.93917963224894,0,success
255,825,491,123,85,10455,10455.0,1.4787835926449788,0.0,0.0,0,MOVING AWAY,False,23,👀 WATCHING FOR OVERTAKE,0,13.93917963224894,0,success
256,827,493,117,81,9477,10259.4,1.451117397454031,-489.0,0.0,0,MOVING AWAY,False,22,👀 WATCHING FOR OVERTAKE,0,12.555869872701551,0,success
257,821,490,123,85,10455,10259.4,1.451117397454031,0.0,0.0,0,MOVING AWAY,False,22,👀 WATCHING FOR OVERTAKE,0,12.555869872701551,0,success
258,824,493,117,81,9477,10063.8,1.4234512022630834,0.0,0.0,0,MOVING AWAY,False,22,👀 WATCHING FOR OVERTAKE,0,11.172560113154171,0,success
259,822,492,117,81,9477,9868.2,1.3957850070721358,-489.0,0.0,0,MOVING AWAY,False,22,👀 WATCHING FOR OVERTAKE,0,9.789250353606791,0,success
260,821,491,117,81,9477,9672.6,1.3681188118811882,0.0,0.0,0,MOVING AWAY,False,21,👀 WATCHING FOR OVERTAKE,0,8.405940594059413,0,success
261,820,491,117,81,9477,9672.6,1.3681188118811882,0.0,0.0,0,MOVING AWAY,False,21,👀 WATCHING FOR OVERTAKE,0,8.405940594059413,0,success
262,819,489,117,81,9477,9477.0,1.3404526166902404,0.0,0.0,0,MOVING AWAY,False,20,👀 WATCHING FOR OVERTAKE,0,7.022630834512021,0,success
263,818,489,117,81,9477,9477.0,1.3404526166902404,0.0,0.0,0,MOVING AWAY,False,20,👀 WATCHING FOR OVERTAKE,0,7.022630834512021,0,success
264,821,490,111,77,8547,9291.0,1.3141442715700142,-465.0,0.0,0,MOVING AWAY,False,19,👀 WATCHING FOR OVERTAKE,0,5.7072135785007125,0,success
265,820,489,111,77,8547,9105.0,1.2878359264497878,-465.0,0.0,0,MOVING AWAY,False,18,👀 WATCHING FOR OVERTAKE,0,4.391796322489394,0,success
266,820,489,111,77,8547,8919.0,1.2615275813295614,0.0,0.0,0,MOVING AWAY,False,17,👀 WATCHING FOR OVERTAKE,0,3.076379066478074,0,success
267,819,489,111,77,8547,8733.0,1.2352192362093353,0.0,0.0,0,MOVING AWAY,False,16,👀 WATCHING FOR OVERTAKE,0,1.7609618104667653,0,success
268,820,490,111,77,8547,8547.0,1.2089108910891089,0.0,0.0,0,MOVING AWAY,False,15,👀 WATCHING FOR OVERTAKE,0,0.4455445544554459,0,success
269,820,490,111,77,8547,8547.0,1.2089108910891089,0.0,0.0,0,MOVING AWAY,False,14,👀 WATCHING FOR OVERTAKE,0,0.4455445544554459,0,success
270,822,492,111,77,8547,8547.0,1.2089108910891089,0.0,0.0,0,MOVING AWAY,False,13,👀 WATCHING FOR OVERTAKE,0,0.4455445544554459,0,success
271,821,492,111,77,8547,8547.0,1.2089108910891089,0.0,0.0,0,MOVING AWAY,False,12,👀 WATCHING FOR OVERTAKE,0,0.4455445544554459,0,success
272,823,494,111,77,8547,8547.0,1.2089108910891089,0.0,0.0,0,MOVING AWAY,False,12,👀 WATCHING FOR OVERTAKE,0,0.4455445544554459,0,success
273,822,494,111,77,8547,8547.0,1.2089108910891089,0.0,0.0,0,MOVING AWAY,False,11,👀 WATCHING FOR OVERTAKE,0,0.4455445544554459,0,success
274,823,495,111,77,8547,8547.0,1.2089108910891089,0.0,0.0,0,MOVING AWAY,False,10,👀 WATCHING FOR OVERTAKE,0,0.4455445544554459,0,success
275,823,494,111,77,8547,8547.0,1.2089108910891089,0.0,0.0,0,MOVING AWAY,False,10,👀 WATCHING FOR OVERTAKE,0,0.4455445544554459,0,success
276,824,494,111,77,8547,8547.0,1.2089108910891089,0.0,0.0,0,MOVING AWAY,False,10,👀 WATCHING FOR OVERTAKE,0,0.4455445544554459,0,success
277,824,494,111,77,8547,8547.0,1.2089108910891089,0.0,0.0,0,MOVING AWAY,False,10,👀 WATCHING FOR OVERTAKE,0,0.4455445544554459,0,success
278,825,493,111,77,8547,8547.0,1.2089108910891089,0.0,0.0,0,MOVING AWAY,False,10,👀 WATCHING FOR OVERTAKE,0,0.4455445544554459,0,success
279,829,493,106,74,7844,8406.4,1.189024045261669,-351.5,0.0,0,MOVING AWAY,False,9,🔒 NO OVERTAKE OPPORTUNITY,0,0.0,0,success
280,828,493,106,74,7844,8265.8,1.169137199434229,-351.5,0.0,0,MOVING AWAY,False,8,🔒 NO OVERTAKE OPPORTUNITY,0,0.0,0,success
281,829,493,106,74,7844,8125.2,1.1492503536067893,0.0,0.0,0,MOVING AWAY,False,7,🔒 NO OVERTAKE OPPORTUNITY,0,0.0,0,success
282,830,493,106,74,7844,7984.6,1.1293635077793494,0.0,0.0,0,MOVING AWAY,False,6,🔒 NO OVERTAKE OPPORTUNITY,0,0.0,0,success
283,831,493,106,74,7844,7844.0,1.1094766619519094,0.0,0.0,0,MOVING AWAY,False,5,🔒 NO OVERTAKE OPPORTUNITY,0,0.0,0,success
284,831,493,106,74,7844,7844.0,1.1094766619519094,0.0,0.0,0,MOVING AWAY,False,4,🔒 NO OVERTAKE OPPORTUNITY,0,0.0,0,success
285,831,493,106,74,7844,7844.0,1.1094766619519094,0.0,0.0,0,MOVING AWAY,False,3,🔒 NO OVERTAKE OPPORTUNITY,0,0.0,0,success
286,832,493,106,74,7844,7844.0,1.1094766619519094,0.0,0.0,0,MOVING AWAY,False,2,🔒 NO OVERTAKE OPPORTUNITY,0,0.0,0,success
287,834,493,106,74,7844,7844.0,1.1094766619519094,0.0,0.0,0,MOVING AWAY,False,1,🔒 NO OVERTAKE OPPORTUNITY,0,0.0,0,success
288,833,493,106,74,7844,7844.0,1.1094766619519094,0.0,0.0,0,MOVING AWAY,False,0,🔒 NO OVERTAKE OPPORTUNITY,0,0.0,0,success
289,834,494,106,74,7844,7844.0,1.1094766619519094,0.0,0.0,0,MOVING AWAY,False,0,🔒 NO OVERTAKE OPPORTUNITY,0,0.0,0,success
290,835,494,106,74,7844,7844.0,1.1094766619519094,0.0,0.0,0,MOVING AWAY,False,0,🔒 NO OVERTAKE OPPORTUNITY,0,0.0,0,success
291,836,494,106,74,7844,7844.0,1.1094766619519094,0.0,0.0,0,MOVING AWAY,False,0,🔒 NO OVERTAKE OPPORTUNITY,0,0.0,0,success
292,839,495,101,70,7070,7689.2,1.0875813295615275,-387.0,0.0,0,MOVING AWAY,False,0,🔒 NO OVERTAKE OPPORTUNITY,0,0.0,0,success
293,837,494,101,70,7070,7534.4,1.0656859971711456,-387.0,0.0,0,MOVING AWAY,False,0,🔒 NO OVERTAKE OPPORTUNITY,0,0.0,0,success
294,838,494,101,70,7070,7379.6,1.0437906647807638,0.0,0.0,0,MOVING AWAY,False,0,🔒 NO OVERTAKE OPPORTUNITY,0,0.0,0,success
295,838,493,101,70,7070,7224.8,1.0218953323903819,0.0,0.0,0,MOVING AWAY,False,0,🔒 NO OVERTAKE OPPORTUNITY,0,0.0,0,success
296,838,493,101,70,7070,7070.0,1.0,0.0,0.0,0,MOVING AWAY,False,0,🔒 NO OVERTAKE OPPORTUNITY,0,0.0,0,success
297,836,491,106,74,7844,7224.8,1.0218953323903819,387.0,387.0,0,APPROACHING,True,0,🔒 NO OVERTAKE OPPORTUNITY,0,0.0,0,success
298,841,494,101,70,7070,7224.8,1.0218953323903819,0.0,0.0,0,MOVING AWAY,False,0,🔒 NO OVERTAKE OPPORTUNITY,0,0.0,0,success
299,839,493,101,70,7070,7224.8,1.0218953323903819,-387.0,0.0,0,MOVING AWAY,False,0,🔒 NO OVERTAKE OPPORTUNITY,0,0.0,0,success
300,837,491,106,74,7844,7379.6,1.0437906647807638,387.0,387.0,0,APPROACHING,True,0,🔒 NO OVERTAKE OPPORTUNITY,0,0.0,0,success
301,841,493,101,70,7070,7379.6,1.0437906647807638,0.0,0.0,0,MOVING AWAY,False,0,🔒 NO OVERTAKE OPPORTUNITY,0,0.0,0,success
302,837,491,106,74,7844,7379.6,1.0437906647807638,0.0,0.0,0,MOVING AWAY,False,0,🔒 NO OVERTAKE OPPORTUNITY,0,0.0,0,success
303,841,494,101,70,7070,7379.6,1.0437906647807638,0.0,0.0,0,MOVING AWAY,False,0,🔒 NO OVERTAKE OPPORTUNITY,0,0.0,0,success
304,839,493,101,70,7070,7379.6,1.0437906647807638,-387.0,0.0,0,MOVING AWAY,False,0,🔒 NO OVERTAKE OPPORTUNITY,0,0.0,0,success
305,836,491,106,74,7844,7379.6,1.0437906647807638,387.0,387.0,0,APPROACHING,True,0,🔒 NO OVERTAKE OPPORTUNITY,0,0.0,0,success
306,841,493,101,70,7070,7379.6,1.0437906647807638,0.0,0.0,0,MOVING AWAY,False,0,🔒 NO OVERTAKE OPPORTUNITY,0,0.0,0,success
307,838,492,101,70,7070,7224.8,1.0218953323903819,-387.0,0.0,0,MOVING AWAY,False,0,🔒 NO OVERTAKE OPPORTUNITY,0,0.0,0,success
308,837,492,101,70,7070,7224.8,1.0218953323903819,0.0,0.0,0,MOVING AWAY,False,0,🔒 NO OVERTAKE OPPORTUNITY,0,0.0,0,success
309,837,491,101,70,7070,7224.8,1.0218953323903819,0.0,0.0,0,MOVING AWAY,False,0,🔒 NO OVERTAKE OPPORTUNITY,0,0.0,0,success
310,836,490,101,70,7070,7070.0,1.0,0.0,0.0,0,MOVING AWAY,False,0,🔒 NO OVERTAKE OPPORTUNITY,0,0.0,0,success
311,835,490,101,70,7070,7070.0,1.0,0.0,0.0,0,MOVING AWAY,False,0,🔒 NO OVERTAKE OPPORTUNITY,0,0.0,0,success
312,835,490,101,70,7070,7070.0,1.0,0.0,0.0,0,MOVING AWAY,False,0,🔒 NO OVERTAKE OPPORTUNITY,0,0.0,0,success
313,834,490,101,70,7070,7070.0,1.0,0.0,0.0,0,MOVING AWAY,False,0,🔒 NO OVERTAKE OPPORTUNITY,0,0.0,0,success
314,830,489,106,74,7844,7224.8,1.0218953323903819,387.0,387.0,0,APPROACHING,True,0,🔒 NO OVERTAKE OPPORTUNITY,0,0.0,0,success
315,833,492,101,70,7070,7224.8,1.0218953323903819,0.0,0.0,0,MOVING AWAY,False,0,🔒 NO OVERTAKE OPPORTUNITY,0,0.0,0,success
316,832,492,101,70,7070,7224.8,1.0218953323903819,-387.0,0.0,0,MOVING AWAY,False,0,🔒 NO OVERTAKE OPPORTUNITY,0,0.0,0,success
317,833,495,96,67,6432,7097.2,1.0038472418670439,-319.0,0.0,0,MOVING AWAY,False,0,🔒 NO OVERTAKE OPPORTUNITY,0,0.0,0,success
318,829,493,101,70,7070,7097.2,1.0038472418670439,0.0,0.0,0,MOVING AWAY,False,0,🔒 NO OVERTAKE OPPORTUNITY,0,0.0,0,success
319,830,496,96,67,6432,6814.8,0.9639038189533239,0.0,0.0,0,MOVING AWAY,False,0,🔒 NO OVERTAKE OPPORTUNITY,0,0.0,0,success
320,829,496,96,67,6432,6687.2,0.9458557284299858,-319.0,0.0,0,MOVING AWAY,False,0,🔒 NO OVERTAKE OPPORTUNITY,0,0.0,0,success
321,823,492,106,74,7844,6842.0,0.9677510608203678,706.0,706.0,0,APPROACHING,True,0,🔒 NO OVERTAKE OPPORTUNITY,0,0.0,0,success
322,829,496,96,67,6432,6842.0,0.9677510608203678,0.0,0.0,0,MOVING AWAY,False,0,🔒 NO OVERTAKE OPPORTUNITY,0,0.0,0,success
323,826,495,96,67,6432,6714.4,0.9497029702970297,-706.0,0.0,0,MOVING AWAY,False,0,🔒 NO OVERTAKE OPPORTUNITY,0,0.0,0,success
324,824,494,96,67,6432,6714.4,0.9497029702970297,0.0,0.0,0,MOVING AWAY,False,0,🔒 NO OVERTAKE OPPORTUNITY,0,0.0,0,success
325,823,493,96,67,6432,6714.4,0.9497029702970297,0.0,0.0,0,MOVING AWAY,False,0,🔒 NO OVERTAKE OPPORTUNITY,0,0.0,0,success
326,822,492,96,67,6432,6432.0,0.9097595473833098,0.0,0.0,0,MOVING AWAY,False,0,🔒 NO OVERTAKE OPPORTUNITY,0,0.0,0,success
327,821,491,96,67,6432,6432.0,0.9097595473833098,0.0,0.0,0,MOVING AWAY,False,0,🔒 NO OVERTAKE OPPORTUNITY,0,0.0,0,success
328,820,491,96,67,6432,6432.0,0.9097595473833098,0.0,0.0,0,MOVING AWAY,False,0,🔒 NO OVERTAKE OPPORTUNITY,0,0.0,0,success
329,819,491,96,67,6432,6432.0,0.9097595473833098,0.0,0.0,0,MOVING AWAY,False,0,🔒 NO OVERTAKE OPPORTUNITY,0,0.0,0,success
330,817,491,96,67,6432,6432.0,0.9097595473833098,0.0,0.0,0,MOVING AWAY,False,0,🔒 NO OVERTAKE OPPORTUNITY,0,0.0,0,success
331,817,491,96,67,6432,6432.0,0.9097595473833098,0.0,0.0,0,MOVING AWAY,False,0,🔒 NO OVERTAKE OPPORTUNITY,0,0.0,0,success
332,815,491,96,67,6432,6432.0,0.9097595473833098,0.0,0.0,0,MOVING AWAY,False,0,🔒 NO OVERTAKE OPPORTUNITY,0,0.0,0,success
333,814,491,96,67,6432,6432.0,0.9097595473833098,0.0,0.0,0,MOVING AWAY,False,0,🔒 NO OVERTAKE OPPORTUNITY,0,0.0,0,success
334,813,491,96,67,6432,6432.0,0.9097595473833098,0.0,0.0,0,MOVING AWAY,False,0,🔒 NO OVERTAKE OPPORTUNITY,0,0.0,0,success
335,812,491,96,67,6432,6432.0,0.9097595473833098,0.0,0.0,0,MOVING AWAY,False,0,🔒 NO OVERTAKE OPPORTUNITY,0,0.0,0,success
336,811,491,96,67,6432,6432.0,0.9097595473833098,0.0,0.0,0,MOVING AWAY,False,0,🔒 NO OVERTAKE OPPORTUNITY,0,0.0,0,success
337,807,490,101,70,7070,6559.6,0.9278076379066479,319.0,319.0,0,APPROACHING,True,0,🔒 NO OVERTAKE OPPORTUNITY,0,0.0,0,success
338,807,490,101,70,7070,6687.2,0.9458557284299858,319.0,319.0,1,APPROACHING,True,0,🔒 NO OVERTAKE OPPORTUNITY,0,0.0,0,success
339,808,492,96,67,6432,6687.2,0.9458557284299858,-319.0,0.0,0,MOVING AWAY,False,0,🔒 NO OVERTAKE OPPORTUNITY,0,0.0,0,success
340,806,492,96,67,6432,6687.2,0.9458557284299858,-319.0,0.0,0,MOVING AWAY,False,0,🔒 NO OVERTAKE OPPORTUNITY,0,0.0,0,success
341,806,492,96,67,6432,6687.2,0.9458557284299858,0.0,0.0,0,MOVING AWAY,False,0,🔒 NO OVERTAKE OPPORTUNITY,0,0.0,0,success
342,802,491,101,70,7070,6687.2,0.9458557284299858,319.0,319.0,0,APPROACHING,True,0,🔒 NO OVERTAKE OPPORTUNITY,0,0.0,0,success
343,803,493,96,67,6432,6559.6,0.9278076379066479,0.0,0.0,0,MOVING AWAY,False,0,🔒 NO OVERTAKE OPPORTUNITY,0,0.0,0,success
344,801,493,96,67,6432,6559.6,0.9278076379066479,-319.0,0.0,0,MOVING AWAY,False,0,🔒 NO OVERTAKE OPPORTUNITY,0,0.0,0,success
345,800,493,96,67,6432,6559.6,0.9278076379066479,0.0,0.0,0,MOVING AWAY,False,0,🔒 NO OVERTAKE OPPORTUNITY,0,0.0,0,success
346,802,494,92,63,5796,6432.4,0.9098161244695898,-318.0,0.0,0,MOVING AWAY,False,0,🔒 NO OVERTAKE OPPORTUNITY,0,0.0,0,success
347,801,494,92,63,5796,6177.6,0.8737765205091939,-318.0,0.0,0,MOVING AWAY,False,0,🔒 NO OVERTAKE OPPORTUNITY,0,0.0,0,success
348,799,494,92,63,5796,6050.4,0.8557850070721358,0.0,0.0,0,MOVING AWAY,False,0,🔒 NO OVERTAKE OPPORTUNITY,0,0.0,0,success
349,797,494,92,63,5796,5923.2,0.8377934936350777,0.0,0.0,0,MOVING AWAY,False,0,🔒 NO OVERTAKE OPPORTUNITY,0,0.0,0,success
350,799,495,87,60,5220,5680.8,0.8035077793493636,-288.0,0.0,0,MOVING AWAY,False,0,🔒 NO OVERTAKE OPPORTUNITY,0,0.0,0,success
351,795,493,92,63,5796,5680.8,0.8035077793493636,0.0,0.0,0,MOVING AWAY,False,0,🔒 NO OVERTAKE OPPORTUNITY,0,0.0,0,success
352,797,495,87,60,5220,5565.6,0.7872135785007073,0.0,0.0,0,MOVING AWAY,False,0,🔒 NO OVERTAKE OPPORTUNITY,0,0.0,0,success
353,793,493,92,63,5796,5565.6,0.7872135785007073,0.0,0.0,0,MOVING AWAY,False,0,🔒 NO OVERTAKE OPPORTUNITY,0,0.0,0,success
354,795,495,87,60,5220,5450.4,0.7709193776520509,0.0,0.0,0,MOVING AWAY,False,0,🔒 NO OVERTAKE OPPORTUNITY,0,0.0,0,success
355,791,493,92,63,5796,5565.6,0.7872135785007073,0.0,0.0,0,MOVING AWAY,False,0,🔒 NO OVERTAKE OPPORTUNITY,0,0.0,0,success
356,794,495,87,60,5220,5450.4,0.7709193776520509,0.0,0.0,0,MOVING AWAY,False,0,🔒 NO OVERTAKE OPPORTUNITY,0,0.0,0,success
357,789,491,92,63,5796,5565.6,0.7872135785007073,0.0,0.0,0,MOVING AWAY,False,0,🔒 NO OVERTAKE OPPORTUNITY,0,0.0,0,success
358,790,491,92,63,5796,5565.6,0.7872135785007073,288.0,288.0,0,APPROACHING,True,0,🔒 NO OVERTAKE OPPORTUNITY,0,0.0,0,success
359,790,493,87,60,5220,5565.6,0.7872135785007073,-288.0,0.0,0,MOVING AWAY,False,0,🔒 NO OVERTAKE OPPORTUNITY,0,0.0,0,success
360,789,492,87,60,5220,5450.4,0.7709193776520509,-288.0,0.0,0,MOVING AWAY,False,0,🔒 NO OVERTAKE OPPORTUNITY,0,0.0,0,success
361,788,491,87,60,5220,5450.4,0.7709193776520509,0.0,0.0,0,MOVING AWAY,False,0,🔒 NO OVERTAKE OPPORTUNITY,0,0.0,0,success
362,784,490,92,63,5796,5450.4,0.7709193776520509,288.0,288.0,0,APPROACHING,True,0,🔒 NO OVERTAKE OPPORTUNITY,0,0.0,0,success
363,787,492,87,60,5220,5335.2,0.7546251768033946,0.0,0.0,0,MOVING AWAY,False,0,🔒 NO OVERTAKE OPPORTUNITY,0,0.0,0,success
364,783,491,92,63,5796,5450.4,0.7709193776520509,0.0,0.0,0,MOVING AWAY,False,0,🔒 NO OVERTAKE OPPORTUNITY,0,0.0,0,success
365,783,492,92,63,5796,5565.6,0.7872135785007073,288.0,288.0,0,APPROACHING,True,0,🔒 NO OVERTAKE OPPORTUNITY,0,0.0,0,success
366,785,494,87,60,5220,5565.6,0.7872135785007073,-288.0,0.0,0,MOVING AWAY,False,0,🔒 NO OVERTAKE OPPORTUNITY,0,0.0,0,success
367,781,494,92,63,5796,5565.6,0.7872135785007073,0.0,0.0,0,MOVING AWAY,False,0,🔒 NO OVERTAKE OPPORTUNITY,0,0.0,0,success
368,781,495,92,63,5796,5680.8,0.8035077793493636,288.0,288.0,0,APPROACHING,True,0,🔒 NO OVERTAKE OPPORTUNITY,0,0.0,0,success
369,780,496,92,63,5796,5680.8,0.8035077793493636,0.0,0.0,0,MOVING AWAY,False,0,🔒 NO OVERTAKE OPPORTUNITY,0,0.0,0,success
370,780,496,92,63,5796,5680.8,0.8035077793493636,0.0,0.0,0,MOVING AWAY,False,0,🔒 NO OVERTAKE OPPORTUNITY,0,0.0,0,success
371,781,498,87,60,5220,5680.8,0.8035077793493636,-288.0,0.0,0,MOVING AWAY,False,0,🔒 NO OVERTAKE OPPORTUNITY,0,0.0,0,success
372,779,497,87,60,5220,5565.6,0.7872135785007073,-288.0,0.0,0,MOVING AWAY,False,0,🔒 NO OVERTAKE OPPORTUNITY,0,0.0,0,success
373,777,495,92,63,5796,5565.6,0.7872135785007073,288.0,288.0,0,APPROACHING,True,0,🔒 NO OVERTAKE OPPORTUNITY,0,0.0,0,success
374,779,496,87,60,5220,5450.4,0.7709193776520509,0.0,0.0,0,MOVING AWAY,False,0,🔒 NO OVERTAKE OPPORTUNITY,0,0.0,0,success
375,778,495,87,60,5220,5335.2,0.7546251768033946,-288.0,0.0,0,MOVING AWAY,False,0,🔒 NO OVERTAKE OPPORTUNITY,0,0.0,0,success
376,777,494,87,60,5220,5335.2,0.7546251768033946,0.0,0.0,0,MOVING AWAY,False,0,🔒 NO OVERTAKE OPPORTUNITY,0,0.0,0,success
377,776,494,87,60,5220,5335.2,0.7546251768033946,0.0,0.0,0,MOVING AWAY,False,0,🔒 NO OVERTAKE OPPORTUNITY,0,0.0,0,success
378,778,494,83,58,4814,5138.8,0.7268458274398869,-203.0,0.0,0,MOVING AWAY,False,0,🔒 NO OVERTAKE OPPORTUNITY,0,0.0,0,success
379,775,492,87,60,5220,5138.8,0.7268458274398869,0.0,0.0,0,MOVING AWAY,False,0,🔒 NO OVERTAKE OPPORTUNITY,0,0.0,0,success
380,774,492,87,60,5220,5138.8,0.7268458274398869,203.0,203.0,0,APPROACHING,True,0,🔒 NO OVERTAKE OPPORTUNITY,0,0.0,0,success
381,774,492,87,60,5220,5138.8,0.7268458274398869,0.0,0.0,0,MOVING AWAY,False,0,🔒 NO OVERTAKE OPPORTUNITY,0,0.0,0,success
382,774,492,87,60,5220,5138.8,0.7268458274398869,0.0,0.0,0,MOVING AWAY,False,0,🔒 NO OVERTAKE OPPORTUNITY,0,0.0,0,success
383,776,494,83,58,4814,5138.8,0.7268458274398869,-203.0,0.0,0,MOVING AWAY,False,0,🔒 NO OVERTAKE OPPORTUNITY,0,0.0,0,success
384,773,490,87,60,5220,5138.8,0.7268458274398869,0.0,0.0,0,MOVING AWAY,False,0,🔒 NO OVERTAKE OPPORTUNITY,0,0.0,0,success
385,775,492,83,58,4814,5057.6,0.7153606789250354,0.0,0.0,0,MOVING AWAY,False,0,🔒 NO OVERTAKE OPPORTUNITY,0,0.0,0,success
386,773,490,87,60,5220,5057.6,0.7153606789250354,0.0,0.0,0,MOVING AWAY,False,0,🔒 NO OVERTAKE OPPORTUNITY,0,0.0,0,success
387,776,491,83,58,4814,4976.4,0.7038755304101838,0.0,0.0,0,MOVING AWAY,False,0,🔒 NO OVERTAKE OPPORTUNITY,0,0.0,0,success
388,775,489,83,58,4814,4976.4,0.7038755304101838,-203.0,0.0,0,MOVING AWAY,False,0,🔒 NO OVERTAKE OPPORTUNITY,0,0.0,0,success
389,773,488,87,60,5220,4976.4,0.7038755304101838,203.0,203.0,0,APPROACHING,True,0,🔒 NO OVERTAKE OPPORTUNITY,0,0.0,0,success
390,776,489,83,58,4814,4976.4,0.7038755304101838,0.0,0.0,0,MOVING AWAY,False,0,🔒 NO OVERTAKE OPPORTUNITY,0,0.0,0,success
391,773,487,87,60,5220,4976.4,0.7038755304101838,0.0,0.0,0,MOVING AWAY,False,0,🔒 NO OVERTAKE OPPORTUNITY,0,0.0,0,success
392,776,489,83,58,4814,4976.4,0.7038755304101838,0.0,0.0,0,MOVING AWAY,False,0,🔒 NO OVERTAKE OPPORTUNITY,0,0.0,0,success
393,776,489,83,58,4814,4976.4,0.7038755304101838,-203.0,0.0,0,MOVING AWAY,False,0,🔒 NO OVERTAKE OPPORTUNITY,0,0.0,0,success
394,772,487,92,63,5796,5091.6,0.7201697312588402,491.0,491.0,0,APPROACHING,True,0,🔒 NO OVERTAKE OPPORTUNITY,0,0.0,0,success
395,774,489,92,63,5796,5288.0,0.747949080622348,491.0,491.0,1,APPROACHING,True,0,🔒 NO OVERTAKE OPPORTUNITY,0,0.0,0,success
396,778,492,83,58,4814,5206.8,0.7364639321074965,-491.0,0.0,0,MOVING AWAY,False,0,🔒 NO OVERTAKE OPPORTUNITY,0,0.0,0,success
397,776,491,87,60,5220,5288.0,0.747949080622348,-288.0,0.0,0,MOVING AWAY,False,0,🔒 NO OVERTAKE OPPORTUNITY,0,0.0,0,success
398,778,493,83,58,4814,5288.0,0.747949080622348,0.0,0.0,0,MOVING AWAY,False,0,🔒 NO OVERTAKE OPPORTUNITY,0,0.0,0,success
399,778,493,83,58,4814,5091.6,0.7201697312588402,-203.0,0.0,0,MOVING AWAY,False,0,🔒 NO OVERTAKE OPPORTUNITY,0,0.0,0,success
400,778,493,83,58,4814,4895.2,0.6923903818953324,0.0,0.0,0,MOVING AWAY,False,0,🔒 NO OVERTAKE OPPORTUNITY,0,0.0,0,success
401,776,492,87,60,5220,4976.4,0.7038755304101838,203.0,203.0,0,APPROACHING,True,0,🔒 NO OVERTAKE OPPORTUNITY,0,0.0,0,success
402,779,494,83,58,4814,4895.2,0.6923903818953324,0.0,0.0,0,MOVING AWAY,False,0,🔒 NO OVERTAKE OPPORTUNITY,0,0.0,0,success
403,780,494,83,58,4814,4895.2,0.6923903818953324,-203.0,0.0,0,MOVING AWAY,False,0,🔒 NO OVERTAKE OPPORTUNITY,0,0.0,0,success
404,779,494,83,58,4814,4895.2,0.6923903818953324,0.0,0.0,0,MOVING AWAY,False,0,🔒 NO OVERTAKE OPPORTUNITY,0,0.0,0,success
405,780,494,83,58,4814,4895.2,0.6923903818953324,0.0,0.0,0,MOVING AWAY,False,0,🔒 NO OVERTAKE OPPORTUNITY,0,0.0,0,success
406,782,495,79,55,4345,4720.2,0.6676379066478076,-234.5,0.0,0,MOVING AWAY,False,0,🔒 NO OVERTAKE OPPORTUNITY,0,0.0,0,success
407,783,494,79,55,4345,4626.4,0.6543705799151344,-234.5,0.0,0,MOVING AWAY,False,0,🔒 NO OVERTAKE OPPORTUNITY,0,0.0,0,success
408,784,493,79,55,4345,4532.6,0.6411032531824612,0.0,0.0,0,MOVING AWAY,False,0,🔒 NO OVERTAKE OPPORTUNITY,0,0.0,0,success
409,785,492,79,55,4345,4438.8,0.6278359264497878,0.0,0.0,0,MOVING AWAY,False,0,🔒 NO OVERTAKE OPPORTUNITY,0,0.0,0,success
410,785,491,79,55,4345,4345.0,0.6145685997171145,0.0,0.0,0,MOVING AWAY,False,0,🔒 NO OVERTAKE OPPORTUNITY,0,0.0,0,success
411,785,491,79,55,4345,4345.0,0.6145685997171145,0.0,0.0,0,MOVING AWAY,False,0,🔒 NO OVERTAKE OPPORTUNITY,0,0.0,0,success
412,786,490,79,55,4345,4345.0,0.6145685997171145,0.0,0.0,0,MOVING AWAY,False,0,🔒 NO OVERTAKE OPPORTUNITY,0,0.0,0,success
413,786,490,79,55,4345,4345.0,0.6145685997171145,0.0,0.0,0,MOVING AWAY,False,0,🔒 NO OVERTAKE OPPORTUNITY,0,0.0,0,success
414,786,490,79,55,4345,4345.0,0.6145685997171145,0.0,0.0,0,MOVING AWAY,False,0,🔒 NO OVERTAKE OPPORTUNITY,0,0.0,0,success
415,785,489,83,58,4814,4438.8,0.6278359264497878,234.5,234.5,0,APPROACHING,True,0,🔒 NO OVERTAKE OPPORTUNITY,0,0.0,0,success
416,784,488,87,60,5220,4613.8,0.6525884016973126,437.5,437.5,1,APPROACHING,True,0,🔒 NO OVERTAKE OPPORTUNITY,0,0.0,0,success
417,789,493,79,55,4345,4613.8,0.6525884016973126,-234.5,0.0,0,MOVING AWAY,False,0,🔒 NO OVERTAKE OPPORTUNITY,0,0.0,0,success
418,789,493,79,55,4345,4613.8,0.6525884016973126,-437.5,0.0,0,MOVING AWAY,False,0,🔒 NO OVERTAKE OPPORTUNITY,0,0.0,0,success
419,789,494,79,55,4345,4613.8,0.6525884016973126,0.0,0.0,0,MOVING AWAY,False,0,🔒 NO OVERTAKE OPPORTUNITY,0,0.0,0,success
420,790,494,79,55,4345,4520.0,0.6393210749646393,0.0,0.0,0,MOVING AWAY,False,0,🔒 NO OVERTAKE OPPORTUNITY,0,0.0,0,success
421,789,493,83,58,4814,4438.8,0.6278359264497878,234.5,234.5,0,APPROACHING,True,0,🔒 NO OVERTAKE OPPORTUNITY,0,0.0,0,success
422,791,494,79,55,4345,4438.8,0.6278359264497878,0.0,0.0,0,MOVING AWAY,False,0,🔒 NO OVERTAKE OPPORTUNITY,0,0.0,0,success
423,792,494,79,55,4345,4438.8,0.6278359264497878,-234.5,0.0,0,MOVING AWAY,False,0,🔒 NO OVERTAKE OPPORTUNITY,0,0.0,0,success
424,793,494,79,55,4345,4438.8,0.6278359264497878,0.0,0.0,0,MOVING AWAY,False,0,🔒 NO OVERTAKE OPPORTUNITY,0,0.0,0,success
425,795,495,75,52,3900,4349.8,0.6152475247524752,-222.5,0.0,0,MOVING AWAY,False,0,🔒 NO OVERTAKE OPPORTUNITY,0,0.0,0,success
426,791,491,83,58,4814,4349.8,0.6152475247524752,234.5,234.5,0,APPROACHING,True,0,🔒 NO OVERTAKE OPPORTUNITY,0,0.0,0,success
427,796,493,79,55,4345,4349.8,0.6152475247524752,222.5,234.5,1,APPROACHING,True,0,🔒 NO OVERTAKE OPPORTUNITY,0,0.0,0,success
428,796,493,79,55,4345,4349.8,0.6152475247524752,-234.5,0.0,0,MOVING AWAY,False,0,🔒 NO OVERTAKE OPPORTUNITY,0,0.0,0,success
429,797,493,79,55,4345,4349.8,0.6152475247524752,0.0,0.0,0,MOVING AWAY,False,0,🔒 NO OVERTAKE OPPORTUNITY,0,0.0,0,success
430,797,493,79,55,4345,4438.8,0.6278359264497878,0.0,0.0,0,MOVING AWAY,False,0,🔒 NO OVERTAKE OPPORTUNITY,0,0.0,0,success
431,798,494,79,55,4345,4345.0,0.6145685997171145,0.0,0.0,0,MOVING AWAY,False,0,🔒 NO OVERTAKE OPPORTUNITY,0,0.0,0,success
432,800,494,79,55,4345,4345.0,0.6145685997171145,0.0,0.0,0,MOVING AWAY,False,0,🔒 NO OVERTAKE OPPORTUNITY,0,0.0,0,success
433,800,495,79,55,4345,4345.0,0.6145685997171145,0.0,0.0,0,MOVING AWAY,False,0,🔒 NO OVERTAKE OPPORTUNITY,0,0.0,0,success
434,802,494,79,55,4345,4345.0,0.6145685997171145,0.0,0.0,0,MOVING AWAY,False,0,🔒 NO OVERTAKE OPPORTUNITY,0,0.0,0,success
435,803,496,75,52,3900,4256.0,0.601980198019802,-222.5,0.0,0,MOVING AWAY,False,0,🔒 NO OVERTAKE OPPORTUNITY,0,0.0,0,success
436,803,495,75,52,3900,4167.0,0.5893917963224894,-222.5,0.0,0,MOVING AWAY,False,0,🔒 NO OVERTAKE OPPORTUNITY,0,0.0,0,success
437,803,492,79,55,4345,4167.0,0.5893917963224894,222.5,222.5,0,APPROACHING,True,0,🔒 NO OVERTAKE OPPORTUNITY,0,0.0,0,success
438,806,494,75,52,3900,4078.0,0.5768033946251768,0.0,0.0,0,MOVING AWAY,False,0,🔒 NO OVERTAKE OPPORTUNITY,0,0.0,0,success
439,805,491,79,55,4345,4078.0,0.5768033946251768,0.0,0.0,0,MOVING AWAY,False,0,🔒 NO OVERTAKE OPPORTUNITY,0,0.0,0,success
440,808,493,75,52,3900,4078.0,0.5768033946251768,0.0,0.0,0,MOVING AWAY,False,0,🔒 NO OVERTAKE OPPORTUNITY,0,0.0,0,success
441,808,492,75,52,3900,4078.0,0.5768033946251768,-222.5,0.0,0,MOVING AWAY,False,0,🔒 NO OVERTAKE OPPORTUNITY,0,0.0,0,success
442,807,490,79,55,4345,4078.0,0.5768033946251768,222.5,222.5,0,APPROACHING,True,0,🔒 NO OVERTAKE OPPORTUNITY,0,0.0,0,success
443,809,490,79,55,4345,4167.0,0.5893917963224894,222.5,222.5,1,APPROACHING,True,0,🔒 NO OVERTAKE OPPORTUNITY,0,0.0,0,success
444,810,491,79,55,4345,4167.0,0.5893917963224894,0.0,0.0,0,MOVING AWAY,False,0,🔒 NO OVERTAKE OPPORTUNITY,0,0.0,0,success
445,812,493,75,52,3900,4167.0,0.5893917963224894,-222.5,0.0,0,MOVING AWAY,False,0,🔒 NO OVERTAKE OPPORTUNITY,0,0.0,0,success
446,810,492,79,55,4345,4256.0,0.601980198019802,0.0,0.0,0,MOVING AWAY,False,0,🔒 NO OVERTAKE OPPORTUNITY,0,0.0,0,success
447,814,494,75,52,3900,4167.0,0.5893917963224894,0.0,0.0,0,MOVING AWAY,False,0,🔒 NO OVERTAKE OPPORTUNITY,0,0.0,0,success
448,813,494,75,52,3900,4078.0,0.5768033946251768,-222.5,0.0,0,MOVING AWAY,False,0,🔒 NO OVERTAKE OPPORTUNITY,0,0.0,0,success
449,813,493,79,55,4345,4078.0,0.5768033946251768,222.5,222.5,0,APPROACHING,True,0,🔒 NO OVERTAKE OPPORTUNITY,0,0.0,0,success
450,814,493,79,55,4345,4167.0,0.5893917963224894,222.5,222.5,1,APPROACHING,True,0,🔒 NO OVERTAKE OPPORTUNITY,0,0.0,0,success
451,816,495,75,52,3900,4078.0,0.5768033946251768,-222.5,0.0,0,MOVING AWAY,False,0,🔒 NO OVERTAKE OPPORTUNITY,0,0.0,0,success
452,817,495,75,52,3900,4078.0,0.5768033946251768,-222.5,0.0,0,MOVING AWAY,False,0,🔒 NO OVERTAKE OPPORTUNITY,0,0.0,0,success
453,817,494,75,52,3900,4078.0,0.5768033946251768,0.0,0.0,0,MOVING AWAY,False,0,🔒 NO OVERTAKE OPPORTUNITY,0,0.0,0,success
454,818,494,75,52,3900,3989.0,0.5642149929278643,0.0,0.0,0,MOVING AWAY,False,0,🔒 NO OVERTAKE OPPORTUNITY,0,0.0,0,success
455,819,493,75,52,3900,3900.0,0.5516265912305516,0.0,0.0,0,MOVING AWAY,False,0,🔒 NO OVERTAKE OPPORTUNITY,0,0.0,0,success
456,820,493,75,52,3900,3900.0,0.5516265912305516,0.0,0.0,0,MOVING AWAY,False,0,🔒 NO OVERTAKE OPPORTUNITY,0,0.0,0,success
457,821,493,75,52,3900,3900.0,0.5516265912305516,0.0,0.0,0,MOVING AWAY,False,0,🔒 NO OVERTAKE OPPORTUNITY,0,0.0,0,success
458,821,493,75,52,3900,3900.0,0.5516265912305516,0.0,0.0,0,MOVING AWAY,False,0,🔒 NO OVERTAKE OPPORTUNITY,0,0.0,0,success
459,821,493,75,52,3900,3900.0,0.5516265912305516,0.0,0.0,0,MOVING AWAY,False,0,🔒 NO OVERTAKE OPPORTUNITY,0,0.0,0,success
460,823,493,75,52,3900,3900.0,0.5516265912305516,0.0,0.0,0,MOVING AWAY,False,0,🔒 NO OVERTAKE OPPORTUNITY,0,0.0,0,success
461,823,493,75,52,3900,3900.0,0.5516265912305516,0.0,0.0,0,MOVING AWAY,False,0,🔒 NO OVERTAKE OPPORTUNITY,0,0.0,0,success
462,824,493,75,52,3900,3900.0,0.5516265912305516,0.0,0.0,0,MOVING AWAY,False,0,🔒 NO OVERTAKE OPPORTUNITY,0,0.0,0,success
463,824,493,75,52,3900,3900.0,0.5516265912305516,0.0,0.0,0,MOVING AWAY,False,0,🔒 NO OVERTAKE OPPORTUNITY,0,0.0,0,success
464,823,492,79,55,4345,3989.0,0.5642149929278643,222.5,222.5,0,APPROACHING,True,0,🔒 NO OVERTAKE OPPORTUNITY,0,0.0,0,success
465,827,493,75,52,3900,3989.0,0.5642149929278643,0.0,0.0,0,MOVING AWAY,False,0,🔒 NO OVERTAKE OPPORTUNITY,0,0.0,0,success
466,826,493,75,52,3900,3989.0,0.5642149929278643,-222.5,0.0,0,MOVING AWAY,False,0,🔒 NO OVERTAKE OPPORTUNITY,0,0.0,0,success
467,824,490,79,55,4345,4078.0,0.5768033946251768,222.5,222.5,0,APPROACHING,True,0,🔒 NO OVERTAKE OPPORTUNITY,0,0.0,0,success
468,828,492,75,52,3900,4078.0,0.5768033946251768,0.0,0.0,0,MOVING AWAY,False,0,🔒 NO OVERTAKE OPPORTUNITY,0,0.0,0,success
469,828,492,75,52,3900,3989.0,0.5642149929278643,-222.5,0.0,0,MOVING AWAY,False,0,🔒 NO OVERTAKE OPPORTUNITY,0,0.0,0,success
470,828,492,75,52,3900,3989.0,0.5642149929278643,0.0,0.0,0,MOVING AWAY,False,0,🔒 NO OVERTAKE OPPORTUNITY,0,0.0,0,success
471,827,492,75,52,3900,3989.0,0.5642149929278643,0.0,0.0,0,MOVING AWAY,False,0,🔒 NO OVERTAKE OPPORTUNITY,0,0.0,0,success
472,828,492,75,52,3900,3900.0,0.5516265912305516,0.0,0.0,0,MOVING AWAY,False,0,🔒 NO OVERTAKE OPPORTUNITY,0,0.0,0,success
473,828,492,75,52,3900,3900.0,0.5516265912305516,0.0,0.0,0,MOVING AWAY,False,0,🔒 NO OVERTAKE OPPORTUNITY,0,0.0,0,success
474,828,491,79,55,4345,3989.0,0.5642149929278643,222.5,222.5,0,APPROACHING,True,0,🔒 NO OVERTAKE OPPORTUNITY,0,0.0,0,success
475,830,494,75,52,3900,3989.0,0.5642149929278643,0.0,0.0,0,MOVING AWAY,False,0,🔒 NO OVERTAKE OPPORTUNITY,0,0.0,0,success
476,828,493,79,55,4345,4078.0,0.5768033946251768,0.0,0.0,0,MOVING AWAY,False,0,🔒 NO OVERTAKE OPPORTUNITY,0,0.0,0,success
477,831,495,75,52,3900,4078.0,0.5768033946251768,0.0,0.0,0,MOVING AWAY,False,0,🔒 NO OVERTAKE OPPORTUNITY,0,0.0,0,success
478,830,495,75,52,3900,4078.0,0.5768033946251768,-222.5,0.0,0,MOVING AWAY,False,0,🔒 NO OVERTAKE OPPORTUNITY,0,0.0,0,success
479,830,494,75,52,3900,3989.0,0.5642149929278643,0.0,0.0,0,MOVING AWAY,False,0,🔒 NO OVERTAKE OPPORTUNITY,0,0.0,0,success
480,832,495,72,50,3600,3929.0,0.5557284299858557,-150.0,0.0,0,MOVING AWAY,False,0,🔒 NO OVERTAKE OPPORTUNITY,0,0.0,0,success
481,828,492,79,55,4345,3929.0,0.5557284299858557,222.5,222.5,0,APPROACHING,True,0,🔒 NO OVERTAKE OPPORTUNITY,0,0.0,0,success
482,833,493,75,52,3900,3929.0,0.5557284299858557,150.0,222.5,1,APPROACHING,True,0,🔒 NO OVERTAKE OPPORTUNITY,0,0.0,0,success
483,831,493,75,52,3900,3929.0,0.5557284299858557,-222.5,0.0,0,MOVING AWAY,False,0,🔒 NO OVERTAKE OPPORTUNITY,0,0.0,0,success
484,833,493,72,50,3600,3869.0,0.5472418670438473,-150.0,0.0,0,MOVING AWAY,False,0,🔒 NO OVERTAKE OPPORTUNITY,0,0.0,0,success
485,832,493,72,50,3600,3869.0,0.5472418670438473,-150.0,0.0,0,MOVING AWAY,False,0,🔒 NO OVERTAKE OPPORTUNITY,0,0.0,0,success
486,831,492,75,52,3900,3780.0,0.5346534653465347,150.0,150.0,0,APPROACHING,True,0,🔒 NO OVERTAKE OPPORTUNITY,0,0.0,0,success
487,833,492,75,52,3900,3780.0,0.5346534653465347,150.0,150.0,1,APPROACHING,True,0,🔒 NO OVERTAKE OPPORTUNITY,0,0.0,0,success
488,833,492,75,52,3900,3780.0,0.5346534653465347,0.0,0.0,0,MOVING AWAY,False,0,🔒 NO OVERTAKE OPPORTUNITY,0,0.0,0,success
489,833,492,75,52,3900,3840.0,0.5431400282885431,0.0,0.0,0,MOVING AWAY,False,0,🔒 NO OVERTAKE OPPORTUNITY,0,0.0,0,success
490,833,492,75,52,3900,3900.0,0.5516265912305516,0.0,0.0,0,MOVING AWAY,False,0,🔒 NO OVERTAKE OPPORTUNITY,0,0.0,0,success
491,834,492,75,52,3900,3900.0,0.5516265912305516,0.0,0.0,0,MOVING AWAY,False,0,🔒 NO OVERTAKE OPPORTUNITY,0,0.0,0,success
492,834,493,75,52,3900,3900.0,0.5516265912305516,0.0,0.0,0,MOVING AWAY,False,0,🔒 NO OVERTAKE OPPORTUNITY,0,0.0,0,success
493,835,493,75,52,3900,3900.0,0.5516265912305516,0.0,0.0,0,MOVING AWAY,False,0,🔒 NO OVERTAKE OPPORTUNITY,0,0.0,0,success
494,835,494,75,52,3900,3900.0,0.5516265912305516,0.0,0.0,0,MOVING AWAY,False,0,🔒 NO OVERTAKE OPPORTUNITY,0,0.0,0,success
495,836,494,75,52,3900,3900.0,0.5516265912305516,0.0,0.0,0,MOVING AWAY,False,0,🔒 NO OVERTAKE OPPORTUNITY,0,0.0,0,success
496,836,494,75,52,3900,3900.0,0.5516265912305516,0.0,0.0,0,MOVING AWAY,False,0,🔒 NO OVERTAKE OPPORTUNITY,0,0.0,0,success
497,836,494,75,52,3900,3900.0,0.5516265912305516,0.0,0.0,0,MOVING AWAY,False,0,🔒 NO OVERTAKE OPPORTUNITY,0,0.0,0,success
498,837,494,75,52,3900,3900.0,0.5516265912305516,0.0,0.0,0,MOVING AWAY,False,0,🔒 NO OVERTAKE OPPORTUNITY,0,0.0,0,success
499,836,494,75,52,3900,3900.0,0.5516265912305516,0.0,0.0,0,MOVING AWAY,False,0,🔒 NO OVERTAKE OPPORTUNITY,0,0.0,0,success
500,837,494,75,52,3900,3900.0,0.5516265912305516,0.0,0.0,0,MOVING AWAY,False,0,🔒 NO OVERTAKE OPPORTUNITY,0,0.0,0,success
501,838,494,75,52,3900,3900.0,0.5516265912305516,0.0,0.0,0,MOVING AWAY,False,0,🔒 NO OVERTAKE OPPORTUNITY,0,0.0,0,success
502,840,494,72,50,3600,3840.0,0.5431400282885431,-150.0,0.0,0,MOVING AWAY,False,0,🔒 NO OVERTAKE OPPORTUNITY,0,0.0,0,success
503,840,493,72,50,3600,3780.0,0.5346534653465347,-150.0,0.0,0,MOVING AWAY,False,0,🔒 NO OVERTAKE OPPORTUNITY,0,0.0,0,success
504,838,492,75,52,3900,3780.0,0.5346534653465347,150.0,150.0,0,APPROACHING,True,0,🔒 NO OVERTAKE OPPORTUNITY,0,0.0,0,success
505,841,493,72,50,3600,3720.0,0.5261669024045261,0.0,0.0,0,MOVING AWAY,False,0,🔒 NO OVERTAKE OPPORTUNITY,0,0.0,0,success
506,841,493,72,50,3600,3660.0,0.5176803394625177,-150.0,0.0,0,MOVING AWAY,False,0,🔒 NO OVERTAKE OPPORTUNITY,0,0.0,0,success
507,840,493,75,52,3900,3720.0,0.5261669024045261,150.0,150.0,0,APPROACHING,True,0,🔒 NO OVERTAKE OPPORTUNITY,0,0.0,0,success
508,841,494,75,52,3900,3780.0,0.5346534653465347,150.0,150.0,1,APPROACHING,True,0,🔒 NO OVERTAKE OPPORTUNITY,0,0.0,0,success
509,842,496,75,52,3900,3780.0,0.5346534653465347,0.0,0.0,0,MOVING AWAY,False,0,🔒 NO OVERTAKE OPPORTUNITY,0,0.0,0,success
510,844,498,72,50,3600,3780.0,0.5346534653465347,-150.0,0.0,0,MOVING AWAY,False,0,🔒 NO OVERTAKE OPPORTUNITY,0,0.0,0,success
511,842,497,75,52,3900,3840.0,0.5431400282885431,0.0,0.0,0,MOVING AWAY,False,0,🔒 NO OVERTAKE OPPORTUNITY,0,0.0,0,success
512,844,497,75,52,3900,3840.0,0.5431400282885431,150.0,150.0,0,APPROACHING,True,0,🔒 NO OVERTAKE OPPORTUNITY,0,0.0,0,success
513,846,499,72,50,3600,3780.0,0.5346534653465347,-150.0,0.0,0,MOVING AWAY,False,0,🔒 NO OVERTAKE OPPORTUNITY,0,0.0,0,success
514,844,496,75,52,3900,3780.0,0.5346534653465347,0.0,0.0,0,MOVING AWAY,False,0,🔒 NO OVERTAKE OPPORTUNITY,0,0.0,0,success
515,847,497,72,50,3600,3780.0,0.5346534653465347,0.0,0.0,0,MOVING AWAY,False,0,🔒 NO OVERTAKE OPPORTUNITY,0,0.0,0,success
516,847,495,72,50,3600,3720.0,0.5261669024045261,-150.0,0.0,0,MOVING AWAY,False,0,🔒 NO OVERTAKE OPPORTUNITY,0,0.0,0,success
517,848,494,72,50,3600,3660.0,0.5176803394625177,0.0,0.0,0,MOVING AWAY,False,0,🔒 NO OVERTAKE OPPORTUNITY,0,0.0,0,success
518,847,493,75,52,3900,3720.0,0.5261669024045261,150.0,150.0,0,APPROACHING,True,0,🔒 NO OVERTAKE OPPORTUNITY,0,0.0,0,success
519,849,493,75,52,3900,3720.0,0.5261669024045261,150.0,150.0,1,APPROACHING,True,0,🔒 NO OVERTAKE OPPORTUNITY,0,0.0,0,success
520,850,494,72,50,3600,3720.0,0.5261669024045261,-150.0,0.0,0,MOVING AWAY,False,0,🔒 NO OVERTAKE OPPORTUNITY,0,0.0,0,success
521,849,493,75,52,3900,3780.0,0.5346534653465347,0.0,0.0,0,MOVING AWAY,False,0,🔒 NO OVERTAKE OPPORTUNITY,0,0.0,0,success
522,851,494,75,52,3900,3840.0,0.5431400282885431,150.0,150.0,0,APPROACHING,True,0,🔒 NO OVERTAKE OPPORTUNITY,0,0.0,0,success
523,849,492,79,55,4345,3929.0,0.5557284299858557,222.5,222.5,1,APPROACHING,True,0,🔒 NO OVERTAKE OPPORTUNITY,0,0.0,0,success
524,853,494,75,52,3900,3929.0,0.5557284299858557,0.0,0.0,0,MOVING AWAY,False,0,🔒 NO OVERTAKE OPPORTUNITY,0,0.0,0,success
525,854,495,72,50,3600,3929.0,0.5557284299858557,-372.5,0.0,0,MOVING AWAY,False,0,🔒 NO OVERTAKE OPPORTUNITY,0,0.0,0,success
526,854,493,72,50,3600,3869.0,0.5472418670438473,-150.0,0.0,0,MOVING AWAY,False,0,🔒 NO OVERTAKE OPPORTUNITY,0,0.0,0,success
527,856,490,72,50,3600,3809.0,0.5387553041018388,0.0,0.0,0,MOVING AWAY,False,0,🔒 NO OVERTAKE OPPORTUNITY,0,0.0,0,success
528,854,488,75,52,3900,3720.0,0.5261669024045261,150.0,150.0,0,APPROACHING,True,0,🔒 NO OVERTAKE OPPORTUNITY,0,0.0,0,success
529,859,487,72,50,3600,3660.0,0.5176803394625177,0.0,0.0,0,MOVING AWAY,False,0,🔒 NO OVERTAKE OPPORTUNITY,0,0.0,0,success
530,858,485,72,50,3600,3660.0,0.5176803394625177,-150.0,0.0,0,MOVING AWAY,False,0,🔒 NO OVERTAKE OPPORTUNITY,0,0.0,0,success
531,856,484,75,52,3900,3720.0,0.5261669024045261,150.0,150.0,0,APPROACHING,True,0,🔒 NO OVERTAKE OPPORTUNITY,0,0.0,0,success
532,858,484,75,52,3900,3780.0,0.5346534653465347,150.0,150.0,1,APPROACHING,True,0,🔒 NO OVERTAKE OPPORTUNITY,0,0.0,0,success
533,860,486,72,50,3600,3720.0,0.5261669024045261,-150.0,0.0,0,MOVING AWAY,False,0,🔒 NO OVERTAKE OPPORTUNITY,0,0.0,0,success
534,860,485,72,50,3600,3720.0,0.5261669024045261,-150.0,0.0,0,MOVING AWAY,False,0,🔒 NO OVERTAKE OPPORTUNITY,0,0.0,0,success
535,859,484,75,52,3900,3780.0,0.5346534653465347,150.0,150.0,0,APPROACHING,True,0,🔒 NO OVERTAKE OPPORTUNITY,0,0.0,0,success
536,861,485,75,52,3900,3780.0,0.5346534653465347,150.0,150.0,1,APPROACHING,True,0,🔒 NO OVERTAKE OPPORTUNITY,0,0.0,0,success
537,861,486,75,52,3900,3780.0,0.5346534653465347,0.0,0.0,0,MOVING AWAY,False,0,🔒 NO OVERTAKE OPPORTUNITY,0,0.0,0,success
538,862,486,75,52,3900,3840.0,0.5431400282885431,0.0,0.0,0,MOVING AWAY,False,0,🔒 NO OVERTAKE OPPORTUNITY,0,0.0,0,success
539,864,488,72,50,3600,3840.0,0.5431400282885431,-150.0,0.0,0,MOVING AWAY,False,0,🔒 NO OVERTAKE OPPORTUNITY,0,0.0,0,success
540,862,487,75,52,3900,3840.0,0.5431400282885431,0.0,0.0,0,MOVING AWAY,False,0,🔒 NO OVERTAKE OPPORTUNITY,0,0.0,0,success
541,862,486,79,55,4345,3929.0,0.5557284299858557,372.5,372.5,0,APPROACHING,True,0,🔒 NO OVERTAKE OPPORTUNITY,0,0.0,0,success
542,867,490,72,50,3600,3869.0,0.5472418670438473,-150.0,0.0,0,MOVING AWAY,False,0,🔒 NO OVERTAKE OPPORTUNITY,0,0.0,0,success
543,865,489,72,50,3600,3809.0,0.5387553041018388,-372.5,0.0,0,MOVING AWAY,False,0,🔒 NO OVERTAKE OPPORTUNITY,0,0.0,0,success
544,866,489,72,50,3600,3809.0,0.5387553041018388,0.0,0.0,0,MOVING AWAY,False,0,🔒 NO OVERTAKE OPPORTUNITY,0,0.0,0,success
545,867,488,72,50,3600,3749.0,0.5302687411598302,0.0,0.0,0,MOVING AWAY,False,0,🔒 NO OVERTAKE OPPORTUNITY,0,0.0,0,success
546,867,488,72,50,3600,3600.0,0.5091937765205092,0.0,0.0,0,MOVING AWAY,False,0,🔒 NO OVERTAKE OPPORTUNITY,0,0.0,0,success
547,868,488,72,50,3600,3600.0,0.5091937765205092,0.0,0.0,0,MOVING AWAY,False,0,🔒 NO OVERTAKE OPPORTUNITY,0,0.0,0,success
548,867,488,72,50,3600,3600.0,0.5091937765205092,0.0,0.0,0,MOVING AWAY,False,0,🔒 NO OVERTAKE OPPORTUNITY,0,0.0,0,success
549,868,488,72,50,3600,3600.0,0.5091937765205092,0.0,0.0,0,MOVING AWAY,False,0,🔒 NO OVERTAKE OPPORTUNITY,0,0.0,0,success
550,867,487,75,52,3900,3660.0,0.5176803394625177,150.0,150.0,0,APPROACHING,True,0,🔒 NO OVERTAKE OPPORTUNITY,0,0.0,0,success
551,869,489,72,50,3600,3660.0,0.5176803394625177,0.0,0.0,0,MOVING AWAY,False,0,🔒 NO OVERTAKE OPPORTUNITY,0,0.0,0,success
552,869,489,72,50,3600,3660.0,0.5176803394625177,-150.0,0.0,0,MOVING AWAY,False,0,🔒 NO OVERTAKE OPPORTUNITY,0,0.0,0,success
553,870,489,72,50,3600,3660.0,0.5176803394625177,0.0,0.0,0,MOVING AWAY,False,0,🔒 NO OVERTAKE OPPORTUNITY,0,0.0,0,success
554,871,489,72,50,3600,3660.0,0.5176803394625177,0.0,0.0,0,MOVING AWAY,False,0,🔒 NO OVERTAKE OPPORTUNITY,0,0.0,0,success
555,871,489,72,50,3600,3600.0,0.5091937765205092,0.0,0.0,0,MOVING AWAY,False,0,🔒 NO OVERTAKE OPPORTUNITY,0,0.0,0,success
556,871,489,72,50,3600,3600.0,0.5091937765205092,0.0,0.0,0,MOVING AWAY,False,0,🔒 NO OVERTAKE OPPORTUNITY,0,0.0,0,success
557,871,489,72,50,3600,3600.0,0.5091937765205092,0.0,0.0,0,MOVING AWAY,False,0,🔒 NO OVERTAKE OPPORTUNITY,0,0.0,0,success
558,869,488,75,52,3900,3660.0,0.5176803394625177,150.0,150.0,0,APPROACHING,True,0,🔒 NO OVERTAKE OPPORTUNITY,0,0.0,0,success
559,873,490,72,50,3600,3660.0,0.5176803394625177,0.0,0.0,0,MOVING AWAY,False,0,🔒 NO OVERTAKE OPPORTUNITY,0,0.0,0,success
560,872,490,72,50,3600,3660.0,0.5176803394625177,-150.0,0.0,0,MOVING AWAY,False,0,🔒 NO OVERTAKE OPPORTUNITY,0,0.0,0,success
561,872,490,72,50,3600,3660.0,0.5176803394625177,0.0,0.0,0,MOVING AWAY,False,0,🔒 NO OVERTAKE OPPORTUNITY,0,0.0,0,success
562,874,490,72,50,3600,3660.0,0.5176803394625177,0.0,0.0,0,MOVING AWAY,False,0,🔒 NO OVERTAKE OPPORTUNITY,0,0.0,0,success
563,874,490,72,50,3600,3600.0,0.5091937765205092,0.0,0.0,0,MOVING AWAY,False,0,🔒 NO OVERTAKE OPPORTUNITY,0,0.0,0,success
564,874,490,72,50,3600,3600.0,0.5091937765205092,0.0,0.0,0,MOVING AWAY,False,0,🔒 NO OVERTAKE OPPORTUNITY,0,0.0,0,success
565,874,490,72,50,3600,3600.0,0.5091937765205092,0.0,0.0,0,MOVING AWAY,False,0,🔒 NO OVERTAKE OPPORTUNITY,0,0.0,0,success
566,872,489,75,52,3900,3660.0,0.5176803394625177,150.0,150.0,0,APPROACHING,True,0,🔒 NO OVERTAKE OPPORTUNITY,0,0.0,0,success
567,875,490,72,50,3600,3660.0,0.5176803394625177,0.0,0.0,0,MOVING AWAY,False,0,🔒 NO OVERTAKE OPPORTUNITY,0,0.0,0,success
568,876,490,72,50,3600,3660.0,0.5176803394625177,-150.0,0.0,0,MOVING AWAY,False,0,🔒 NO OVERTAKE OPPORTUNITY,0,0.0,0,success
569,875,490,75,52,3900,3720.0,0.5261669024045261,150.0,150.0,0,APPROACHING,True,0,🔒 NO OVERTAKE OPPORTUNITY,0,0.0,0,success
570,877,492,72,50,3600,3720.0,0.5261669024045261,0.0,0.0,0,MOVING AWAY,False,0,🔒 NO OVERTAKE OPPORTUNITY,0,0.0,0,success
571,877,492,72,50,3600,3660.0,0.5176803394625177,-150.0,0.0,0,MOVING AWAY,False,0,🔒 NO OVERTAKE OPPORTUNITY,0,0.0,0,success
572,877,493,72,50,3600,3660.0,0.5176803394625177,0.0,0.0,0,MOVING AWAY,False,0,🔒 NO OVERTAKE OPPORTUNITY,0,0.0,0,success
573,878,492,72,50,3600,3660.0,0.5176803394625177,0.0,0.0,0,MOVING AWAY,False,0,🔒 NO OVERTAKE OPPORTUNITY,0,0.0,0,success
574,878,491,72,50,3600,3600.0,0.5091937765205092,0.0,0.0,0,MOVING AWAY,False,0,🔒 NO OVERTAKE OPPORTUNITY,0,0.0,0,success
575,878,490,72,50,3600,3600.0,0.5091937765205092,0.0,0.0,0,MOVING AWAY,False,0,🔒 NO OVERTAKE OPPORTUNITY,0,0.0,0,success
576,878,490,72,50,3600,3600.0,0.5091937765205092,0.0,0.0,0,MOVING AWAY,False,0,🔒 NO OVERTAKE OPPORTUNITY,0,0.0,0,success
577,879,489,72,50,3600,3600.0,0.5091937765205092,0.0,0.0,0,MOVING AWAY,False,0,🔒 NO OVERTAKE OPPORTUNITY,0,0.0,0,success
578,879,488,72,50,3600,3600.0,0.5091937765205092,0.0,0.0,0,MOVING AWAY,False,0,🔒 NO OVERTAKE OPPORTUNITY,0,0.0,0,success
579,882,489,68,47,3196,3519.2,0.4977652050919377,-202.0,0.0,0,MOVING AWAY,False,0,🔒 NO OVERTAKE OPPORTUNITY,0,0.0,0,success
580,880,488,72,50,3600,3519.2,0.4977652050919377,0.0,0.0,0,MOVING AWAY,False,0,🔒 NO OVERTAKE OPPORTUNITY,0,0.0,0,success
581,881,488,72,50,3600,3519.2,0.4977652050919377,202.0,202.0,0,APPROACHING,True,0,🔒 NO OVERTAKE OPPORTUNITY,0,0.0,0,success
582,882,487,72,50,3600,3519.2,0.4977652050919377,0.0,0.0,0,MOVING AWAY,False,0,🔒 NO OVERTAKE OPPORTUNITY,0,0.0,0,success
583,882,487,72,50,3600,3519.2,0.4977652050919377,0.0,0.0,0,MOVING AWAY,False,0,🔒 NO OVERTAKE OPPORTUNITY,0,0.0,0,success
584,883,486,72,50,3600,3600.0,0.5091937765205092,0.0,0.0,0,MOVING AWAY,False,0,🔒 NO OVERTAKE OPPORTUNITY,0,0.0,0,success
585,882,485,72,50,3600,3600.0,0.5091937765205092,0.0,0.0,0,MOVING AWAY,False,0,🔒 NO OVERTAKE OPPORTUNITY,0,0.0,0,success
586,883,484,72,50,3600,3600.0,0.5091937765205092,0.0,0.0,0,MOVING AWAY,False,0,🔒 NO OVERTAKE OPPORTUNITY,0,0.0,0,success
587,883,481,72,50,3600,3600.0,0.5091937765205092,0.0,0.0,0,MOVING AWAY,False,0,🔒 NO OVERTAKE OPPORTUNITY,0,0.0,0,success
588,885,483,68,47,3196,3519.2,0.4977652050919377,-202.0,0.0,0,MOVING AWAY,False,0,🔒 NO OVERTAKE OPPORTUNITY,0,0.0,0,success
589,884,481,72,50,3600,3519.2,0.4977652050919377,0.0,0.0,0,MOVING AWAY,False,0,🔒 NO OVERTAKE OPPORTUNITY,0,0.0,0,success
590,885,481,72,50,3600,3519.2,0.4977652050919377,202.0,202.0,0,APPROACHING,True,0,🔒 NO OVERTAKE OPPORTUNITY,0,0.0,0,success
591,885,481,72,50,3600,3519.2,0.4977652050919377,0.0,0.0,0,MOVING AWAY,False,0,🔒 NO OVERTAKE OPPORTUNITY,0,0.0,0,success
592,885,482,72,50,3600,3519.2,0.4977652050919377,0.0,0.0,0,MOVING AWAY,False,0,🔒 NO OVERTAKE OPPORTUNITY,0,0.0,0,success
593,885,482,72,50,3600,3600.0,0.5091937765205092,0.0,0.0,0,MOVING AWAY,False,0,🔒 NO OVERTAKE OPPORTUNITY,0,0.0,0,success
594,885,482,72,50,3600,3600.0,0.5091937765205092,0.0,0.0,0,MOVING AWAY,False,0,🔒 NO OVERTAKE OPPORTUNITY,0,0.0,0,success
595,885,482,72,50,3600,3600.0,0.5091937765205092,0.0,0.0,0,MOVING AWAY,False,0,🔒 NO OVERTAKE OPPORTUNITY,0,0.0,0,success
596,886,482,72,50,3600,3600.0,0.5091937765205092,0.0,0.0,0,MOVING AWAY,False,0,🔒 NO OVERTAKE OPPORTUNITY,0,0.0,0,success
597,887,483,68,47,3196,3519.2,0.4977652050919377,-202.0,0.0,0,MOVING AWAY,False,0,🔒 NO OVERTAKE OPPORTUNITY,0,0.0,0,success
598,887,483,68,47,3196,3438.4,0.4863366336633663,-202.0,0.0,0,MOVING AWAY,False,0,🔒 NO OVERTAKE OPPORTUNITY,0,0.0,0,success
599,887,482,68,47,3196,3357.6,0.47490806223479487,0.0,0.0,0,MOVING AWAY,False,0,🔒 NO OVERTAKE OPPORTUNITY,0,0.0,0,success
600,888,482,68,47,3196,3276.8,0.4634794908062235,0.0,0.0,0,MOVING AWAY,False,0,🔒 NO OVERTAKE OPPORTUNITY,0,0.0,0,success
601,886,480,72,50,3600,3276.8,0.4634794908062235,202.0,202.0,0,APPROACHING,True,0,🔒 NO OVERTAKE OPPORTUNITY,0,0.0,0,success
602,885,477,72,50,3600,3357.6,0.47490806223479487,202.0,202.0,1,APPROACHING,True,0,🔒 NO OVERTAKE OPPORTUNITY,0,0.0,0,success
603,887,479,68,47,3196,3357.6,0.47490806223479487,-202.0,0.0,0,MOVING AWAY,False,0,🔒 NO OVERTAKE OPPORTUNITY,0,0.0,0,success
604,887,479,68,47,3196,3357.6,0.47490806223479487,-202.0,0.0,0,MOVING AWAY,False,0,🔒 NO OVERTAKE OPPORTUNITY,0,0.0,0,success
605,887,478,68,47,3196,3357.6,0.47490806223479487,0.0,0.0,0,MOVING AWAY,False,0,🔒 NO OVERTAKE OPPORTUNITY,0,0.0,0,success
606,887,479,68,47,3196,3276.8,0.4634794908062235,0.0,0.0,0,MOVING AWAY,False,0,🔒 NO OVERTAKE OPPORTUNITY,0,0.0,0,success
607,886,479,68,47,3196,3196.0,0.45205091937765207,0.0,0.0,0,MOVING AWAY,False,0,🔒 NO OVERTAKE OPPORTUNITY,0,0.0,0,success
608,885,479,68,47,3196,3196.0,0.45205091937765207,0.0,0.0,0,MOVING AWAY,False,0,🔒 NO OVERTAKE OPPORTUNITY,0,0.0,0,success
609,886,478,68,47,3196,3196.0,0.45205091937765207,0.0,0.0,0,MOVING AWAY,False,0,🔒 NO OVERTAKE OPPORTUNITY,0,0.0,0,success
610,886,478,68,47,3196,3196.0,0.45205091937765207,0.0,0.0,0,MOVING AWAY,False,0,🔒 NO OVERTAKE OPPORTUNITY,0,0.0,0,success
611,884,476,72,50,3600,3276.8,0.4634794908062235,202.0,202.0,0,APPROACHING,True,0,🔒 NO OVERTAKE OPPORTUNITY,0,0.0,0,success
612,883,475,72,50,3600,3357.6,0.47490806223479487,202.0,202.0,1,APPROACHING,True,0,🔒 NO OVERTAKE OPPORTUNITY,0,0.0,0,success
613,884,476,68,47,3196,3357.6,0.47490806223479487,-202.0,0.0,0,MOVING AWAY,False,0,🔒 NO OVERTAKE OPPORTUNITY,0,0.0,0,success
614,881,475,72,50,3600,3438.4,0.4863366336633663,0.0,0.0,0,MOVING AWAY,False,0,🔒 NO OVERTAKE OPPORTUNITY,0,0.0,0,success
615,880,475,72,50,3600,3519.2,0.4977652050919377,202.0,202.0,0,APPROACHING,True,0,🔒 NO OVERTAKE OPPORTUNITY,0,0.0,0,success
616,880,474,72,50,3600,3519.2,0.4977652050919377,0.0,0.0,0,MOVING AWAY,False,0,🔒 NO OVERTAKE OPPORTUNITY,0,0.0,0,success
617,880,474,72,50,3600,3519.2,0.4977652050919377,0.0,0.0,0,MOVING AWAY,False,0,🔒 NO OVERTAKE OPPORTUNITY,0,0.0,0,success
618,879,473,72,50,3600,3600.0,0.5091937765205092,0.0,0.0,0,MOVING AWAY,False,0,🔒 NO OVERTAKE OPPORTUNITY,0,0.0,0,success
619,877,473,72,50,3600,3600.0,0.5091937765205092,0.0,0.0,0,MOVING AWAY,False,0,🔒 NO OVERTAKE OPPORTUNITY,0,0.0,0,success
620,876,473,72,50,3600,3600.0,0.5091937765205092,0.0,0.0,0,MOVING AWAY,False,0,🔒 NO OVERTAKE OPPORTUNITY,0,0.0,0,success
621,876,473,72,50,3600,3600.0,0.5091937765205092,0.0,0.0,0,MOVING AWAY,False,0,🔒 NO OVERTAKE OPPORTUNITY,0,0.0,0,success
622,875,473,72,50,3600,3600.0,0.5091937765205092,0.0,0.0,0,MOVING AWAY,False,0,🔒 NO OVERTAKE OPPORTUNITY,0,0.0,0,success
623,874,474,72,50,3600,3600.0,0.5091937765205092,0.0,0.0,0,MOVING AWAY,False,0,🔒 NO OVERTAKE OPPORTUNITY,0,0.0,0,success
624,871,475,75,52,3900,3660.0,0.5176803394625177,150.0,150.0,0,APPROACHING,True,0,🔒 NO OVERTAKE OPPORTUNITY,0,0.0,0,success
625,872,479,72,50,3600,3660.0,0.5176803394625177,0.0,0.0,0,MOVING AWAY,False,0,🔒 NO OVERTAKE OPPORTUNITY,0,0.0,0,success
626,872,479,72,50,3600,3660.0,0.5176803394625177,-150.0,0.0,0,MOVING AWAY,False,0,🔒 NO OVERTAKE OPPORTUNITY,0,0.0,0,success
627,868,479,75,52,3900,3720.0,0.5261669024045261,150.0,150.0,0,APPROACHING,True,0,🔒 NO OVERTAKE OPPORTUNITY,0,0.0,0,success
628,869,481,72,50,3600,3720.0,0.5261669024045261,0.0,0.0,0,MOVING AWAY,False,0,🔒 NO OVERTAKE OPPORTUNITY,0,0.0,0,success
629,866,481,72,50,3600,3660.0,0.5176803394625177,-150.0,0.0,0,MOVING AWAY,False,0,🔒 NO OVERTAKE OPPORTUNITY,0,0.0,0,success
630,866,481,72,50,3600,3660.0,0.5176803394625177,0.0,0.0,0,MOVING AWAY,False,0,🔒 NO OVERTAKE OPPORTUNITY,0,0.0,0,success
631,866,480,72,50,3600,3660.0,0.5176803394625177,0.0,0.0,0,MOVING AWAY,False,0,🔒 NO OVERTAKE OPPORTUNITY,0,0.0,0,success
632,862,475,75,52,3900,3660.0,0.5176803394625177,150.0,150.0,0,APPROACHING,True,0,🔒 NO OVERTAKE OPPORTUNITY,0,0.0,0,success
633,862,476,75,52,3900,3720.0,0.5261669024045261,150.0,150.0,1,APPROACHING,True,0,🔒 NO OVERTAKE OPPORTUNITY,0,0.0,0,success
634,860,476,75,52,3900,3780.0,0.5346534653465347,0.0,0.0,0,MOVING AWAY,False,0,🔒 NO OVERTAKE OPPORTUNITY,0,0.0,0,success
635,860,476,75,52,3900,3840.0,0.5431400282885431,0.0,0.0,0,MOVING AWAY,False,0,🔒 NO OVERTAKE OPPORTUNITY,0,0.0,0,success
636,860,476,75,52,3900,3900.0,0.5516265912305516,0.0,0.0,0,MOVING AWAY,False,0,🔒 NO OVERTAKE OPPORTUNITY,0,0.0,0,success
637,859,476,75,52,3900,3900.0,0.5516265912305516,0.0,0.0,0,MOVING AWAY,False,0,🔒 NO OVERTAKE OPPORTUNITY,0,0.0,0,success
638,859,476,75,52,3900,3900.0,0.5516265912305516,0.0,0.0,0,MOVING AWAY,False,0,🔒 NO OVERTAKE OPPORTUNITY,0,0.0,0,success
639,857,477,75,52,3900,3900.0,0.5516265912305516,0.0,0.0,0,MOVING AWAY,False,0,🔒 NO OVERTAKE OPPORTUNITY,0,0.0,0,success
640,858,477,75,52,3900,3900.0,0.5516265912305516,0.0,0.0,0,MOVING AWAY,False,0,🔒 NO OVERTAKE OPPORTUNITY,0,0.0,0,success
641,858,477,75,52,3900,3900.0,0.5516265912305516,0.0,0.0,0,MOVING AWAY,False,0,🔒 NO OVERTAKE OPPORTUNITY,0,0.0,0,success
642,856,475,79,55,4345,3989.0,0.5642149929278643,222.5,222.5,0,APPROACHING,True,0,🔒 NO OVERTAKE OPPORTUNITY,0,0.0,0,success
643,858,477,75,52,3900,3989.0,0.5642149929278643,0.0,0.0,0,MOVING AWAY,False,0,🔒 NO OVERTAKE OPPORTUNITY,0,0.0,0,success
644,857,476,75,52,3900,3989.0,0.5642149929278643,-222.5,0.0,0,MOVING AWAY,False,0,🔒 NO OVERTAKE OPPORTUNITY,0,0.0,0,success
645,858,476,75,52,3900,3989.0,0.5642149929278643,0.0,0.0,0,MOVING AWAY,False,0,🔒 NO OVERTAKE OPPORTUNITY,0,0.0,0,success
646,857,476,75,52,3900,3989.0,0.5642149929278643,0.0,0.0,0,MOVING AWAY,False,0,🔒 NO OVERTAKE OPPORTUNITY,0,0.0,0,success
647,857,475,75,52,3900,3900.0,0.5516265912305516,0.0,0.0,0,MOVING AWAY,False,0,🔒 NO OVERTAKE OPPORTUNITY,0,0.0,0,success
648,858,474,75,52,3900,3900.0,0.5516265912305516,0.0,0.0,0,MOVING AWAY,False,0,🔒 NO OVERTAKE OPPORTUNITY,0,0.0,0,success
649,858,473,75,52,3900,3900.0,0.5516265912305516,0.0,0.0,0,MOVING AWAY,False,0,🔒 NO OVERTAKE OPPORTUNITY,0,0.0,0,success
650,858,473,75,52,3900,3900.0,0.5516265912305516,0.0,0.0,0,MOVING AWAY,False,0,🔒 NO OVERTAKE OPPORTUNITY,0,0.0,0,success
651,857,473,75,52,3900,3900.0,0.5516265912305516,0.0,0.0,0,MOVING AWAY,False,0,🔒 NO OVERTAKE OPPORTUNITY,0,0.0,0,success
652,855,471,79,55,4345,3989.0,0.5642149929278643,222.5,222.5,0,APPROACHING,True,0,🔒 NO OVERTAKE OPPORTUNITY,0,0.0,0,success
653,856,472,79,55,4345,4078.0,0.5768033946251768,222.5,222.5,1,APPROACHING,True,0,🔒 NO OVERTAKE OPPORTUNITY,0,0.0,0,success
654,855,472,79,55,4345,4167.0,0.5893917963224894,0.0,0.0,0,MOVING AWAY,False,0,🔒 NO OVERTAKE OPPORTUNITY,0,0.0,0,success
655,857,472,75,52,3900,4167.0,0.5893917963224894,-222.5,0.0,0,MOVING AWAY,False,0,🔒 NO OVERTAKE OPPORTUNITY,0,0.0,0,success
656,853,471,79,55,4345,4256.0,0.601980198019802,0.0,0.0,0,MOVING AWAY,False,0,🔒 NO OVERTAKE OPPORTUNITY,0,0.0,0,success
657,854,472,79,55,4345,4256.0,0.601980198019802,222.5,222.5,0,APPROACHING,True,0,🔒 NO OVERTAKE OPPORTUNITY,0,0.0,0,success
658,853,472,79,55,4345,4256.0,0.601980198019802,0.0,0.0,0,MOVING AWAY,False,0,🔒 NO OVERTAKE OPPORTUNITY,0,0.0,0,success
659,853,473,79,55,4345,4256.0,0.601980198019802,0.0,0.0,0,MOVING AWAY,False,0,🔒 NO OVERTAKE OPPORTUNITY,0,0.0,0,success
660,852,473,79,55,4345,4345.0,0.6145685997171145,0.0,0.0,0,MOVING AWAY,False,0,🔒 NO OVERTAKE OPPORTUNITY,0,0.0,0,success
661,852,473,79,55,4345,4345.0,0.6145685997171145,0.0,0.0,0,MOVING AWAY,False,0,🔒 NO OVERTAKE OPPORTUNITY,0,0.0,0,success
662,852,473,79,55,4345,4345.0,0.6145685997171145,0.0,0.0,0,MOVING AWAY,False,0,🔒 NO OVERTAKE OPPORTUNITY,0,0.0,0,success
663,851,473,79,55,4345,4345.0,0.6145685997171145,0.0,0.0,0,MOVING AWAY,False,0,🔒 NO OVERTAKE OPPORTUNITY,0,0.0,0,success
664,852,473,79,55,4345,4345.0,0.6145685997171145,0.0,0.0,0,MOVING AWAY,False,0,🔒 NO OVERTAKE OPPORTUNITY,0,0.0,0,success
665,851,474,79,55,4345,4345.0,0.6145685997171145,0.0,0.0,0,MOVING AWAY,False,0,🔒 NO OVERTAKE OPPORTUNITY,0,0.0,0,success
666,851,473,79,55,4345,4345.0,0.6145685997171145,0.0,0.0,0,MOVING AWAY,False,0,🔒 NO OVERTAKE OPPORTUNITY,0,0.0,0,success
667,850,473,79,55,4345,4345.0,0.6145685997171145,0.0,0.0,0,MOVING AWAY,False,0,🔒 NO OVERTAKE OPPORTUNITY,0,0.0,0,success
668,851,474,79,55,4345,4345.0,0.6145685997171145,0.0,0.0,0,MOVING AWAY,False,0,🔒 NO OVERTAKE OPPORTUNITY,0,0.0,0,success
669,850,474,79,55,4345,4345.0,0.6145685997171145,0.0,0.0,0,MOVING AWAY,False,0,🔒 NO OVERTAKE OPPORTUNITY,0,0.0,0,success
670,850,474,79,55,4345,4345.0,0.6145685997171145,0.0,0.0,0,MOVING AWAY,False,0,🔒 NO OVERTAKE OPPORTUNITY,0,0.0,0,success
671,849,475,79,55,4345,4345.0,0.6145685997171145,0.0,0.0,0,MOVING AWAY,False,0,🔒 NO OVERTAKE OPPORTUNITY,0,0.0,0,success
672,848,475,79,55,4345,4345.0,0.6145685997171145,0.0,0.0,0,MOVING AWAY,False,0,🔒 NO OVERTAKE OPPORTUNITY,0,0.0,0,success
673,848,476,79,55,4345,4345.0,0.6145685997171145,0.0,0.0,0,MOVING AWAY,False,0,🔒 NO OVERTAKE OPPORTUNITY,0,0.0,0,success
674,849,477,75,52,3900,4256.0,0.601980198019802,-222.5,0.0,0,MOVING AWAY,False,0,🔒 NO OVERTAKE OPPORTUNITY,0,0.0,0,success
675,846,475,79,55,4345,4256.0,0.601980198019802,0.0,0.0,0,MOVING AWAY,False,0,🔒 NO OVERTAKE OPPORTUNITY,0,0.0,0,success
676,848,477,75,52,3900,4167.0,0.5893917963224894,0.0,0.0,0,MOVING AWAY,False,0,🔒 NO OVERTAKE OPPORTUNITY,0,0.0,0,success
677,843,475,79,55,4345,4167.0,0.5893917963224894,0.0,0.0,0,MOVING AWAY,False,0,🔒 NO OVERTAKE OPPORTUNITY,0,0.0,0,success
678,844,475,79,55,4345,4167.0,0.5893917963224894,222.5,222.5,0,APPROACHING,True,0,🔒 NO OVERTAKE OPPORTUNITY,0,0.0,0,success
679,843,475,79,55,4345,4256.0,0.601980198019802,0.0,0.0,0,MOVING AWAY,False,0,🔒 NO OVERTAKE OPPORTUNITY,0,0.0,0,success
680,842,475,79,55,4345,4256.0,0.601980198019802,0.0,0.0,0,MOVING AWAY,False,0,🔒 NO OVERTAKE OPPORTUNITY,0,0.0,0,success
681,840,475,79,55,4345,4345.0,0.6145685997171145,0.0,0.0,0,MOVING AWAY,False,0,🔒 NO OVERTAKE OPPORTUNITY,0,0.0,0,success
682,840,474,79,55,4345,4345.0,0.6145685997171145,0.0,0.0,0,MOVING AWAY,False,0,🔒 NO OVERTAKE OPPORTUNITY,0,0.0,0,success
683,838,474,79,55,4345,4345.0,0.6145685997171145,0.0,0.0,0,MOVING AWAY,False,0,🔒 NO OVERTAKE OPPORTUNITY,0,0.0,0,success
684,837,474,79,55,4345,4345.0,0.6145685997171145,0.0,0.0,0,MOVING AWAY,False,0,🔒 NO OVERTAKE OPPORTUNITY,0,0.0,0,success
685,834,474,79,55,4345,4345.0,0.6145685997171145,0.0,0.0,0,MOVING AWAY,False,0,🔒 NO OVERTAKE OPPORTUNITY,0,0.0,0,success
686,833,474,79,55,4345,4345.0,0.6145685997171145,0.0,0.0,0,MOVING AWAY,False,0,🔒 NO OVERTAKE OPPORTUNITY,0,0.0,0,success
687,830,474,79,55,4345,4345.0,0.6145685997171145,0.0,0.0,0,MOVING AWAY,False,0,🔒 NO OVERTAKE OPPORTUNITY,0,0.0,0,success
688,828,472,83,58,4814,4438.8,0.6278359264497878,234.5,234.5,0,APPROACHING,True,0,🔒 NO OVERTAKE OPPORTUNITY,0,0.0,0,success
689,824,472,83,58,4814,4532.6,0.6411032531824612,234.5,234.5,1,APPROACHING,True,0,🔒 NO OVERTAKE OPPORTUNITY,0,0.0,0,success
690,823,472,83,58,4814,4626.4,0.6543705799151344,0.0,0.0,0,MOVING AWAY,False,0,🔒 NO OVERTAKE OPPORTUNITY,0,0.0,0,success
691,821,472,83,58,4814,4720.2,0.6676379066478076,0.0,0.0,0,MOVING AWAY,False,0,🔒 NO OVERTAKE OPPORTUNITY,0,0.0,0,success
692,819,471,83,58,4814,4814.0,0.6809052333804809,0.0,0.0,0,MOVING AWAY,False,0,🔒 NO OVERTAKE OPPORTUNITY,0,0.0,0,success
693,817,471,83,58,4814,4814.0,0.6809052333804809,0.0,0.0,0,MOVING AWAY,False,0,🔒 NO OVERTAKE OPPORTUNITY,0,0.0,0,success
694,814,472,83,58,4814,4814.0,0.6809052333804809,0.0,0.0,0,MOVING AWAY,False,0,🔒 NO OVERTAKE OPPORTUNITY,0,0.0,0,success
695,813,472,83,58,4814,4814.0,0.6809052333804809,0.0,0.0,0,MOVING AWAY,False,0,🔒 NO OVERTAKE OPPORTUNITY,0,0.0,0,success
696,810,472,83,58,4814,4814.0,0.6809052333804809,0.0,0.0,0,MOVING AWAY,False,0,🔒 NO OVERTAKE OPPORTUNITY,0,0.0,0,success
697,808,472,83,58,4814,4814.0,0.6809052333804809,0.0,0.0,0,MOVING AWAY,False,0,🔒 NO OVERTAKE OPPORTUNITY,0,0.0,0,success
698,805,472,83,58,4814,4814.0,0.6809052333804809,0.0,0.0,0,MOVING AWAY,False,0,🔒 NO OVERTAKE OPPORTUNITY,0,0.0,0,success
699,801,473,83,58,4814,4814.0,0.6809052333804809,0.0,0.0,0,MOVING AWAY,False,0,🔒 NO OVERTAKE OPPORTUNITY,0,0.0,0,success
700,798,473,83,58,4814,4814.0,0.6809052333804809,0.0,0.0,0,MOVING AWAY,False,0,🔒 NO OVERTAKE OPPORTUNITY,0,0.0,0,success
701,796,472,87,60,5220,4895.2,0.6923903818953324,203.0,203.0,0,APPROACHING,True,0,🔒 NO OVERTAKE OPPORTUNITY,0,0.0,0,success
702,792,472,87,60,5220,4976.4,0.7038755304101838,203.0,203.0,1,APPROACHING,True,0,🔒 NO OVERTAKE OPPORTUNITY,0,0.0,0,success
703,790,472,87,60,5220,5057.6,0.7153606789250354,0.0,0.0,0,MOVING AWAY,False,0,🔒 NO OVERTAKE OPPORTUNITY,0,0.0,0,success
704,786,472,87,60,5220,5138.8,0.7268458274398869,0.0,0.0,0,MOVING AWAY,False,0,🔒 NO OVERTAKE OPPORTUNITY,0,0.0,0,success
705,783,471,87,60,5220,5220.0,0.7383309759547383,0.0,0.0,0,MOVING AWAY,False,0,🔒 NO OVERTAKE OPPORTUNITY,0,0.0,0,success
706,781,471,87,60,5220,5220.0,0.7383309759547383,0.0,0.0,0,MOVING AWAY,False,0,🔒 NO OVERTAKE OPPORTUNITY,0,0.0,0,success
707,776,469,87,60,5220,5220.0,0.7383309759547383,0.0,0.0,0,MOVING AWAY,False,0,🔒 NO OVERTAKE OPPORTUNITY,0,0.0,0,success
708,775,469,87,60,5220,5220.0,0.7383309759547383,0.0,0.0,0,MOVING AWAY,False,0,🔒 NO OVERTAKE OPPORTUNITY,0,0.0,0,success
709,771,468,87,60,5220,5220.0,0.7383309759547383,0.0,0.0,0,MOVING AWAY,False,0,🔒 NO OVERTAKE OPPORTUNITY,0,0.0,0,success
710,770,468,87,60,5220,5220.0,0.7383309759547383,0.0,0.0,0,MOVING AWAY,False,0,🔒 NO OVERTAKE OPPORTUNITY,0,0.0,0,success
711,767,468,87,60,5220,5220.0,0.7383309759547383,0.0,0.0,0,MOVING AWAY,False,0,🔒 NO OVERTAKE OPPORTUNITY,0,0.0,0,success
712,761,468,87,60,5220,5220.0,0.7383309759547383,0.0,0.0,0,MOVING AWAY,False,0,🔒 NO OVERTAKE OPPORTUNITY,0,0.0,0,success
713,759,468,87,60,5220,5220.0,0.7383309759547383,0.0,0.0,0,MOVING AWAY,False,0,🔒 NO OVERTAKE OPPORTUNITY,0,0.0,0,success
714,753,468,87,60,5220,5220.0,0.7383309759547383,0.0,0.0,0,MOVING AWAY,False,0,🔒 NO OVERTAKE OPPORTUNITY,0,0.0,0,success
715,749,468,87,60,5220,5220.0,0.7383309759547383,0.0,0.0,0,MOVING AWAY,False,0,🔒 NO OVERTAKE OPPORTUNITY,0,0.0,0,success
716,745,468,87,60,5220,5220.0,0.7383309759547383,0.0,0.0,0,MOVING AWAY,False,0,🔒 NO OVERTAKE OPPORTUNITY,0,0.0,0,success
717,740,468,87,60,5220,5220.0,0.7383309759547383,0.0,0.0,0,MOVING AWAY,False,0,🔒 NO OVERTAKE OPPORTUNITY,0,0.0,0,success
718,734,466,92,63,5796,5335.2,0.7546251768033946,288.0,288.0,0,APPROACHING,True,0,🔒 NO OVERTAKE OPPORTUNITY,0,0.0,0,success
719,730,468,87,60,5220,5335.2,0.7546251768033946,0.0,0.0,0,MOVING AWAY,False,0,🔒 NO OVERTAKE OPPORTUNITY,0,0.0,0,success
720,728,468,87,60,5220,5335.2,0.7546251768033946,-288.0,0.0,0,MOVING AWAY,False,0,🔒 NO OVERTAKE OPPORTUNITY,0,0.0,0,success
721,724,468,87,60,5220,5335.2,0.7546251768033946,0.0,0.0,0,MOVING AWAY,False,0,🔒 NO OVERTAKE OPPORTUNITY,0,0.0,0,success
722,717,467,87,60,5220,5335.2,0.7546251768033946,0.0,0.0,0,MOVING AWAY,False,0,🔒 NO OVERTAKE OPPORTUNITY,0,0.0,0,success
723,716,467,87,60,5220,5220.0,0.7383309759547383,0.0,0.0,0,MOVING AWAY,False,0,🔒 NO OVERTAKE OPPORTUNITY,0,0.0,0,success
724,708,467,87,60,5220,5220.0,0.7383309759547383,0.0,0.0,0,MOVING AWAY,False,0,🔒 NO OVERTAKE OPPORTUNITY,0,0.0,0,success
725,704,465,92,63,5796,5335.2,0.7546251768033946,288.0,288.0,0,APPROACHING,True,0,🔒 NO OVERTAKE OPPORTUNITY,0,0.0,0,success
726,699,466,92,63,5796,5450.4,0.7709193776520509,288.0,288.0,1,APPROACHING,True,0,🔒 NO OVERTAKE OPPORTUNITY,0,0.0,0,success
727,693,466,92,63,5796,5565.6,0.7872135785007073,0.0,0.0,0,MOVING AWAY,False,0,🔒 NO OVERTAKE OPPORTUNITY,0,0.0,0,success
728,687,467,92,63,5796,5680.8,0.8035077793493636,0.0,0.0,0,MOVING AWAY,False,0,🔒 NO OVERTAKE OPPORTUNITY,0,0.0,0,success
729,679,466,96,67,6432,5923.2,0.8377934936350777,318.0,318.0,0,APPROACHING,True,0,🔒 NO OVERTAKE OPPORTUNITY,0,0.0,0,success
730,672,467,96,67,6432,6050.4,0.8557850070721358,318.0,318.0,1,APPROACHING,True,0,🔒 NO OVERTAKE OPPORTUNITY,0,0.0,0,success
731,669,467,96,67,6432,6177.6,0.8737765205091939,0.0,0.0,0,MOVING AWAY,False,0,🔒 NO OVERTAKE OPPORTUNITY,0,0.0,0,success
732,661,469,96,67,6432,6304.8,0.8917680339462518,0.0,0.0,0,MOVING AWAY,False,0,🔒 NO OVERTAKE OPPORTUNITY,0,0.0,0,success
733,656,469,96,67,6432,6432.0,0.9097595473833098,0.0,0.0,0,MOVING AWAY,False,0,🔒 NO OVERTAKE OPPORTUNITY,0,0.0,0,success
734,648,470,96,67,6432,6432.0,0.9097595473833098,0.0,0.0,0,MOVING AWAY,False,0,🔒 NO OVERTAKE OPPORTUNITY,0,0.0,0,success
735,644,471,96,67,6432,6432.0,0.9097595473833098,0.0,0.0,0,MOVING AWAY,False,0,🔒 NO OVERTAKE OPPORTUNITY,0,0.0,0,success
736,643,471,96,67,6432,6432.0,0.9097595473833098,0.0,0.0,0,MOVING AWAY,False,0,🔒 NO OVERTAKE OPPORTUNITY,0,0.0,0,success
737,633,472,96,67,6432,6432.0,0.9097595473833098,0.0,0.0,0,MOVING AWAY,False,0,🔒 NO OVERTAKE OPPORTUNITY,0,0.0,0,success
738,631,473,96,67,6432,6432.0,0.9097595473833098,0.0,0.0,0,MOVING AWAY,False,0,🔒 NO OVERTAKE OPPORTUNITY,0,0.0,0,success
739,623,473,96,67,6432,6432.0,0.9097595473833098,0.0,0.0,0,MOVING AWAY,False,0,🔒 NO OVERTAKE OPPORTUNITY,0,0.0,0,success
740,619,473,96,67,6432,6432.0,0.9097595473833098,0.0,0.0,0,MOVING AWAY,False,0,🔒 NO OVERTAKE OPPORTUNITY,0,0.0,0,success
741,613,472,96,67,6432,6432.0,0.9097595473833098,0.0,0.0,0,MOVING AWAY,False,0,🔒 NO OVERTAKE OPPORTUNITY,0,0.0,0,success
742,605,471,101,70,7070,6559.6,0.9278076379066479,319.0,319.0,0,APPROACHING,True,0,🔒 NO OVERTAKE OPPORTUNITY,0,0.0,0,success
743,599,472,101,70,7070,6687.2,0.9458557284299858,319.0,319.0,1,APPROACHING,True,0,🔒 NO OVERTAKE OPPORTUNITY,0,0.0,0,success
744,594,472,101,70,7070,6814.8,0.9639038189533239,0.0,0.0,0,MOVING AWAY,False,0,🔒 NO OVERTAKE OPPORTUNITY,0,0.0,0,success
745,588,472,101,70,7070,6942.4,0.9819519094766619,0.0,0.0,0,MOVING AWAY,False,0,🔒 NO OVERTAKE OPPORTUNITY,0,0.0,0,success
746,585,472,101,70,7070,7070.0,1.0,0.0,0.0,0,MOVING AWAY,False,0,🔒 NO OVERTAKE OPPORTUNITY,0,0.0,0,success
747,576,474,101,70,7070,7070.0,1.0,0.0,0.0,0,MOVING AWAY,False,0,🔒 NO OVERTAKE OPPORTUNITY,0,0.0,0,success
748,571,472,106,74,7844,7224.8,1.0218953323903819,387.0,387.0,0,APPROACHING,True,0,🔒 NO OVERTAKE OPPORTUNITY,0,0.0,0,success
749,564,475,101,70,7070,7224.8,1.0218953323903819,0.0,0.0,0,MOVING AWAY,False,0,🔒 NO OVERTAKE OPPORTUNITY,0,0.0,0,success
750,556,473,106,74,7844,7379.6,1.0437906647807638,0.0,0.0,0,MOVING AWAY,False,0,🔒 NO OVERTAKE OPPORTUNITY,0,0.0,0,success
751,557,476,101,70,7070,7379.6,1.0437906647807638,0.0,0.0,0,MOVING AWAY,False,0,🔒 NO OVERTAKE OPPORTUNITY,0,0.0,0,success
752,542,474,106,74,7844,7534.4,1.0656859971711456,0.0,0.0,0,MOVING AWAY,False,0,🔒 NO OVERTAKE OPPORTUNITY,0,0.0,0,success
753,543,477,101,70,7070,7379.6,1.0437906647807638,0.0,0.0,0,MOVING AWAY,False,0,🔒 NO OVERTAKE OPPORTUNITY,0,0.0,0,success
754,529,473,111,77,8547,7675.0,1.0855728429985856,351.5,351.5,0,APPROACHING,True,0,🔒 NO OVERTAKE OPPORTUNITY,0,0.0,0,success
755,530,476,106,74,7844,7675.0,1.0855728429985856,387.0,387.0,1,APPROACHING,True,0,🔒 NO OVERTAKE OPPORTUNITY,0,0.0,0,success
756,521,475,111,77,8547,7970.4,1.1273550212164074,0.0,0.0,0,MOVING AWAY,False,0,🔒 NO OVERTAKE OPPORTUNITY,0,0.0,0,success
757,516,476,111,77,8547,8111.0,1.1472418670438473,351.5,351.5,0,APPROACHING,True,0,🔒 NO OVERTAKE OPPORTUNITY,0,0.0,0,success
758,513,479,106,74,7844,8265.8,1.169137199434229,-351.5,0.0,0,MOVING AWAY,False,0,🔒 NO OVERTAKE OPPORTUNITY,0,0.0,0,success
759,504,478,111,77,8547,8265.8,1.169137199434229,0.0,0.0,0,MOVING AWAY,False,0,🔒 NO OVERTAKE OPPORTUNITY,0,0.0,0,success
760,498,480,111,77,8547,8406.4,1.189024045261669,351.5,351.5,0,APPROACHING,True,0,🔒 NO OVERTAKE OPPORTUNITY,0,0.0,0,success
761,493,478,117,81,9477,8592.4,1.2153323903818953,465.0,465.0,1,APPROACHING,True,1,🔒 NO OVERTAKE OPPORTUNITY,0,0.7666195190947688,0,success
762,488,482,111,77,8547,8592.4,1.2153323903818953,0.0,0.0,0,MOVING AWAY,False,2,🔒 NO OVERTAKE OPPORTUNITY,0,0.7666195190947688,0,success
763,481,480,117,81,9477,8919.0,1.2615275813295614,0.0,0.0,0,MOVING AWAY,False,3,🔒 NO OVERTAKE OPPORTUNITY,0,3.076379066478074,0,success
764,473,481,117,81,9477,9105.0,1.2878359264497878,465.0,465.0,0,APPROACHING,True,4,🔒 NO OVERTAKE OPPORTUNITY,0,4.391796322489394,0,success
765,471,482,117,81,9477,9291.0,1.3141442715700142,0.0,0.0,0,MOVING AWAY,False,6,🔒 NO OVERTAKE OPPORTUNITY,0,5.7072135785007125,0,success
766,465,479,123,85,10455,9486.6,1.3418104667609618,489.0,489.0,0,APPROACHING,True,10,👀 WATCHING FOR OVERTAKE,0,7.090523338048093,30,success
767,461,482,117,81,9477,9672.6,1.3681188118811882,0.0,0.0,0,MOVING AWAY,False,12,👀 WATCHING FOR OVERTAKE,0,8.405940594059413,0,success
768,457,482,117,81,9477,9672.6,1.3681188118811882,-489.0,0.0,0,MOVING AWAY,False,14,👀 WATCHING FOR OVERTAKE,0,8.405940594059413,0,success
769,451,482,117,81,9477,9672.6,1.3681188118811882,0.0,0.0,0,MOVING AWAY,False,16,👀 WATCHING FOR OVERTAKE,0,8.405940594059413,0,success
770,445,479,123,85,10455,9868.2,1.3957850070721358,489.0,489.0,0,APPROACHING,True,21,👀 WATCHING FOR OVERTAKE,0,9.789250353606791,30,success
771,442,479,123,85,10455,9868.2,1.3957850070721358,489.0,489.0,1,APPROACHING,True,25,📉 LOW OVERTAKE CHANCE,0,9.789250353606791,30,success
772,439,479,123,85,10455,10063.8,1.4234512022630834,0.0,0.0,0,MOVING AWAY,False,26,📉 LOW OVERTAKE CHANCE,0,11.172560113154171,0,success
773,433,477,129,89,11481,10464.6,1.4801414427157003,513.0,513.0,0,APPROACHING,True,30,📉 LOW OVERTAKE CHANCE,0,14.007072135785013,30,success
774,430,478,129,89,11481,10865.4,1.5368316831683169,513.0,513.0,1,APPROACHING,True,33,📉 LOW OVERTAKE CHANCE,0,1.2277227722772288,30,success
775,427,478,129,89,11481,11070.6,1.5658557284299859,0.0,0.0,0,MOVING AWAY,False,33,📉 LOW OVERTAKE CHANCE,0,2.1951909476661964,0,success
776,424,479,129,89,11481,11275.8,1.5948797736916547,0.0,0.0,0,MOVING AWAY,False,29,📉 LOW OVERTAKE CHANCE,0,3.162659123055156,0,success
777,411,478,135,94,12690,11722.8,1.658104667609618,604.5,604.5,0,APPROACHING,True,32,📉 LOW OVERTAKE CHANCE,0,5.2701555869872685,30,success
778,410,479,135,94,12690,11964.6,1.6923055162659124,604.5,604.5,1,APPROACHING,True,35,📉 LOW OVERTAKE CHANCE,0,6.4101838755304135,30,success
779,400,481,135,94,12690,12206.4,1.7265063649222065,0.0,0.0,0,MOVING AWAY,False,35,📉 LOW OVERTAKE CHANCE,0,7.550212164073551,0,success
780,397,481,135,94,12690,12448.2,1.760707213578501,0.0,0.0,0,MOVING AWAY,False,32,📉 LOW OVERTAKE CHANCE,0,8.690240452616697,0,success
781,395,481,135,94,12690,12690.0,1.7949080622347948,0.0,0.0,0,MOVING AWAY,False,29,📉 LOW OVERTAKE CHANCE,0,9.830268741159827,0,success
782,387,483,135,94,12690,12690.0,1.7949080622347948,0.0,0.0,0,MOVING AWAY,False,29,📉 LOW OVERTAKE CHANCE,0,9.830268741159827,0,success
783,383,480,142,98,13916,12935.2,1.8295898161244697,613.0,613.0,0,APPROACHING,True,29,📉 LOW OVERTAKE CHANCE,0,10.986327204148989,30,success
784,377,481,142,98,13916,13180.4,1.8642715700141441,613.0,613.0,1,APPROACHING,True,30,📉 LOW OVERTAKE CHANCE,0,12.142385667138138,30,success
785,376,481,142,98,13916,13425.6,1.898953323903819,0.0,0.0,0,MOVING AWAY,False,31,📉 LOW OVERTAKE CHANCE,0,13.298444130127299,0,success
786,372,481,142,98,13916,13670.8,1.9336350777934936,0.0,0.0,0,MOVING AWAY,False,32,📉 LOW OVERTAKE CHANCE,0,14.454502593116455,0,success
787,364,479,149,103,15347,14202.2,2.008797736916549,715.5,715.5,0,APPROACHING,True,33,📉 LOW OVERTAKE CHANCE,0,16.959924563884968,30,success
788,361,479,149,103,15347,14488.4,2.0492786421499294,715.5,715.5,1,APPROACHING,True,34,📉 LOW OVERTAKE CHANCE,0,18.309288071664312,30,success
789,357,479,149,103,15347,14774.6,2.0897595473833097,0.0,0.0,0,MOVING AWAY,False,35,📉 LOW OVERTAKE CHANCE,0,19.658651579443656,0,success
790,353,480,149,103,15347,15060.8,2.13024045261669,0.0,0.0,0,MOVING AWAY,False,36,📉 LOW OVERTAKE CHANCE,0,21.008015087223,0,success
791,351,480,149,103,15347,15347.0,2.170721357850071,0.0,0.0,0,MOVING AWAY,False,37,📉 LOW OVERTAKE CHANCE,0,22.357378595002363,0,success
792,343,477,157,109,17113,15700.2,2.2206789250353607,883.0,883.0,0,APPROACHING,True,41,📉 LOW OVERTAKE CHANCE,0,24.022630834512025,30,success
793,341,477,157,109,17113,16053.4,2.2706364922206506,883.0,883.0,1,APPROACHING,True,43,📉 LOW OVERTAKE CHANCE,0,25.687883074021684,30,success
794,334,475,165,114,18810,16746.0,2.3685997171145687,848.5,883.0,2,APPROACHING,True,46,⚡ MEDIUM OVERTAKE CHANCE,0,28.953323903818955,30,success
795,332,476,165,114,18810,17438.6,2.4665629420084865,848.5,883.0,3,APPROACHING,True,51,⚡ MEDIUM OVERTAKE CHANCE,0,32.21876473361622,30,success
796,332,476,165,114,18810,18131.2,2.5645261669024046,0.0,0.0,0,MOVING AWAY,False,54,⚡ MEDIUM OVERTAKE CHANCE,0,35.48420556341349,0,success
797,325,474,173,120,20760,18860.6,2.6676944837340875,975.0,975.0,0,APPROACHING,True,56,⚡ MEDIUM OVERTAKE CHANCE,0,38.923149457802914,30,success
798,329,477,165,114,18810,19200.0,2.7157001414427158,0.0,0.0,0,MOVING AWAY,False,55,⚡ MEDIUM OVERTAKE CHANCE,0,40.52333804809052,0,success
799,318,472,181,126,22806,19999.2,2.828741159830269,1023.0,1023.0,0,APPROACHING,True,60,⚡ MEDIUM OVERTAKE CHANCE,0,44.2913719943423,30,success
800,326,476,173,120,20760,20389.2,2.883903818953324,975.0,1023.0,1,APPROACHING,True,66,⚡ MEDIUM OVERTAKE CHANCE,0,46.13012729844413,30,success
801,324,476,173,120,20760,20779.2,2.9390664780763793,-1023.0,0.0,0,MOVING AWAY,False,68,⚡ MEDIUM OVERTAKE CHANCE,0,47.968882602545975,0,success
802,320,474,181,126,22806,21188.4,2.996944837340877,1023.0,1023.0,0,APPROACHING,True,71,🚀 HIGH OVERTAKE CHANCE!,0,49.898161244695906,30,success
803,326,478,173,120,20760,21578.4,3.0521074964639325,0.0,0.0,0,MOVING AWAY,False,70,🚀 HIGH OVERTAKE CHANCE!,0,50.0,0,success
804,320,474,181,126,22806,21578.4,3.0521074964639325,0.0,0.0,0,MOVING AWAY,False,69,⚡ MEDIUM OVERTAKE CHANCE,0,50.0,0,success
805,320,475,181,126,22806,21987.6,3.10998585572843,1023.0,1023.0,0,APPROACHING,True,69,⚡ MEDIUM OVERTAKE CHANCE,0,50.0,30,success
806,325,479,173,120,20760,21987.6,3.10998585572843,-1023.0,0.0,0,MOVING AWAY,False,71,🚀 HIGH OVERTAKE CHANCE!,0,50.0,0,success
807,316,475,181,126,22806,21987.6,3.10998585572843,0.0,0.0,0,MOVING AWAY,False,69,⚡ MEDIUM OVERTAKE CHANCE,0,50.0,0,success
808,317,477,181,126,22806,22396.8,3.1678642149929277,1023.0,1023.0,0,APPROACHING,True,73,🚀 HIGH OVERTAKE CHANCE!,0,50.0,30,success
809,314,478,181,126,22806,22396.8,3.1678642149929277,0.0,0.0,0,MOVING AWAY,False,71,🚀 HIGH OVERTAKE CHANCE!,0,50.0,0,success
810,312,479,181,126,22806,22396.8,3.1678642149929277,0.0,0.0,0,MOVING AWAY,False,68,⚡ MEDIUM OVERTAKE CHANCE,0,50.0,0,success
811,311,480,181,126,22806,22806.0,3.225742574257426,0.0,0.0,0,MOVING AWAY,False,68,⚡ MEDIUM OVERTAKE CHANCE,0,50.0,0,success
812,303,481,181,126,22806,22806.0,3.225742574257426,0.0,0.0,0,MOVING AWAY,False,66,⚡ MEDIUM OVERTAKE CHANCE,0,50.0,0,success
813,296,477,190,132,25080,23260.8,3.29007072135785,1137.0,1137.0,0,APPROACHING,True,69,⚡ MEDIUM OVERTAKE CHANCE,0,50.0,30,success
814,286,477,190,132,25080,23715.6,3.3543988684582744,1137.0,1137.0,1,APPROACHING,True,72,🚀 HIGH OVERTAKE CHANCE!,0,50.0,30,success
815,281,477,190,132,25080,24170.4,3.418727015558699,0.0,0.0,0,MOVING AWAY,False,69,⚡ MEDIUM OVERTAKE CHANCE,0,50.0,0,success
816,274,480,181,126,22806,24170.4,3.418727015558699,-1137.0,0.0,0,MOVING AWAY,False,69,⚡ MEDIUM OVERTAKE CHANCE,0,50.0,0,success
817,256,475,190,132,25080,24625.2,3.4830551626591233,0.0,0.0,0,MOVING AWAY,False,69,⚡ MEDIUM OVERTAKE CHANCE,0,50.0,0,success
818,252,475,190,132,25080,24625.2,3.4830551626591233,1137.0,1137.0,0,APPROACHING,True,69,⚡ MEDIUM OVERTAKE CHANCE,0,50.0,30,success
819,222,473,200,139,27800,25169.2,3.56,1360.0,1360.0,1,APPROACHING,True,72,🚀 HIGH OVERTAKE CHANCE!,0,50.0,30,success
820,207,474,200,139,27800,25713.2,3.6369448373408773,1360.0,1360.0,2,APPROACHING,True,76,🚀 HIGH OVERTAKE CHANCE!,0,50.0,30,success
821,195,474,200,139,27800,26712.0,3.778217821782178,0.0,0.0,0,MOVING AWAY,False,76,🚀 HIGH OVERTAKE CHANCE!,0,50.0,0,success
822,178,475,200,139,27800,27256.0,3.8551626591230552,0.0,0.0,0,MOVING AWAY,False,76,🚀 HIGH OVERTAKE CHANCE!,0,50.0,0,success
823,165,477,200,139,27800,27800.0,3.932107496463932,0.0,0.0,0,MOVING AWAY,False,73,🚀 HIGH OVERTAKE CHANCE!,0,50.0,0,success
824,131,480,200,139,27800,27800.0,3.932107496463932,0.0,0.0,0,MOVING AWAY,False,70,🚀 HIGH OVERTAKE CHANCE!,0,50.0,0,success
825,118,481,200,139,27800,27800.0,3.932107496463932,0.0,0.0,0,MOVING AWAY,False,70,🚀 HIGH OVERTAKE CHANCE!,0,50.0,0,success
826,102,479,210,146,30660,28372.0,4.013012729844413,1430.0,1430.0,0,APPROACHING,True,73,🚀 HIGH OVERTAKE CHANCE!,0,50.0,30,success
827,63,477,220,153,33660,29544.0,4.178783592644979,2930.0,2930.0,1,APPROACHING,True,76,🚀 HIGH OVERTAKE CHANCE!,0,50.0,30,success
828,59,484,210,146,30660,30116.0,4.259688826025459,0.0,0.0,0,MOVING AWAY,False,73,🚀 HIGH OVERTAKE CHANCE!,0,50.0,0,success
829,14,476,231,160,36960,31948.0,4.518811881188118,1650.0,1650.0,0,APPROACHING,True,73,🚀 HIGH OVERTAKE CHANCE!,0,50.0,30,success
830,2,472,243,168,40824,34552.8,4.887241867043848,5082.0,5082.0,1,APPROACHING,True,72,🚀 HIGH OVERTAKE CHANCE!,0,50.0,30,success
831,-13,473,243,168,40824,36585.6,5.174766619519095,1932.0,5082.0,2,APPROACHING,True,76,🚀 HIGH OVERTAKE CHANCE!,0,50.0,30,success
832,166,474,243,168,40824,38018.4,5.377425742574258,0.0,0.0,0,MOVING AWAY,False,76,🚀 HIGH OVERTAKE CHANCE!,0,50.0,0,success
833,147,475,243,168,40824,40051.2,5.664950495049505,0.0,0.0,0,MOVING AWAY,False,76,🚀 HIGH OVERTAKE CHANCE!,0,50.0,0,success
834,118,477,243,168,40824,40824.0,5.774257425742574,0.0,0.0,0,MOVING AWAY,False,76,🚀 HIGH OVERTAKE CHANCE!,0,50.0,0,success
835,79,474,255,177,45135,41686.2,5.896209335219236,2155.5,2155.5,0,APPROACHING,True,79,🚀 HIGH OVERTAKE CHANCE!,0,50.0,30,success
836,62,477,255,177,45135,42548.4,6.018161244695898,2155.5,2155.5,1,APPROACHING,True,79,🚀 HIGH OVERTAKE CHANCE!,0,50.0,30,success
837,15,473,268,186,49848,44353.2,6.273437057991513,2356.5,2356.5,2,APPROACHING,True,80,🚀 HIGH OVERTAKE CHANCE!,0,50.0,30,success
838,-8,469,281,195,54795,47147.4,6.668656294200849,4830.0,4830.0,3,APPROACHING,True,84,🚀 HIGH OVERTAKE CHANCE!,0,50.0,30,success
839,58,425,255,177,45135,48009.6,6.79060820367751,-2356.5,0.0,0,MOVING AWAY,False,81,🚀 HIGH OVERTAKE CHANCE!,0,50.0,0,success
840,267,305,231,160,36960,46374.6,6.5593493635077795,-8917.5,0.0,0,MOVING AWAY,False,78,🚀 HIGH OVERTAKE CHANCE!,0,50.0,0,success
841,243,302,243,168,40824,45512.4,6.437397454031117,-2155.5,0.0,0,MOVING AWAY,False,74,🚀 HIGH OVERTAKE CHANCE!,0,50.0,0,success
842,226,299,231,160,36960,42934.8,6.072814710042433,0.0,0.0,0,MOVING AWAY,False,74,🚀 HIGH OVERTAKE CHANCE!,0,50.0,0,success
843,220,298,220,153,33660,38707.8,5.474936350777935,-3582.0,0.0,0,MOVING AWAY,False,74,🚀 HIGH OVERTAKE CHANCE!,0,50.0,0,success
844,207,300,210,146,30660,35812.8,5.065459688826026,-3150.0,0.0,0,MOVING AWAY,False,74,🚀 HIGH OVERTAKE CHANCE!,0,50.0,0,success
845,201,302,200,139,27800,33980.8,4.806336633663367,-2930.0,0.0,0,MOVING AWAY,False,71,🚀 HIGH OVERTAKE CHANCE!,0,50.0,0,success
846,198,301,181,126,22806,30377.2,4.296633663366337,-3927.0,0.0,0,MOVING AWAY,False,68,⚡ MEDIUM OVERTAKE CHANCE,0,50.0,0,success
847,167,289,200,139,27800,28545.2,4.037510608203678,0.0,0.0,0,MOVING AWAY,False,64,⚡ MEDIUM OVERTAKE CHANCE,0,50.0,0,success
848,156,283,210,146,30660,27945.2,3.9526449787835927,3927.0,3927.0,0,APPROACHING,True,63,⚡ MEDIUM OVERTAKE CHANCE,0,50.0,30,success
849,139,265,231,160,36960,29205.2,4.130862800565771,4580.0,4580.0,1,APPROACHING,True,66,⚡ MEDIUM OVERTAKE CHANCE,0,50.0,30,success
850,144,265,231,160,36960,31037.2,4.38998585572843,3150.0,4580.0,2,APPROACHING,True,70,🚀 HIGH OVERTAKE CHANCE!,0,50.0,30,success
851,140,265,231,160,36960,33868.0,4.7903818953323904,0.0,0.0,0,MOVING AWAY,False,70,🚀 HIGH OVERTAKE CHANCE!,0,50.0,0,success
852,129,261,220,153,33660,35040.0,4.956152758132956,-1650.0,0.0,0,MOVING AWAY,False,70,🚀 HIGH OVERTAKE CHANCE!,0,50.0,0,success
853,120,261,220,153,33660,35640.0,5.041018387553041,-1650.0,0.0,0,MOVING AWAY,False,70,🚀 HIGH OVERTAKE CHANCE!,0,50.0,0,success
854,101,261,220,153,33660,34980.0,4.947666195190948,0.0,0.0,0,MOVING AWAY,False,70,🚀 HIGH OVERTAKE CHANCE!,0,50.0,0,success
855,95,260,220,153,33660,34320.0,4.854314002828854,0.0,0.0,0,MOVING AWAY,False,70,🚀 HIGH OVERTAKE CHANCE!,0,50.0,0,success
856,88,264,210,146,30660,33060.0,4.676096181046676,-1500.0,0.0,0,MOVING AWAY,False,70,🚀 HIGH OVERTAKE CHANCE!,0,50.0,0,success
857,66,264,210,146,30660,32460.0,4.591230551626591,-1500.0,0.0,0,MOVING AWAY,False,70,🚀 HIGH OVERTAKE CHANCE!,0,50.0,0,success
858,50,261,220,153,33660,32460.0,4.591230551626591,1500.0,1500.0,0,APPROACHING,True,70,🚀 HIGH OVERTAKE CHANCE!,0,50.0,30,success
859,29,255,243,168,40824,33892.8,4.793889674681754,5082.0,5082.0,1,APPROACHING,True,70,🚀 HIGH OVERTAKE CHANCE!,0,50.0,30,success
860,19,252,255,177,45135,36187.8,5.118500707213579,5737.5,5737.5,2,APPROACHING,True,70,🚀 HIGH OVERTAKE CHANCE!,0,50.0,30,success
861,16,253,255,177,45135,39082.8,5.527977369165488,2155.5,5737.5,3,APPROACHING,True,74,🚀 HIGH OVERTAKE CHANCE!,0,50.0,30,success
862,-2,252,255,177,45135,41977.8,5.937454031117398,0.0,0.0,0,MOVING AWAY,False,74,🚀 HIGH OVERTAKE CHANCE!,0,50.0,0,success
863,-5,252,255,177,45135,44272.8,6.2620650636492226,0.0,0.0,0,MOVING AWAY,False,74,🚀 HIGH OVERTAKE CHANCE!,0,50.0,0,success
864,-7,253,243,168,40824,44272.8,6.2620650636492226,-2155.5,0.0,0,MOVING AWAY,False,74,🚀 HIGH OVERTAKE CHANCE!,0,50.0,0,success
865,164,141,243,168,40824,43410.6,6.1401131541725595,-2155.5,0.0,0,MOVING AWAY,False,74,🚀 HIGH OVERTAKE CHANCE!,0,50.0,0,success
866,164,141,243,168,40824,42548.4,6.018161244695898,0.0,0.0,0,MOVING AWAY,False,74,🚀 HIGH OVERTAKE CHANCE!,0,50.0,0,success
867,178,150,220,153,33660,40253.4,5.693550212164074,-3582.0,0.0,0,MOVING AWAY,False,74,🚀 HIGH OVERTAKE CHANCE!,0,50.0,0,success
868,173,151,220,153,33660,37958.4,5.368939179632249,-3582.0,0.0,0,MOVING AWAY,False,71,🚀 HIGH OVERTAKE CHANCE!,0,50.0,0,success
869,172,151,220,153,33660,36525.6,5.166280056577086,0.0,0.0,0,MOVING AWAY,False,68,⚡ MEDIUM OVERTAKE CHANCE,0,50.0,0,success
870,166,147,231,160,36960,35752.8,5.056973125884017,1650.0,1650.0,0,APPROACHING,True,67,⚡ MEDIUM OVERTAKE CHANCE,0,50.0,30,success
871,165,144,243,168,40824,35752.8,5.056973125884017,3582.0,3582.0,1,APPROACHING,True,66,⚡ MEDIUM OVERTAKE CHANCE,0,50.0,30,success
872,173,148,231,160,36960,36412.8,5.150325318246111,0.0,0.0,0,MOVING AWAY,False,66,⚡ MEDIUM OVERTAKE CHANCE,0,50.0,0,success
873,167,147,231,160,36960,37072.8,5.2436775106082045,-1932.0,0.0,0,MOVING AWAY,False,66,⚡ MEDIUM OVERTAKE CHANCE,0,50.0,0,success
874,159,141,243,168,40824,38505.6,5.446336633663366,1932.0,1932.0,0,APPROACHING,True,69,⚡ MEDIUM OVERTAKE CHANCE,0,50.0,30,success
875,161,134,255,177,45135,40140.6,5.677595473833097,4087.5,4087.5,1,APPROACHING,True,72,🚀 HIGH OVERTAKE CHANCE!,0,50.0,30,success
876,162,134,255,177,45135,41002.8,5.79954738330976,2155.5,4087.5,2,APPROACHING,True,76,🚀 HIGH OVERTAKE CHANCE!,0,50.0,30,success
877,157,138,255,177,45135,42637.8,6.030806223479491,0.0,0.0,0,MOVING AWAY,False,76,🚀 HIGH OVERTAKE CHANCE!,0,50.0,0,success
878,158,137,255,177,45135,44272.8,6.2620650636492226,0.0,0.0,0,MOVING AWAY,False,76,🚀 HIGH OVERTAKE CHANCE!,0,50.0,0,success
879,147,138,268,186,49848,46077.6,6.5173408769448375,2356.5,2356.5,0,APPROACHING,True,79,🚀 HIGH OVERTAKE CHANCE!,0,50.0,30,success
880,146,132,281,195,54795,48009.6,6.79060820367751,4830.0,4830.0,1,APPROACHING,True,79,🚀 HIGH OVERTAKE CHANCE!,0,50.0,30,success
881,146,133,281,195,54795,49941.6,7.063875530410184,2473.5,4830.0,2,APPROACHING,True,80,🚀 HIGH OVERTAKE CHANCE!,0,50.0,30,success
882,150,141,268,186,49848,50884.2,7.1971994342291365,-2473.5,0.0,0,MOVING AWAY,False,80,🚀 HIGH OVERTAKE CHANCE!,0,50.0,0,success
883,138,138,281,195,54795,52816.2,7.47046676096181,0.0,0.0,0,MOVING AWAY,False,80,🚀 HIGH OVERTAKE CHANCE!,0,50.0,0,success
884,136,139,281,195,54795,53805.6,7.61041018387553,2473.5,2473.5,0,APPROACHING,True,80,🚀 HIGH OVERTAKE CHANCE!,0,50.0,30,success
885,135,139,281,195,54795,53805.6,7.61041018387553,0.0,0.0,0,MOVING AWAY,False,77,🚀 HIGH OVERTAKE CHANCE!,0,50.0,0,success
886,127,135,295,205,60475,54941.6,7.771089108910891,2840.0,2840.0,0,APPROACHING,True,76,🚀 HIGH OVERTAKE CHANCE!,0,50.0,30,success
887,124,140,295,205,60475,57067.0,8.07171145685997,2840.0,2840.0,1,APPROACHING,True,79,🚀 HIGH OVERTAKE CHANCE!,0,50.0,30,success
888,118,145,295,205,60475,58203.0,8.232390381895332,0.0,0.0,0,MOVING AWAY,False,79,🚀 HIGH OVERTAKE CHANCE!,0,50.0,0,success
889,109,152,295,205,60475,59339.0,8.393069306930693,0.0,0.0,0,MOVING AWAY,False,76,🚀 HIGH OVERTAKE CHANCE!,0,50.0,0,success
890,96,150,310,215,66650,61710.0,8.728429985855728,3087.5,3087.5,0,APPROACHING,True,76,🚀 HIGH OVERTAKE CHANCE!,0,50.0,30,success
